group,run_id,session,market,seed,period,state,info,side,discovery,n_trades,true_state_belief,price_basis_share,E_pct,TE_pct,insider_profit,uninformed_profit,insider_advantage_pct
control,m7_ctrl_42,0,A,42,1,X,none,,,19,0.5893055555555555,0.4857142857142857,98.5576923076923,64.84375,,,
control,m7_ctrl_42,0,A,42,2,X,none,,,18,0.5741111111111111,0.6388888888888888,98.33333333333333,59.375,,,
control,m7_ctrl_42,0,A,42,3,X,none,,,26,0.6208333333333332,0.7714285714285715,98.23717948717949,57.03125,,,
control,m7_ctrl_42,0,A,42,4,X,none,,,28,0.6702222222222223,0.75,97.40384615384616,36.71875,,,
control,m7_ctrl_42,0,A,42,5,Y,insider,seller,0.695,23,0.6266666666666666,0.7777777777777778,86.71875,20.3125,517.1666666666666,37.833333333333336,1366.9603524229074
control,m7_ctrl_42,0,A,42,6,X,insider,buyer,0.104,17,0.7347222222222222,0.9444444444444444,92.93981481481481,23.75,804.6666666666666,533.6666666666666,150.78076202373515
control,m7_ctrl_42,0,A,42,7,Y,insider,seller,0.013,19,0.36627777777777776,0.7777777777777778,77.08333333333333,-37.5,517.5,-24.166666666666668,-2141.3793103448274
control,m7_ctrl_42,0,A,42,8,X,insider,buyer,0.212,20,0.7227777777777777,0.7777777777777778,94.21296296296296,37.5,777.6666666666666,579.0,134.31203223949336
control,m7_ctrl_42,0,A,42,9,Y,insider,seller,0.238,10,0.49600000000000005,0.7222222222222222,85.41666666666667,12.5,382.8333333333333,163.83333333333334,233.6724313326551
control,m7_ctrl_42,0,A,42,10,Y,insider,,,0,0.6555555555555556,0.4444444444444444,83.33333333333333,0.0,266.6666666666667,266.6666666666667,100.0
control,m7_ctrl_42,0,A,42,11,X,insider,buyer,0.368,22,0.7694444444444444,0.8888888888888888,96.18055555555556,58.75,795.0,590.0,134.74576271186442
control,m7_ctrl_42,0,A,42,12,X,insider,buyer,0.74,25,0.7216666666666667,0.8888888888888888,99.65277777777777,96.25,763.5,671.5,113.7006701414743
control,m7_ctrl_42,0,A,42,13,X,insider,buyer,0.679,24,0.7083333333333334,0.8333333333333334,95.94907407407408,56.25,750.0,631.6666666666666,118.7335092348285
control,m7_ctrl_42,0,A,42,14,X,none,,,21,0.6055277777777778,0.4722222222222222,99.00641025641026,75.78125,,,
control,m7_ctrl_43,0,A,43,1,Y,none,,,6,0.4143055555555556,0.3888888888888889,95.7051282051282,-4.6875,,,
control,m7_ctrl_43,0,A,43,2,X,none,,,18,0.6166555555555555,0.5277777777777778,99.2948717948718,82.8125,,,
control,m7_ctrl_43,0,A,43,3,X,none,,,24,0.6295,0.6666666666666666,95.1923076923077,-17.1875,,,
control,m7_ctrl_43,0,A,43,4,Y,none,,,29,0.2667777777777778,0.9166666666666666,94.07051282051282,-44.53125,,,
control,m7_ctrl_43,0,A,43,5,X,insider,buyer,0.148,18,0.6372222222222221,0.5882352941176471,94.9074074074074,45.0,828.1666666666666,538.5,153.79139585267717
control,m7_ctrl_43,0,A,43,6,X,insider,buyer,0.414,21,0.6519444444444444,0.7222222222222222,96.18055555555556,58.75,791.8333333333334,593.1666666666666,133.49255408822705
control,m7_ctrl_43,0,A,43,7,X,insider,buyer,0.378,20,0.75,0.8888888888888888,95.48611111111111,51.25,782.5,592.5,132.06751054852322
control,m7_ctrl_43,0,A,43,8,X,insider,buyer,0.45,23,0.7563888888888889,0.7777777777777778,96.875,66.25,785.0,610.0,128.68852459016392
control,m7_ctrl_43,0,A,43,9,X,insider,buyer,0.468,22,0.7766666666666667,1.0,97.22222222222223,70.0,777.5,622.5,124.8995983935743
control,m7_ctrl_43,0,A,43,10,Y,insider,seller,0.892,21,0.6633333333333333,0.7058823529411765,96.09375,76.5625,415.8333333333333,199.16666666666666,208.78661087866107
control,m7_ctrl_43,0,A,43,11,Y,insider,seller,0.605,22,0.6556833333333334,0.8333333333333334,75.0,-50.0,400.0,80.0,500.0
control,m7_ctrl_43,0,A,43,12,X,insider,buyer,0.568,21,0.7883333333333333,0.7777777777777778,97.56944444444444,73.75,771.3333333333334,633.6666666666666,121.72540768016836
control,m7_ctrl_43,0,A,43,13,Y,insider,seller,0.746,16,0.6776666666666666,0.8333333333333334,92.70833333333333,56.25,366.6666666666667,226.66666666666666,161.76470588235296
control,m7_ctrl_43,0,A,43,14,Y,none,,,23,0.3952777777777778,0.5555555555555556,98.97435897435898,75.0,,,
control,m7_ctrl_44,0,A,44,1,X,none,,,9,0.6088888888888888,0.3611111111111111,98.07692307692308,53.125,,,
control,m7_ctrl_44,0,A,44,2,Y,none,,,18,0.38331944444444443,0.5,97.91666666666667,49.21875,,,
control,m7_ctrl_44,0,A,44,3,X,none,,,17,0.5905555555555555,0.3888888888888889,98.5576923076923,64.84375,,,
control,m7_ctrl_44,0,A,44,4,Y,none,,,14,0.40111111111111114,0.5,97.1474358974359,30.46875,,,
control,m7_ctrl_44,0,A,44,5,X,insider,buyer,0.086,13,0.6816666666666666,0.6666666666666666,89.00462962962963,-18.75,748.0,533.6666666666666,140.16239850093692
control,m7_ctrl_44,0,A,44,6,X,insider,buyer,0.111,18,0.7524444444444445,0.8888888888888888,92.47685185185185,18.75,795.5,536.1666666666666,148.3680447622008
control,m7_ctrl_44,0,A,44,7,X,insider,buyer,0.326,27,0.7833333333333333,0.9444444444444444,95.37037037037037,50.0,800.6666666666666,572.6666666666666,139.81373690337603
control,m7_ctrl_44,0,A,44,8,X,insider,buyer,0.167,12,0.7647222222222223,0.8888888888888888,92.01388888888889,13.75,711.5,613.5,115.97392013039935
control,m7_ctrl_44,0,A,44,9,X,insider,buyer,0.557,25,0.8066666666666666,0.9444444444444444,97.91666666666667,77.5,786.1666666666666,623.8333333333334,126.0219075607801
control,m7_ctrl_44,0,A,44,10,X,insider,buyer,0.381,26,0.7694444444444444,0.8888888888888888,96.52777777777777,62.5,781.6666666666666,608.3333333333334,128.4931506849315
control,m7_ctrl_44,0,A,44,11,Y,insider,seller,-0.385,19,0.33872222222222226,0.9444444444444444,79.42708333333333,-23.4375,565.3333333333334,-57.0,-991.812865497076
control,m7_ctrl_44,0,A,44,12,X,insider,buyer,0.5,18,0.6777777777777777,0.7058823529411765,95.13888888888889,47.5,743.3333333333334,626.6666666666666,118.61702127659576
control,m7_ctrl_44,0,A,44,13,Y,insider,seller,0.665,23,0.6633333333333333,0.5,96.09375,76.5625,403.3333333333333,211.66666666666666,190.5511811023622
control,m7_ctrl_44,0,A,44,14,X,none,,,0,0.6,0.0,95.8974358974359,0.0,,,
control,m7_ctrl_45,0,A,45,1,X,none,,,14,0.6202777777777777,0.6111111111111112,97.37179487179488,35.9375,,,
control,m7_ctrl_45,0,A,45,2,Y,none,,,19,0.3771583333333333,0.5,97.88461538461539,48.4375,,,
control,m7_ctrl_45,0,A,45,3,Y,none,,,23,0.5347222222222222,0.5,96.7948717948718,21.875,,,
control,m7_ctrl_45,0,A,45,4,X,none,,,15,0.435,0.7222222222222222,94.74358974358974,-28.125,,,
control,m7_ctrl_45,0,A,45,5,X,insider,buyer,0.266,25,0.7122222222222222,0.7777777777777778,96.41203703703704,61.25,845.0,543.3333333333334,155.52147239263803
control,m7_ctrl_45,0,A,45,6,X,insider,buyer,0.003,13,0.6797222222222222,0.6666666666666666,90.74074074074075,0.0,761.1666666666666,545.5,139.53559425603422
control,m7_ctrl_45,0,A,45,7,Y,insider,seller,0.925,25,0.6677777777777778,0.7222222222222222,88.28125,29.6875,458.8333333333333,106.16666666666667,432.182103610675
control,m7_ctrl_45,0,A,45,8,X,insider,buyer,0.395,19,0.7277777777777777,0.8333333333333334,96.18055555555556,58.75,786.6666666666666,598.3333333333334,131.47632311977713
control,m7_ctrl_45,0,A,45,9,Y,insider,seller,1.012,21,0.6761111111111111,0.8333333333333334,89.0625,34.375,425.1666666666667,144.83333333333334,293.5558112773303
control,m7_ctrl_45,0,A,45,10,Y,insider,seller,1.21,26,0.7460555555555556,0.8333333333333334,91.40625,48.4375,329.8333333333333,255.16666666666666,129.26192031352056
control,m7_ctrl_45,0,A,45,11,Y,insider,seller,0.952,29,0.6783333333333333,0.8888888888888888,96.09375,76.5625,407.3333333333333,207.66666666666666,196.1476725521669
control,m7_ctrl_45,0,A,45,12,Y,insider,seller,0.864,18,0.7351666666666667,0.8888888888888888,84.63541666666667,7.8125,346.8333333333333,194.83333333333334,178.01539777587678
control,m7_ctrl_45,0,A,45,13,X,insider,buyer,-0.512,15,0.5498888888888889,0.7777777777777778,89.81481481481481,-10.0,856.3333333333334,437.0,195.95728451563693
control,m7_ctrl_45,0,A,45,14,Y,none,,,15,0.426,0.8333333333333334,94.42307692307692,-35.9375,,,
control,m8_ctrl_42,0,B,42,1,X,none,,,17,0.5801388888888889,0.25,97.5,25.0,,,
control,m8_ctrl_42,0,B,42,2,X,none,,,23,0.5818333333333333,0.7222222222222222,99.02777777777777,70.83333333333333,,,
control,m8_ctrl_42,0,B,42,3,X,none,,,19,0.622425,0.5833333333333334,99.30555555555556,79.16666666666667,,,
control,m8_ctrl_42,0,B,42,4,X,none,,,26,0.5777777777777778,0.6666666666666666,98.47222222222223,54.166666666666664,,,
control,m8_ctrl_42,0,B,42,5,Y,insider,seller,0.009,22,0.305,0.4444444444444444,87.08333333333333,35.416666666666664,598.3333333333334,98.33333333333333,608.4745762711865
control,m8_ctrl_42,0,B,42,6,Y,insider,seller,0.187,25,0.3990944444444444,0.6470588235294118,89.16666666666667,45.833333333333336,578.1666666666666,135.16666666666666,427.7435265104809
control,m8_ctrl_42,0,B,42,7,X,insider,buyer,0.0,12,0.6177777777777778,0.5,93.4375,-12.5,895.0,600.0,149.16666666666666
control,m8_ctrl_42,0,B,42,8,X,insider,buyer,0.522,18,0.6833333333333333,0.6666666666666666,97.29166666666667,53.57142857142857,860.8333333333334,695.8333333333334,123.7125748502994
control,m8_ctrl_42,0,B,42,9,X,insider,buyer,0.53,23,0.8116666666666666,0.8888888888888888,97.5,57.142857142857146,873.0,687.0,127.07423580786026
control,m8_ctrl_42,0,B,42,10,X,insider,buyer,0.619,23,0.7822222222222223,0.8333333333333334,97.91666666666667,64.28571428571429,837.6666666666666,729.0,114.90626428898032
control,m8_ctrl_42,0,B,42,11,X,insider,buyer,0.645,24,0.7523888888888889,0.7777777777777778,98.85416666666667,80.35714285714286,826.6666666666666,755.0,109.49227373068432
control,m8_ctrl_42,0,B,42,12,X,insider,buyer,0.836,19,0.8705555555555555,0.9444444444444444,100.0,100.0,811.3333333333334,788.6666666666666,102.8740490278952
control,m8_ctrl_42,0,B,42,13,Y,insider,seller,0.376,20,0.49927777777777776,0.6666666666666666,89.58333333333333,47.916666666666664,560.1666666666666,156.5,357.9339723109691
control,m8_ctrl_42,0,B,42,14,Y,none,,,16,0.3590277777777778,0.5428571428571428,96.66666666666667,0.0,,,
control,m8_ctrl_43,0,B,43,1,X,none,,,18,0.5791111111111111,0.4722222222222222,99.16666666666667,75.0,,,
control,m8_ctrl_43,0,B,43,2,X,none,,,13,0.6118888888888888,0.5555555555555556,97.91666666666667,37.5,,,
control,m8_ctrl_43,0,B,43,3,X,none,,,27,0.6360833333333333,0.5,98.47222222222223,54.166666666666664,,,
control,m8_ctrl_43,0,B,43,4,X,none,,,29,0.6907611111111112,0.75,96.11111111111111,-16.666666666666668,,,
control,m8_ctrl_43,0,B,43,5,Y,insider,seller,0.48,24,0.46888888888888886,0.7777777777777778,86.25,31.25,608.6666666666666,81.33333333333333,748.360655737705
control,m8_ctrl_43,0,B,43,6,Y,insider,seller,0.725,32,0.6313,0.8888888888888888,96.66666666666667,83.33333333333333,546.0,227.33333333333334,240.17595307917887
control,m8_ctrl_43,0,B,43,7,X,insider,buyer,0.419,16,0.6923888888888888,1.0,96.45833333333333,39.285714285714285,856.6666666666666,686.6666666666666,124.75728155339804
control,m8_ctrl_43,0,B,43,8,X,insider,buyer,0.453,21,0.7227777777777777,0.7777777777777778,97.5,57.142857142857146,876.6666666666666,683.3333333333334,128.29268292682926
control,m8_ctrl_43,0,B,43,9,X,insider,buyer,0.342,25,0.7533333333333334,0.7777777777777778,97.29166666666667,53.57142857142857,878.5,678.1666666666666,129.54042762349474
control,m8_ctrl_43,0,B,43,10,X,insider,buyer,0.514,22,0.8311111111111111,1.0,96.77083333333333,44.642857142857146,842.1666666666666,706.1666666666666,119.25890960585319
control,m8_ctrl_43,0,B,43,11,X,insider,buyer,0.734,21,0.8177777777777778,0.7777777777777778,98.95833333333333,82.14285714285714,823.8333333333334,759.5,108.47048496818083
control,m8_ctrl_43,0,B,43,12,X,insider,buyer,0.603,20,0.8558333333333333,1.0,97.08333333333333,50.0,819.5,733.8333333333334,111.67385873268226
control,m8_ctrl_43,0,B,43,13,Y,insider,seller,0.161,25,0.40535000000000004,0.7222222222222222,81.25,6.25,600.3333333333334,49.666666666666664,1208.7248322147652
control,m8_ctrl_43,0,B,43,14,X,none,,,20,0.5503138888888889,0.5555555555555556,98.19444444444444,45.833333333333336,,,
control,m8_ctrl_44,0,B,44,1,X,none,,,5,0.605,0.4166666666666667,96.94444444444444,8.333333333333334,,,
control,m8_ctrl_44,0,B,44,2,Y,none,,,29,0.35739722222222226,0.8055555555555556,99.16666666666667,75.0,,,
control,m8_ctrl_44,0,B,44,3,Y,none,,,20,0.41352777777777777,0.6285714285714286,100.0,100.0,,,
control,m8_ctrl_44,0,B,44,4,X,none,,,17,0.5502777777777778,0.7222222222222222,97.36111111111111,20.833333333333332,,,
control,m8_ctrl_44,0,B,44,5,X,insider,buyer,0.008,12,0.6072222222222222,0.3888888888888889,95.20833333333333,17.857142857142858,921.6666666666666,601.6666666666666,153.18559556786704
control,m8_ctrl_44,0,B,44,6,Y,insider,seller,0.13,9,0.4706666666666666,0.8888888888888888,81.66666666666667,8.333333333333334,412.6666666666667,240.66666666666666,171.46814404432135
control,m8_ctrl_44,0,B,44,7,Y,insider,seller,0.37,2,0.6572222222222223,0.6666666666666666,80.41666666666667,2.0833333333333335,336.0,307.3333333333333,109.32754880694144
control,m8_ctrl_44,0,B,44,8,Y,insider,seller,0.895,13,0.6902777777777778,0.7777777777777778,88.75,43.75,393.6666666666667,316.3333333333333,124.44678609062173
control,m8_ctrl_44,0,B,44,9,X,insider,buyer,0.502,19,0.7622222222222222,0.8888888888888888,97.91666666666667,64.28571428571429,867.0,699.6666666666666,123.91615054787995
control,m8_ctrl_44,0,B,44,10,Y,insider,seller,0.628,10,0.6761111111111111,0.6111111111111112,83.33333333333333,16.666666666666668,391.0,275.6666666666667,141.8379685610641
control,m8_ctrl_44,0,B,44,11,X,insider,buyer,0.247,24,0.7251666666666666,0.7777777777777778,97.70833333333333,60.714285714285715,938.0,625.3333333333334,150.0
control,m8_ctrl_44,0,B,44,12,Y,insider,seller,0.134,7,0.6116666666666667,0.7222222222222222,80.83333333333333,4.166666666666667,394.1666666666667,252.5,156.10561056105612
control,m8_ctrl_44,0,B,44,13,Y,insider,seller,0.446,17,0.5994444444444444,0.7222222222222222,79.58333333333333,-2.0833333333333335,520.6666666666666,116.0,448.85057471264366
control,m8_ctrl_44,0,B,44,14,X,none,,,25,0.4206944444444444,0.7222222222222222,98.33333333333333,50.0,,,
disclosed,m7_disc_42,0,A,42,1,X,none,,,13,0.5174722222222221,0.4722222222222222,95.86538461538461,-0.78125,,,
disclosed,m7_disc_42,0,A,42,2,X,none,,,13,0.6575,0.5833333333333334,98.5576923076923,64.84375,,,
disclosed,m7_disc_42,0,A,42,3,X,none,,,28,0.7908333333333333,0.9166666666666666,97.33974358974359,35.15625,,,
disclosed,m7_disc_42,0,A,42,4,X,none,,,19,0.5073888888888889,0.8611111111111112,97.17948717948718,31.25,,,
disclosed,m7_disc_42,0,A,42,5,Y,insider,seller,0.298,17,0.4378611111111111,0.7222222222222222,84.89583333333333,9.375,460.0,83.33333333333333,552.0
disclosed,m7_disc_42,0,A,42,6,X,insider,buyer,0.376,19,0.7327777777777778,0.8823529411764706,95.48611111111111,51.25,780.1666666666666,594.8333333333334,131.15718688708318
disclosed,m7_disc_42,0,A,42,7,Y,insider,seller,-0.387,22,0.26666666666666666,0.8333333333333334,71.35416666666667,-71.875,597.1666666666666,-140.5,-425.0296559905101
disclosed,m7_disc_42,0,A,42,8,X,insider,buyer,0.399,18,0.6583333333333333,0.8333333333333334,95.13888888888889,47.5,770.0,600.0,128.33333333333334
disclosed,m7_disc_42,0,A,42,9,Y,insider,seller,0.104,8,0.5477777777777777,0.6111111111111112,80.20833333333333,-18.75,383.0,130.33333333333334,293.8618925831202
disclosed,m7_disc_42,0,A,42,10,Y,insider,seller,0.503,3,0.633888888888889,0.6666666666666666,82.8125,-3.125,280.1666666666667,249.83333333333334,112.14142761841228
disclosed,m7_disc_42,0,A,42,11,X,insider,buyer,0.17,20,0.6417777777777778,0.7777777777777778,95.37037037037037,50.0,815.0,558.3333333333334,145.97014925373134
disclosed,m7_disc_42,0,A,42,12,X,insider,buyer,0.282,21,0.7361111111111112,0.7777777777777778,96.52777777777777,62.5,819.0,571.0,143.4325744308231
disclosed,m7_disc_42,0,A,42,13,X,insider,buyer,0.524,17,0.755,0.8333333333333334,95.83333333333333,55.0,738.8333333333334,641.1666666666666,115.23264881726023
disclosed,m7_disc_42,0,A,42,14,X,none,,,22,0.8358333333333333,0.8611111111111112,99.67948717948718,92.1875,,,
disclosed,m8_disc_42,0,B,42,1,X,none,,,19,0.5639722222222222,0.5277777777777778,98.75,62.5,,,
disclosed,m8_disc_42,0,B,42,2,X,none,,,24,0.6329444444444445,0.6666666666666666,98.33333333333333,50.0,,,
disclosed,m8_disc_42,0,B,42,3,X,none,,,30,0.72925,0.8055555555555556,96.11111111111111,-16.666666666666668,,,
disclosed,m8_disc_42,0,B,42,4,X,none,,,18,0.7888888888888889,0.9166666666666666,96.11111111111111,-16.666666666666668,,,
disclosed,m8_disc_42,0,B,42,5,Y,insider,seller,0.624,23,0.5836111111111112,0.8333333333333334,81.66666666666667,8.333333333333334,539.6666666666666,113.66666666666667,474.78005865102637
disclosed,m8_disc_42,0,B,42,6,Y,insider,seller,1.009,23,0.6155555555555555,0.9444444444444444,95.41666666666667,77.08333333333333,543.5,219.83333333333334,247.2327520849128
disclosed,m8_disc_42,0,B,42,7,X,insider,buyer,0.448,20,0.8231666666666667,1.0,96.66666666666667,42.857142857142854,844.1666666666666,702.5,120.16607354685645
disclosed,m8_disc_42,0,B,42,8,X,insider,buyer,0.448,21,0.8433333333333333,0.9444444444444444,97.5,57.142857142857146,838.8333333333334,721.1666666666666,116.31615437947772
disclosed,m8_disc_42,0,B,42,9,X,insider,buyer,0.557,28,0.7847222222222222,1.0,97.5,57.142857142857146,872.5,687.5,126.9090909090909
disclosed,m8_disc_42,0,B,42,10,X,insider,buyer,0.758,24,0.8500000000000001,0.8888888888888888,98.54166666666667,75.0,822.8333333333334,753.8333333333334,109.15321689144373
disclosed,m8_disc_42,0,B,42,11,X,insider,buyer,0.871,22,0.8455555555555555,0.8888888888888888,100.0,100.0,815.1666666666666,784.8333333333334,103.86493947759608
disclosed,m8_disc_42,0,B,42,12,X,insider,buyer,0.808,26,0.785461111111111,1.0,100.0,100.0,843.5,756.5,111.50033046926636
disclosed,m8_disc_42,0,B,42,13,Y,insider,seller,-0.088,23,0.19611111111111112,1.0,77.91666666666667,-10.416666666666666,588.8333333333334,34.5,1706.7632850241546
disclosed,m8_disc_42,0,B,42,14,Y,none,,,22,0.45926944444444445,0.5833333333333334,98.33333333333333,50.0,,,
ladder1b,m7_lad1b_42,0,A,42,1,X,none,,,19,0.5819444444444444,0.4444444444444444,98.23717948717949,57.03125,,,
ladder1b,m7_lad1b_42,0,A,42,2,X,none,,,20,0.6312500000000001,0.6111111111111112,97.98076923076923,50.78125,,,
ladder1b,m7_lad1b_42,0,A,42,3,X,none,,,14,0.669861111111111,0.5,95.8974358974359,0.0,,,
ladder1b,m7_lad1b_42,0,A,42,4,X,none,,,17,0.7158333333333333,0.6944444444444444,95.67307692307692,-5.46875,,,
ladder1b,m7_lad1b_42,0,A,42,5,Y,insider,seller,-0.019,14,0.2038888888888889,0.7222222222222222,81.25,-12.5,523.5,-3.5,-14957.142857142857
ladder1b,m7_lad1b_42,0,A,42,6,X,insider,buyer,0.071,12,0.6055555555555556,0.35294117647058826,91.43518518518519,7.5,782.5,534.1666666666666,146.48985959438377
ladder1b,m7_lad1b_42,0,A,42,7,Y,insider,seller,0.109,12,0.47500000000000003,0.2222222222222222,77.86458333333333,-32.8125,433.6666666666667,64.66666666666667,670.6185567010309
ladder1b,m7_lad1b_42,0,A,42,8,X,insider,buyer,0.137,15,0.7416666666666667,0.7222222222222222,92.93981481481481,23.75,761.6666666666666,576.6666666666666,132.08092485549133
ladder1b,m7_lad1b_42,0,A,42,9,Y,insider,seller,0.191,24,0.40555555555555556,0.8888888888888888,78.64583333333333,-28.125,470.3333333333333,33.0,1425.2525252525252
ladder1b,m7_lad1b_42,0,A,42,10,Y,insider,seller,0.222,17,0.39722222222222225,0.6111111111111112,78.90625,-26.5625,475.5,29.5,1611.864406779661
ladder1b,m7_lad1b_42,0,A,42,11,X,insider,buyer,0.372,23,0.6727777777777777,0.5,97.22222222222223,70.0,830.0,570.0,145.6140350877193
ladder1b,m7_lad1b_42,0,A,42,12,X,insider,buyer,0.877,23,0.8033333333333332,0.7777777777777778,99.30555555555556,92.5,738.6666666666666,691.3333333333334,106.84667309546768
ladder1b,m7_lad1b_42,0,A,42,13,X,insider,buyer,0.99,18,0.7611111111111111,0.7222222222222222,100.0,100.0,721.3333333333334,718.6666666666666,100.37105751391468
ladder1b,m7_lad1b_42,0,A,42,14,X,none,,,18,0.6916666666666667,0.6,99.03846153846153,76.5625,,,
ladder1b,m8_lad1b_42,0,B,42,1,X,none,,,18,0.5633333333333334,0.3055555555555556,98.47222222222223,54.166666666666664,,,
ladder1b,m8_lad1b_42,0,B,42,2,X,none,,,14,0.6549166666666666,0.5,98.75,62.5,,,
ladder1b,m8_lad1b_42,0,B,42,3,X,none,,,16,0.6499999999999999,0.6111111111111112,98.33333333333333,50.0,,,
ladder1b,m8_lad1b_42,0,B,42,4,X,none,,,13,0.6083333333333333,0.4857142857142857,98.88888888888889,66.66666666666667,,,
ladder1b,m8_lad1b_42,0,B,42,5,Y,insider,seller,0.911,22,0.8355555555555556,0.8333333333333334,95.83333333333333,79.16666666666667,418.1666666666667,348.5,119.99043519846964
ladder1b,m8_lad1b_42,0,B,42,6,Y,insider,seller,1.011,18,0.9166666666666666,0.9444444444444444,100.0,100.0,400.3333333333333,399.6666666666667,100.16680567139281
ladder1b,m8_lad1b_42,0,B,42,7,X,insider,buyer,0.453,10,0.8666666666666667,0.8888888888888888,97.29166666666667,53.57142857142857,803.5,753.1666666666666,106.68289444567382
ladder1b,m8_lad1b_42,0,B,42,8,X,insider,buyer,0.419,11,0.875,0.8888888888888888,97.29166666666667,53.57142857142857,815.0,741.6666666666666,109.88764044943821
ladder1b,m8_lad1b_42,0,B,42,9,X,insider,buyer,0.776,17,0.87,0.7777777777777778,99.375,89.28571428571429,804.6666666666666,785.3333333333334,102.46179966044141
ladder1b,m8_lad1b_42,0,B,42,10,X,insider,buyer,0.857,19,0.8969444444444444,0.9444444444444444,99.58333333333333,92.85714285714286,810.0,783.3333333333334,103.40425531914893
ladder1b,m8_lad1b_42,0,B,42,11,X,insider,buyer,0.711,14,0.8633333333333333,0.9444444444444444,97.91666666666667,64.28571428571429,801.3333333333334,765.3333333333334,104.70383275261325
ladder1b,m8_lad1b_42,0,B,42,12,X,insider,buyer,0.803,15,0.9061111111111111,0.9444444444444444,98.02083333333333,66.07142857142857,800.0,768.3333333333334,104.12147505422993
ladder1b,m8_lad1b_42,0,B,42,13,Y,insider,seller,1.028,18,0.855,0.8888888888888888,99.16666666666667,95.83333333333333,401.0,392.3333333333333,102.2090059473237
ladder1b,m8_lad1b_42,0,B,42,14,Y,none,,,0,0.4000000000000001,0.0,96.66666666666667,0.0,,,
ladder2,m7_lad2_42,0,A,42,1,X,none,,,22,0.6,0.2222222222222222,100.0,100.0,,,
ladder2,m7_lad2_42,0,A,42,2,X,none,,,18,0.6,0.19444444444444445,100.0,100.0,,,
ladder2,m7_lad2_42,0,A,42,3,X,none,,,23,0.6,0.16666666666666666,100.0,100.0,,,
ladder2,m7_lad2_42,0,A,42,4,X,none,,,19,0.6,0.16666666666666666,100.0,100.0,,,
ladder2,m7_lad2_42,0,A,42,5,Y,insider,seller,0.996,19,0.8616666666666667,0.7777777777777778,100.0,100.0,323.8333333333333,316.1666666666667,102.42488139167105
ladder2,m7_lad2_42,0,A,42,6,X,insider,buyer,0.206,18,0.6911111111111111,0.8888888888888888,96.18055555555556,58.75,768.6666666666666,616.3333333333334,124.71606273661436
ladder2,m7_lad2_42,0,A,42,7,Y,insider,seller,1.012,17,0.8955555555555557,0.8888888888888888,100.0,100.0,321.1666666666667,318.8333333333333,100.73183481442761
ladder2,m7_lad2_42,0,A,42,8,X,insider,buyer,0.324,16,0.9083333333333334,0.9444444444444444,97.22222222222223,70.0,729.3333333333334,670.6666666666666,108.7475149105368
ladder2,m7_lad2_42,0,A,42,9,Y,insider,seller,1.009,17,0.8888888888888888,0.9444444444444444,100.0,100.0,320.8333333333333,319.1666666666667,100.52219321148824
ladder2,m7_lad2_42,0,A,42,10,Y,insider,seller,1.011,16,0.9383333333333334,1.0,100.0,100.0,320.3333333333333,319.6666666666667,100.20855057351407
ladder2,m7_lad2_42,0,A,42,11,X,insider,buyer,0.611,14,0.8922222222222221,0.9444444444444444,96.875,66.25,723.5,671.5,107.74385703648548
ladder2,m7_lad2_42,0,A,42,12,X,insider,buyer,0.922,19,0.9368333333333333,0.8888888888888888,100.0,100.0,718.0,722.0,99.44598337950139
ladder2,m7_lad2_42,0,A,42,13,X,insider,buyer,0.865,18,0.9627777777777777,1.0,100.0,100.0,724.3333333333334,715.6666666666666,101.21099208197487
ladder2,m7_lad2_42,0,A,42,14,X,none,,,11,0.6097222222222222,0.3888888888888889,98.71794871794872,68.75,,,
ladder2,m7_lad2_45,0,A,45,1,X,none,,,21,0.6,0.3055555555555556,99.35897435897436,84.375,,,
ladder2,m7_lad2_45,0,A,45,2,Y,none,,,17,0.4,0.3055555555555556,100.0,100.0,,,
ladder2,m7_lad2_45,0,A,45,3,Y,none,,,17,0.4,0.2222222222222222,100.0,100.0,,,
ladder2,m7_lad2_45,0,A,45,4,X,none,,,16,0.6,0.3888888888888889,100.0,100.0,,,
ladder2,m7_lad2_45,0,A,45,5,X,insider,buyer,0.557,12,0.9122222222222222,0.9444444444444444,96.875,66.25,708.1666666666666,686.8333333333334,103.10604222276145
ladder2,m7_lad2_45,0,A,45,6,X,insider,buyer,0.771,20,0.9216666666666666,1.0,100.0,100.0,709.3333333333334,730.6666666666666,97.08029197080293
ladder2,m7_lad2_45,0,A,45,7,Y,insider,seller,1.045,19,0.8344444444444444,0.8333333333333334,100.0,100.0,320.0,320.0,100.0
ladder2,m7_lad2_45,0,A,45,8,X,insider,buyer,0.828,16,0.9638888888888888,1.0,100.0,100.0,713.1666666666666,726.8333333333334,98.11969731712908
ladder2,m7_lad2_45,0,A,45,9,Y,insider,seller,1.009,16,0.9361111111111112,1.0,100.0,100.0,320.0,320.0,100.0
ladder2,m7_lad2_45,0,A,45,10,Y,insider,seller,1.01,16,0.9133333333333334,0.9444444444444444,100.0,100.0,319.6666666666667,320.3333333333333,99.79188345473466
ladder2,m7_lad2_45,0,A,45,11,Y,insider,seller,1.01,16,0.9177777777777778,0.9444444444444444,100.0,100.0,320.1666666666667,319.8333333333333,100.10422094841064
ladder2,m7_lad2_45,0,A,45,12,Y,insider,seller,1.01,16,0.8883333333333333,0.8888888888888888,100.0,100.0,320.1666666666667,319.8333333333333,100.10422094841064
ladder2,m7_lad2_45,0,A,45,13,X,insider,buyer,0.973,18,0.936111111111111,0.9444444444444444,100.0,100.0,718.8333333333334,721.1666666666666,99.67645019644097
ladder2,m7_lad2_45,0,A,45,14,Y,none,,,17,0.39861111111111114,0.5142857142857142,100.0,100.0,,,
ladder2,m8_lad2_42,0,B,42,1,X,none,,,20,0.6,0.3333333333333333,100.0,100.0,,,
ladder2,m8_lad2_42,0,B,42,2,X,none,,,17,0.6,0.4722222222222222,100.0,100.0,,,
ladder2,m8_lad2_42,0,B,42,3,X,none,,,18,0.6,0.3888888888888889,100.0,100.0,,,
ladder2,m8_lad2_42,0,B,42,4,X,none,,,21,0.6,0.2777777777777778,100.0,100.0,,,
ladder2,m8_lad2_42,0,B,42,5,Y,insider,,,0,0.8405555555555556,0.3333333333333333,80.0,0.0,320.0,320.0,100.0
ladder2,m8_lad2_42,0,B,42,6,Y,insider,seller,0.942,26,0.5877777777777777,0.8333333333333334,91.25,56.25,420.5,309.5,135.8642972536349
ladder2,m8_lad2_42,0,B,42,7,X,insider,buyer,0.594,20,0.8172222222222222,0.8947368421052632,97.70833333333333,60.714285714285715,815.6666666666666,747.6666666666666,109.09496210432455
ladder2,m8_lad2_42,0,B,42,8,X,insider,buyer,0.658,21,0.7819444444444444,0.7222222222222222,97.70833333333333,60.714285714285715,837.3333333333334,726.0,115.33516988062443
ladder2,m8_lad2_42,0,B,42,9,X,insider,buyer,0.792,20,0.9166666666666666,0.9444444444444444,98.95833333333333,82.14285714285714,795.6666666666666,787.6666666666666,101.01565806178586
ladder2,m8_lad2_42,0,B,42,10,X,insider,buyer,0.951,20,0.8694444444444445,0.9444444444444444,99.79166666666667,96.42857142857143,806.8333333333334,789.8333333333334,102.15235281705002
ladder2,m8_lad2_42,0,B,42,11,X,insider,buyer,0.841,25,0.8594444444444443,0.9444444444444444,99.27083333333333,87.5,824.8333333333334,763.5,108.03318052826894
ladder2,m8_lad2_42,0,B,42,12,X,insider,buyer,0.562,13,0.8277777777777778,0.9444444444444444,97.29166666666667,53.57142857142857,807.0,749.6666666666666,107.64784348599377
ladder2,m8_lad2_42,0,B,42,13,Y,insider,seller,0.948,13,0.7288888888888889,0.7647058823529411,84.58333333333333,22.916666666666668,378.3333333333333,298.3333333333333,126.81564245810056
ladder2,m8_lad2_42,0,B,42,14,Y,none,,,18,0.4,0.5555555555555556,100.0,100.0,,,
ladder2,m8_lad2_44,0,B,44,1,X,none,,,16,0.6,0.3611111111111111,100.0,100.0,,,
ladder2,m8_lad2_44,0,B,44,2,Y,none,,,19,0.4,0.2777777777777778,100.0,100.0,,,
ladder2,m8_lad2_44,0,B,44,3,Y,none,,,18,0.4,0.3611111111111111,100.0,100.0,,,
ladder2,m8_lad2_44,0,B,44,4,X,none,,,20,0.6,0.3611111111111111,100.0,100.0,,,
ladder2,m8_lad2_44,0,B,44,5,X,insider,buyer,0.537,26,0.8666666666666667,0.9444444444444444,98.33333333333333,71.42857142857143,870.5,702.8333333333334,123.85582167417594
ladder2,m8_lad2_44,0,B,44,6,Y,insider,seller,1.058,18,0.8233333333333334,0.9411764705882353,99.58333333333333,97.91666666666667,396.0,400.6666666666667,98.83527454242927
ladder2,m8_lad2_44,0,B,44,7,Y,insider,seller,1.01,17,0.8947222222222222,1.0,100.0,100.0,401.1666666666667,398.8333333333333,100.58503969912246
ladder2,m8_lad2_44,0,B,44,8,Y,insider,seller,1.01,16,0.8755555555555555,0.8333333333333334,100.0,100.0,401.3333333333333,398.6666666666667,100.66889632107022
ladder2,m8_lad2_44,0,B,44,9,X,insider,buyer,0.801,20,0.9094444444444445,0.9444444444444444,100.0,100.0,804.0,796.0,101.00502512562814
ladder2,m8_lad2_44,0,B,44,10,Y,insider,seller,1.009,16,0.9408333333333333,0.8888888888888888,100.0,100.0,400.3333333333333,399.6666666666667,100.16680567139281
ladder2,m8_lad2_44,0,B,44,11,X,insider,buyer,0.817,18,0.9527777777777777,1.0,100.0,100.0,799.5,800.5,99.87507807620237
ladder2,m8_lad2_44,0,B,44,12,Y,insider,seller,1.01,16,0.9461111111111111,0.9444444444444444,100.0,100.0,399.8333333333333,400.1666666666667,99.9167013744273
ladder2,m8_lad2_44,0,B,44,13,Y,insider,seller,1.01,17,0.9474444444444443,1.0,100.0,100.0,399.8333333333333,400.1666666666667,99.9167013744273
ladder2,m8_lad2_44,0,B,44,14,X,none,,,24,0.6,0.6111111111111112,99.86111111111111,95.83333333333333,,,
ladder3,m7_lad3_42,0,A,42,1,X,none,,,18,0.6,0.3611111111111111,99.51923076923077,88.28125,,,
ladder3,m7_lad3_42,0,A,42,2,X,none,,,17,0.6,0.3333333333333333,100.0,100.0,,,
ladder3,m7_lad3_42,0,A,42,3,X,none,,,17,0.6,0.25,100.0,100.0,,,
ladder3,m7_lad3_42,0,A,42,4,X,none,,,18,0.6,0.16666666666666666,100.0,100.0,,,
ladder3,m7_lad3_42,0,A,42,5,Y,insider,seller,1.008,15,0.8294444444444444,0.8333333333333334,97.91666666666667,87.5,307.1666666666667,319.5,96.13980177360459
ladder3,m7_lad3_42,0,A,42,6,X,insider,buyer,0.989,17,0.9364444444444443,0.9444444444444444,100.0,100.0,720.0,720.0,100.0
ladder3,m7_lad3_42,0,A,42,7,Y,insider,seller,1.01,18,0.9372222222222223,1.0,100.0,100.0,320.1666666666667,319.8333333333333,100.10422094841064
ladder3,m7_lad3_42,0,A,42,8,X,insider,buyer,0.878,18,0.9449999999999998,1.0,100.0,100.0,719.8333333333334,720.1666666666666,99.95371441795882
ladder3,m7_lad3_42,0,A,42,9,Y,insider,seller,1.01,17,0.8805555555555555,0.8888888888888888,100.0,100.0,320.3333333333333,319.6666666666667,100.20855057351407
ladder3,m7_lad3_42,0,A,42,10,Y,insider,seller,1.01,16,0.9755555555555555,1.0,100.0,100.0,319.8333333333333,320.1666666666667,99.89588755856325
ladder3,m7_lad3_42,0,A,42,11,X,insider,buyer,0.99,17,0.9138888888888889,0.9444444444444444,100.0,100.0,719.6666666666666,720.3333333333334,99.90745025451179
ladder3,m7_lad3_42,0,A,42,12,X,insider,buyer,0.99,16,0.9783333333333333,1.0,100.0,100.0,720.1666666666666,719.8333333333334,100.04630701551284
ladder3,m7_lad3_42,0,A,42,13,X,insider,buyer,0.99,16,0.9843333333333333,1.0,100.0,100.0,720.0,720.0,100.0
ladder3,m7_lad3_42,0,A,42,14,X,none,,,18,0.6,0.4166666666666667,100.0,100.0,,,
ladder3,m7_lad3_45,0,A,45,1,X,none,,,17,0.6,0.2777777777777778,99.35897435897436,84.375,,,
ladder3,m7_lad3_45,0,A,45,2,Y,none,,,18,0.4,0.2777777777777778,99.51923076923077,88.28125,,,
ladder3,m7_lad3_45,0,A,45,3,Y,none,,,22,0.4,0.4444444444444444,99.35897435897436,84.375,,,
ladder3,m7_lad3_45,0,A,45,4,X,none,,,16,0.6,0.2777777777777778,99.35897435897436,84.375,,,
ladder3,m7_lad3_45,0,A,45,5,X,insider,buyer,0.295,23,0.8738888888888889,0.8888888888888888,96.52777777777777,62.5,767.6666666666666,622.3333333333334,123.35297268344937
ladder3,m7_lad3_45,0,A,45,6,X,insider,buyer,0.624,19,0.9227777777777777,0.9444444444444444,97.91666666666667,77.5,713.6666666666666,696.3333333333334,102.48922929631401
ladder3,m7_lad3_45,0,A,45,7,Y,insider,seller,-0.637,24,0.05888888888888889,1.0,75.26041666666667,-48.4375,638.5,-156.83333333333334,-407.12008501594045
ladder3,m7_lad3_45,0,A,45,8,X,insider,buyer,0.833,21,0.5083333333333333,0.4444444444444444,100.0,100.0,753.5,686.5,109.75965040058267
ladder3,m7_lad3_45,0,A,45,9,Y,insider,seller,-0.4,22,0.3888888888888889,0.5,93.75,62.5,180.33333333333334,419.6666666666667,42.970611596505165
ladder3,m7_lad3_45,0,A,45,10,Y,insider,,,0,0.6833333333333333,0.35294117647058826,83.33333333333333,0.0,266.6666666666667,266.6666666666667,100.0
ladder3,m7_lad3_45,0,A,45,11,Y,insider,seller,1.003,19,0.8,0.6111111111111112,92.70833333333333,56.25,320.0,273.3333333333333,117.07317073170732
ladder3,m7_lad3_45,0,A,45,12,Y,insider,seller,1.008,18,0.7472222222222222,0.5555555555555556,96.35416666666667,78.125,321.3333333333333,295.3333333333333,108.80361173814899
ladder3,m7_lad3_45,0,A,45,13,X,insider,buyer,0.97,20,0.6111111111111112,0.4444444444444444,100.0,100.0,725.8333333333334,714.1666666666666,101.6336056009335
ladder3,m7_lad3_45,0,A,45,14,Y,none,,,18,0.4097222222222222,0.2222222222222222,99.6474358974359,91.40625,,,
ladder3,m8_lad3_42,0,B,42,1,X,none,,,21,0.6,0.3611111111111111,100.0,100.0,,,
ladder3,m8_lad3_42,0,B,42,2,X,none,,,18,0.6,0.2777777777777778,100.0,100.0,,,
ladder3,m8_lad3_42,0,B,42,3,X,none,,,18,0.6,0.5,100.0,100.0,,,
ladder3,m8_lad3_42,0,B,42,4,X,none,,,16,0.6,0.5,100.0,100.0,,,
ladder3,m8_lad3_42,0,B,42,5,Y,insider,seller,0.602,6,0.7877777777777778,0.6666666666666666,87.91666666666667,39.583333333333336,383.5,319.8333333333333,119.90620114643043
ladder3,m8_lad3_42,0,B,42,6,Y,insider,seller,1.005,17,0.7616666666666667,0.8333333333333334,93.75,68.75,401.0,349.0,114.89971346704871
ladder3,m8_lad3_42,0,B,42,7,X,insider,buyer,0.657,23,0.8009277777777778,0.9444444444444444,98.75,78.57142857142857,825.6666666666666,754.3333333333334,109.45647370746795
ladder3,m8_lad3_42,0,B,42,8,X,insider,buyer,0.94,23,0.7655555555555555,0.7777777777777778,99.79166666666667,96.42857142857143,814.1666666666666,782.5,104.04685835995738
ladder3,m8_lad3_42,0,B,42,9,X,insider,buyer,0.99,16,0.9348333333333332,0.8888888888888888,100.0,100.0,800.3333333333334,799.6666666666666,100.0833680700292
ladder3,m8_lad3_42,0,B,42,10,X,insider,buyer,0.954,20,0.8494444444444444,0.8888888888888888,99.58333333333333,92.85714285714286,803.1666666666666,790.1666666666666,101.64522252689305
ladder3,m8_lad3_42,0,B,42,11,X,insider,buyer,0.99,16,0.9610555555555556,1.0,100.0,100.0,800.0,800.0,100.0
ladder3,m8_lad3_42,0,B,42,12,X,insider,buyer,0.991,20,0.9243888888888888,0.8888888888888888,100.0,100.0,800.3333333333334,799.6666666666666,100.0833680700292
ladder3,m8_lad3_42,0,B,42,13,Y,insider,seller,0.397,23,0.6627777777777778,0.8333333333333334,87.5,37.5,500.1666666666667,199.83333333333334,250.29190992493747
ladder3,m8_lad3_42,0,B,42,14,Y,none,,,19,0.3966666666666667,0.5555555555555556,100.0,100.0,,,
ladder3,m8_lad3_44,0,B,44,1,X,none,,,18,0.6,0.5555555555555556,100.0,100.0,,,
ladder3,m8_lad3_44,0,B,44,2,Y,none,,,17,0.4,0.5,100.0,100.0,,,
ladder3,m8_lad3_44,0,B,44,3,Y,none,,,22,0.4,0.4444444444444444,100.0,100.0,,,
ladder3,m8_lad3_44,0,B,44,4,X,none,,,21,0.6,0.5277777777777778,100.0,100.0,,,
ladder3,m8_lad3_44,0,B,44,5,X,insider,buyer,0.582,21,0.8666666666666667,0.8888888888888888,97.91666666666667,64.28571428571429,849.0,717.6666666666666,118.3000464468184
ladder3,m8_lad3_44,0,B,44,6,Y,insider,seller,0.948,18,0.8472222222222222,0.8333333333333334,97.5,87.5,418.3333333333333,361.6666666666667,115.66820276497694
ladder3,m8_lad3_44,0,B,44,7,Y,insider,seller,1.01,16,0.9194444444444445,1.0,100.0,100.0,399.8333333333333,400.1666666666667,99.9167013744273
ladder3,m8_lad3_44,0,B,44,8,Y,insider,seller,1.01,16,0.8994444444444445,0.9444444444444444,100.0,100.0,400.0,400.0,100.0
ladder3,m8_lad3_44,0,B,44,9,X,insider,buyer,0.771,20,0.9238888888888889,0.9444444444444444,99.58333333333333,92.85714285714286,804.1666666666666,789.1666666666666,101.90073917634635
ladder3,m8_lad3_44,0,B,44,10,Y,insider,seller,1.01,16,0.9477777777777777,1.0,100.0,100.0,400.0,400.0,100.0
ladder3,m8_lad3_44,0,B,44,11,X,insider,buyer,0.822,17,0.9360555555555555,0.9444444444444444,100.0,100.0,798.8333333333334,801.1666666666666,99.70875806116082
ladder3,m8_lad3_44,0,B,44,12,Y,insider,seller,1.01,16,0.9722222222222222,1.0,100.0,100.0,399.8333333333333,400.1666666666667,99.9167013744273
ladder3,m8_lad3_44,0,B,44,13,Y,insider,seller,1.01,16,0.9683333333333333,1.0,100.0,100.0,399.8333333333333,400.1666666666667,99.9167013744273
ladder3,m8_lad3_44,0,B,44,14,X,none,,,20,0.6,0.75,100.0,100.0,,,
m1,m1_paper_0,0,1,20250725,1,Y,none,,,6,0.6668888888888889,0.14814814814814814,100.0,100.0,,,
m1,m1_paper_0,0,1,20250725,2,Y,none,,,6,0.6671,0.1111111111111111,100.0,100.0,,,
m1,m1_paper_0,0,1,20250725,3,X,none,,,6,0.3331111111111111,0.0,100.0,100.0,,,
m1,m1_paper_0,0,1,20250725,4,Y,none,,,8,0.6669333333333334,0.037037037037037035,100.0,100.0,,,
m1,m1_paper_0,0,1,20250725,5,Y,insider,buyer,0.008,18,0.6669833333333334,0.15789473684210525,95.23809523809524,83.33333333333333,817.3333333333334,591.3333333333334,138.2187147688839
m1,m1_paper_0,0,1,20250725,6,X,insider,seller,0.206,12,0.3330666666666667,0.0,66.66666666666667,-50.0,550.3333333333334,324.8333333333333,169.42021549512572
m1,m1_paper_0,0,1,20250725,7,Y,insider,buyer,0.069,13,0.6669316666666667,0.10526315789473684,92.06349206349206,72.22222222222223,749.6666666666666,591.8333333333334,126.66854407209235
m1,m1_paper_0,0,1,20250725,8,Y,insider,seller,0.039,12,0.6522463333333334,0.2222222222222222,88.0952380952381,58.333333333333336,565.0,642.5,87.93774319066148
m1,m1_paper_0,0,1,20250725,9,Y,all,,,16,,,99.2063492063492,97.22222222222223,,,
m1,m1_paper_0,0,1,20250725,10,X,all,,,17,,1.0,50.0,-125.0,,,
m1,m1_paper_0,0,1,20250725,11,Y,all,,,18,,1.0,99.2063492063492,97.22222222222223,,,
m1,m1_paper_1,0,1,20250726,1,Y,none,,,6,0.6669098888888889,0.18518518518518517,100.0,100.0,,,
m1,m1_paper_1,0,1,20250726,2,Y,none,,,12,0.6671444444444445,0.1111111111111111,100.0,100.0,,,
m1,m1_paper_1,0,1,20250726,3,X,none,,,11,0.33305555555555555,0.1111111111111111,100.0,100.0,,,
m1,m1_paper_1,0,1,20250726,4,Y,none,,,14,0.6669432222222222,0.1111111111111111,100.0,100.0,,,
m1,m1_paper_1,0,1,20250726,5,Y,insider,buyer,-0.004,15,0.6632055555555555,0.5555555555555556,92.06349206349206,72.22222222222223,751.0,591.1666666666666,127.03693261911475
m1,m1_paper_1,0,1,20250726,6,X,insider,seller,2.9,15,0.4603685,0.4444444444444444,66.66666666666667,-50.0,499.3333333333333,350.3333333333333,142.53092293054235
m1,m1_paper_1,0,1,20250726,7,Y,insider,buyer,0.442,13,0.7028888888888889,0.631578947368421,100.0,100.0,750.0,675.0,111.11111111111111
m1,m1_paper_1,0,1,20250726,8,Y,insider,seller,0.156,11,0.6410555555555555,0.7368421052631579,91.26984126984127,69.44444444444444,560.0,678.3333333333334,82.55528255528255
m1,m1_paper_1,0,1,20250726,9,Y,all,,,12,,,97.61904761904762,91.66666666666667,,,
m1,m1_paper_1,0,1,20250726,10,X,all,,,14,,1.0,50.0,-125.0,,,
m1,m1_paper_1,0,1,20250726,11,Y,all,,,14,,,100.0,100.0,,,
m1,m1_random_0,0,1,20250727,1,Y,none,,,6,0.6668555555555555,0.037037037037037035,100.0,100.0,,,
m1,m1_random_0,0,1,20250727,2,Y,none,,,6,0.6669333333333334,0.25925925925925924,100.0,100.0,,,
m1,m1_random_0,0,1,20250727,3,Y,none,,,6,0.6669543333333334,0.1111111111111111,100.0,100.0,,,
m1,m1_random_0,0,1,20250727,4,X,none,,,9,0.33305666666666667,0.25925925925925924,100.0,100.0,,,
m1,m1_random_0,0,1,20250727,5,X,insider,seller,0.805,14,0.34899444444444444,0.42105263157894735,70.37037037037037,-33.333333333333336,549.6666666666666,358.5,153.32403533240353
m1,m1_random_0,0,1,20250727,6,Y,insider,buyer,-0.445,10,0.6079666666666667,0.7222222222222222,91.26984126984127,69.44444444444444,693.3333333333334,611.6666666666666,113.3514986376022
m1,m1_random_0,0,1,20250727,7,Y,insider,buyer,0.114,16,0.6271888888888889,0.7222222222222222,99.2063492063492,97.22222222222223,866.6666666666666,608.3333333333334,142.46575342465752
m1,m1_random_0,0,1,20250727,8,Y,insider,buyer,-2.273,6,0.6567444444444445,0.3333333333333333,93.65079365079364,77.77777777777777,650.0,658.3333333333334,98.73417721518987
m1,m1_random_0,0,1,20250727,9,Y,all,,,13,,,95.23809523809524,83.33333333333333,,,
m1,m1_random_0,0,1,20250727,10,Y,all,,,11,,,96.82539682539682,88.88888888888889,,,
m1,m1_random_0,0,1,20250727,11,Y,all,,,12,,1.0,96.82539682539682,88.88888888888889,,,
m1,m1_random_1,0,1,20250728,1,X,none,,,6,0.33313333333333334,0.1111111111111111,100.0,100.0,,,
m1,m1_random_1,0,1,20250728,2,Y,none,,,6,0.6670666666666667,0.1111111111111111,100.0,100.0,,,
m1,m1_random_1,0,1,20250728,3,Y,none,,,6,0.6668777777777778,0.25925925925925924,100.0,100.0,,,
m1,m1_random_1,0,1,20250728,4,Y,none,,,6,0.6755506296296296,0.37037037037037035,100.0,100.0,,,
m1,m1_random_1,0,1,20250728,5,X,insider,seller,1.209,11,0.2997944444444445,0.6111111111111112,64.81481481481481,-58.333333333333336,537.3333333333334,314.6666666666667,170.76271186440678
m1,m1_random_1,0,1,20250728,6,Y,insider,buyer,0.176,19,0.6071666666666666,0.631578947368421,97.61904761904762,91.66666666666667,828.3333333333334,610.8333333333334,135.60709413369713
m1,m1_random_1,0,1,20250728,7,Y,insider,buyer,0.18,18,0.6243166666666666,0.5,94.44444444444444,80.55555555555556,821.0,581.1666666666666,141.26756524232866
m1,m1_random_1,0,1,20250728,8,X,insider,seller,0.279,13,0.3077,0.5263157894736842,64.81481481481481,-58.333333333333336,556.3333333333334,305.1666666666667,182.3047515019115
m1,m1_random_1,0,1,20250728,9,Y,all,,,8,,,94.44444444444444,80.55555555555556,,,
m1,m1_random_1,0,1,20250728,10,Y,all,,,12,,,98.41269841269842,94.44444444444444,,,
m1,m1_random_1,0,1,20250728,11,Y,all,,,17,,,100.0,100.0,,,
m1,m1_random_2,0,1,20250729,1,Y,none,,,6,0.6668987777777778,0.18518518518518517,100.0,100.0,,,
m1,m1_random_2,0,1,20250729,2,Y,none,,,6,0.6669321111111111,0.18518518518518517,100.0,100.0,,,
m1,m1_random_2,0,1,20250729,3,Y,none,,,11,0.6755851851851852,0.14814814814814814,100.0,100.0,,,
m1,m1_random_2,0,1,20250729,4,Y,none,,,7,0.6645740740740741,0.1111111111111111,100.0,100.0,,,
m1,m1_random_2,0,1,20250729,5,Y,insider,buyer,0.02,15,0.6942611111111111,0.3888888888888889,94.44444444444444,80.55555555555556,756.3333333333334,613.5,123.28171692474872
m1,m1_random_2,0,1,20250729,6,Y,insider,buyer,-4.5,12,0.6571111111111112,0.5263157894736842,96.03174603174604,86.11111111111111,692.0,662.3333333333334,104.47911424257674
m1,m1_random_2,0,1,20250729,7,Y,insider,seller,0.638,11,0.6032055555555557,0.3333333333333333,91.26984126984127,69.44444444444444,539.3333333333334,688.6666666666666,78.31558567279768
m1,m1_random_2,0,1,20250729,8,Y,insider,buyer,-0.515,6,0.6643166666666667,0.2777777777777778,92.85714285714286,75.0,650.0,650.0,100.0
m1,m1_random_2,0,1,20250729,9,Y,all,,,14,,1.0,85.71428571428571,50.0,,,
m1,m1_random_2,0,1,20250729,10,X,all,,,12,,0.5,83.33333333333333,25.0,,,
m1,m1_random_2,0,1,20250729,11,X,all,,,14,,,83.33333333333333,25.0,,,
m2,m2_paper_0,0,2,20250735,1,X,none,,,9,0.3330175833333333,0.16666666666666666,100.0,100.0,,,
m2,m2_paper_0,0,2,20250735,2,X,none,,,13,0.333086,0.19444444444444445,100.0,100.0,,,
m2,m2_paper_0,0,2,20250735,3,Y,none,,,14,0.6556990833333334,0.35294117647058826,100.0,100.0,,,
m2,m2_paper_0,0,2,20250735,4,Y,none,,,9,0.6411046388888889,0.3055555555555556,100.0,100.0,,,
m2,m2_paper_0,0,2,20250735,5,Y,all,,,18,,,98.80952380952381,94.44444444444444,,,
m2,m2_paper_0,0,2,20250735,6,Y,all,,,21,,,100.0,100.0,,,
m2,m2_paper_0,0,2,20250735,7,X,insider,seller,2.052,22,0.5300722222222222,0.8333333333333334,90.97222222222223,63.888888888888886,471.3333333333333,402.0,117.24709784411276
m2,m2_paper_0,0,2,20250735,8,Y,insider,buyer,0.732,24,0.7969444444444445,0.8888888888888888,98.21428571428571,91.66666666666667,724.0,651.0,111.21351766513057
m2,m2_paper_0,0,2,20250735,9,X,insider,seller,-1.769,25,0.3772777777777778,0.7058823529411765,55.90277777777778,-76.38888888888889,677.3333333333334,-140.66666666666666,-481.5165876777252
m2,m2_paper_0,0,2,20250735,10,Y,insider,buyer,0.395,20,0.7436111111111111,0.8888888888888888,96.42857142857143,83.33333333333333,751.0,599.0,125.37562604340567
m2,m2_paper_0,0,2,20250735,11,Y,insider,buyer,0.403,21,0.7418333333333333,0.6111111111111112,99.4047619047619,97.22222222222223,750.0,641.6666666666666,116.88311688311688
m2,m2_paper_1,0,2,20250736,1,X,none,,,14,0.33305266666666666,0.1111111111111111,100.0,100.0,,,
m2,m2_paper_1,0,2,20250736,2,X,none,,,15,0.3329416666666667,0.29411764705882354,100.0,100.0,,,
m2,m2_paper_1,0,2,20250736,3,Y,none,,,14,0.6672166666666667,0.5,100.0,100.0,,,
m2,m2_paper_1,0,2,20250736,4,Y,none,,,23,0.6670583333333334,0.4411764705882353,100.0,100.0,,,
m2,m2_paper_1,0,2,20250736,5,Y,all,,,19,,,100.0,100.0,,,
m2,m2_paper_1,0,2,20250736,6,Y,all,,,19,,,100.0,100.0,,,
m2,m2_paper_1,0,2,20250736,7,X,insider,seller,2.771,13,0.49025555555555556,0.7222222222222222,88.88888888888889,55.55555555555556,454.6666666666667,398.6666666666667,114.04682274247493
m2,m2_paper_1,0,2,20250736,8,Y,insider,buyer,-0.222,22,0.6086111111111111,0.8888888888888888,89.88095238095238,52.77777777777778,804.1666666666666,454.1666666666667,177.0642201834862
m2,m2_paper_1,0,2,20250736,9,X,insider,seller,2.973,16,0.4765,0.7058823529411765,80.90277777777777,23.61111111111111,452.0,324.6666666666667,139.21971252566735
m2,m2_paper_1,0,2,20250736,10,Y,insider,buyer,-0.162,19,0.604,0.7777777777777778,92.85714285714286,66.66666666666667,751.6666666666666,548.3333333333334,137.0820668693009
m2,m2_paper_1,0,2,20250736,11,Y,insider,buyer,-0.342,20,0.5463888888888889,0.8888888888888888,91.66666666666667,61.111111111111114,740.0,543.3333333333334,136.1963190184049
m2,m2_random_0,0,2,20250737,1,X,none,,,11,0.33299999999999996,0.16666666666666666,100.0,100.0,,,
m2,m2_random_0,0,2,20250737,2,X,none,,,13,0.33295925,0.4444444444444444,100.0,100.0,,,
m2,m2_random_0,0,2,20250737,3,Y,none,,,13,0.6671333333333334,0.37142857142857144,100.0,100.0,,,
m2,m2_random_0,0,2,20250737,4,Y,none,,,15,0.6672,0.3888888888888889,100.0,100.0,,,
m2,m2_random_0,0,2,20250737,5,X,all,,,19,,,100.0,100.0,,,
m2,m2_random_0,0,2,20250737,6,Y,all,,,11,,,94.64285714285714,75.0,,,
m2,m2_random_0,0,2,20250737,7,Y,insider,buyer,-0.023,18,0.5388333333333333,0.8333333333333334,92.26190476190476,63.888888888888886,770.0,521.6666666666666,147.60383386581472
m2,m2_random_0,0,2,20250737,8,X,insider,seller,-0.233,23,0.3636111111111111,0.7777777777777778,55.208333333333336,-79.16666666666667,579.1666666666666,-49.166666666666664,-1177.9661016949153
m2,m2_random_0,0,2,20250737,9,Y,insider,buyer,0.04,16,0.6761666666666667,0.5555555555555556,92.85714285714286,66.66666666666667,760.0,540.0,140.74074074074073
m2,m2_random_0,0,2,20250737,10,Y,insider,buyer,0.195,19,0.6560555555555555,0.7222222222222222,95.23809523809524,77.77777777777777,775.0,558.3333333333334,138.8059701492537
m2,m2_random_0,0,2,20250737,11,Y,insider,buyer,0.157,20,0.6997611111111112,0.7222222222222222,93.45238095238095,69.44444444444444,731.6666666666666,576.6666666666666,126.878612716763
m2,m2_random_1,0,2,20250738,1,Y,none,,,9,0.66700475,0.1388888888888889,100.0,100.0,,,
m2,m2_random_1,0,2,20250738,2,X,none,,,8,0.3328375,0.4166666666666667,100.0,100.0,,,
m2,m2_random_1,0,2,20250738,3,Y,none,,,13,0.6670490833333333,0.2857142857142857,100.0,100.0,,,
m2,m2_random_1,0,2,20250738,4,Y,none,,,15,0.667125,0.19444444444444445,100.0,100.0,,,
m2,m2_random_1,0,2,20250738,5,Y,all,,,21,,,100.0,100.0,,,
m2,m2_random_1,0,2,20250738,6,Y,all,,,14,,,95.83333333333333,80.55555555555556,,,
m2,m2_random_1,0,2,20250738,7,X,insider,seller,-0.936,16,0.28785183333333336,0.7222222222222222,88.19444444444444,52.77777777777778,390.3333333333333,456.3333333333333,85.53688823959094
m2,m2_random_1,0,2,20250738,8,Y,insider,buyer,0.531,21,0.6915555555555556,0.7222222222222222,100.0,100.0,774.1666666666666,625.8333333333334,123.70173102529958
m2,m2_random_1,0,2,20250738,9,Y,insider,buyer,0.703,19,0.7290555555555556,0.7222222222222222,100.0,100.0,715.0,685.0,104.37956204379562
m2,m2_random_1,0,2,20250738,10,Y,insider,buyer,0.783,24,0.7743888888888889,0.8333333333333334,99.4047619047619,97.22222222222223,728.5,663.1666666666666,109.8517215380749
m2,m2_random_1,0,2,20250738,11,Y,insider,buyer,0.803,20,0.7740555555555555,0.625,100.0,100.0,722.5,677.5,106.64206642066421
m2,m2_random_2,0,2,20250739,1,Y,none,,,8,0.6669398333333334,0.25,100.0,100.0,,,
m2,m2_random_2,0,2,20250739,2,X,none,,,8,0.3329333333333333,0.2,100.0,100.0,,,
m2,m2_random_2,0,2,20250739,3,X,none,,,12,0.33305833333333335,0.2222222222222222,100.0,100.0,,,
m2,m2_random_2,0,2,20250739,4,Y,none,,,13,0.6670666666666667,0.058823529411764705,100.0,100.0,,,
m2,m2_random_2,0,2,20250739,5,Y,all,,,20,,,99.4047619047619,97.22222222222223,,,
m2,m2_random_2,0,2,20250739,6,Y,all,,,19,,,98.80952380952381,94.44444444444444,,,
m2,m2_random_2,0,2,20250739,7,X,insider,seller,1.439,24,0.4076666666666667,0.6111111111111112,78.125,12.5,485.8333333333333,264.1666666666667,183.91167192429018
m2,m2_random_2,0,2,20250739,8,X,insider,seller,2.78,13,0.46205555555555555,0.6111111111111112,82.63888888888889,30.555555555555557,453.5,339.8333333333333,133.44776851397745
m2,m2_random_2,0,2,20250739,9,Y,insider,buyer,0.3,18,0.6713703888888889,0.7777777777777778,94.04761904761905,72.22222222222223,731.6666666666666,585.0,125.07122507122506
m2,m2_random_2,0,2,20250739,10,Y,insider,buyer,0.049,26,0.5595,0.8333333333333334,94.04761904761905,72.22222222222223,791.1666666666666,525.5,150.55502695845226
m2,m2_random_2,0,2,20250739,11,Y,insider,buyer,-0.077,19,0.6515,0.6666666666666666,93.45238095238095,69.44444444444444,756.3333333333334,552.0,137.0169082125604
m3,m3_gem_paper,0,3,20250745,1,Y,none,,,0,0.6,0.0,88.63636363636364,0.0,,,
m3,m3_gem_paper,0,3,20250745,2,Y,none,,,5,0.6125,0.6666666666666666,86.17424242424242,-21.666666666666668,,,
m3,m3_gem_paper,0,3,20250745,3,Y,insider,seller,1.416,20,0.6222222222222222,0.9444444444444444,76.19047619047619,-25.0,326.1666666666667,207.16666666666666,157.4416733708769
m3,m3_gem_paper,0,3,20250745,4,X,insider,buyer,0.055,27,0.5322222222222223,0.8888888888888888,89.58333333333333,66.66666666666667,756.1666666666666,677.1666666666666,111.66625646074328
m3,m3_gem_paper,0,3,20250745,5,Y,insider,seller,1.267,23,0.6111111111111112,0.8888888888888888,87.5,34.375,326.0,286.5,113.7870855148342
m3,m3_gem_paper,0,3,20250745,6,Y,insider,seller,1.104,21,0.9361111111111112,1.0,100.0,100.0,356.3333333333333,343.6666666666667,103.68574199806011
m3,m3_gem_paper,0,3,20250745,7,X,insider,buyer,0.04,24,0.49166666666666664,0.9411764705882353,90.625,70.0,989.6666666666666,460.3333333333333,214.98913830557566
m3,m3_gem_paper,0,3,20250745,8,Y,insider,seller,0.862,24,0.7116666666666667,1.0,86.30952380952381,28.125,356.3333333333333,247.83333333333334,143.77942165433757
m3,m3_gem_paper,0,3,20250745,9,X,insider,buyer,0.332,20,0.7355555555555555,1.0,96.875,90.0,829.6666666666666,720.3333333333334,115.17815826006476
m3,m3_gem_paper,0,3,20250745,10,Y,insider,seller,0.994,19,0.8777777777777778,0.9444444444444444,98.80952380952381,93.75,352.1666666666667,339.5,103.73097692685323
m3,m3_gem_paper,0,3,20250745,11,Y,all,,,16,,,100.0,100.0,,,
m3,m3_gem_paper,0,3,20250745,12,X,all,,,21,,,94.79166666666667,83.33333333333333,,,
m3,m3_paper_0,0,3,20250745,1,Y,none,,,13,0.6166944444444444,0.3055555555555556,98.67424242424242,88.33333333333333,,,
m3,m3_paper_0,0,3,20250745,2,Y,none,,,17,0.6507499999999999,0.5833333333333334,97.34848484848484,76.66666666666667,,,
m3,m3_paper_0,0,3,20250745,3,Y,insider,seller,1.623,21,0.6622222222222223,0.9444444444444444,94.04761904761905,68.75,349.3333333333333,309.0,113.05285868392663
m3,m3_paper_0,0,3,20250745,4,X,insider,buyer,0.223,17,0.5005555555555555,1.0,86.45833333333333,56.666666666666664,858.3333333333334,525.0,163.49206349206352
m3,m3_paper_0,0,3,20250745,5,Y,insider,seller,1.474,24,0.701111111111111,0.7058823529411765,90.47619047619048,50.0,347.8333333333333,285.5,121.83304144775246
m3,m3_paper_0,0,3,20250745,6,Y,insider,seller,1.322,25,0.7338888888888889,0.7777777777777778,94.64285714285714,71.875,356.3333333333333,306.1666666666667,116.38541099618942
m3,m3_paper_0,0,3,20250745,7,X,insider,buyer,0.167,20,0.5198333333333334,0.7777777777777778,88.54166666666667,63.333333333333336,916.6666666666666,500.0,183.33333333333331
m3,m3_paper_0,0,3,20250745,8,Y,insider,seller,1.234,19,0.6895,0.7222222222222222,94.04761904761905,68.75,350.1666666666667,308.1666666666667,113.62898864250947
m3,m3_paper_0,0,3,20250745,9,X,insider,buyer,0.16,26,0.46111111111111114,0.7222222222222222,89.0625,65.0,935.1666666666666,489.8333333333333,190.91527730520585
m3,m3_paper_0,0,3,20250745,10,Y,insider,seller,0.889,22,0.6712944444444444,0.6470588235294118,73.21428571428571,-40.625,366.1666666666667,146.33333333333334,250.22779043280184
m3,m3_paper_0,0,3,20250745,11,Y,all,,,17,,,100.0,100.0,,,
m3,m3_paper_0,0,3,20250745,12,X,all,,,20,,,96.875,90.0,,,
m3,m3_paper_1,0,3,20250746,1,Y,none,,,14,0.5976944444444444,0.4722222222222222,97.34848484848484,76.66666666666667,,,
m3,m3_paper_1,0,3,20250746,2,Y,none,,,13,0.6063888888888889,0.7142857142857143,97.91666666666667,81.66666666666667,,,
m3,m3_paper_1,0,3,20250746,3,Y,insider,seller,0.588,11,0.6905555555555556,0.6666666666666666,66.66666666666667,-75.0,330.6666666666667,136.0,243.13725490196083
m3,m3_paper_1,0,3,20250746,4,X,insider,buyer,-0.111,16,0.41055555555555556,0.8235294117647058,89.58333333333333,66.66666666666667,1033.3333333333333,400.0,258.3333333333333
m3,m3_paper_1,0,3,20250746,5,Y,insider,seller,0.967,18,0.6738888888888889,0.8235294117647058,86.30952380952381,28.125,358.0,246.16666666666666,145.42992552471225
m3,m3_paper_1,0,3,20250746,6,Y,insider,seller,1.194,24,0.6711111111111111,1.0,92.26190476190476,59.375,362.8333333333333,283.0,128.20965842167254
m3,m3_paper_1,0,3,20250746,7,X,insider,buyer,0.13,20,0.46166666666666667,0.8888888888888888,84.89583333333333,51.666666666666664,863.8333333333334,494.5,174.6882372767105
m3,m3_paper_1,0,3,20250746,8,Y,insider,seller,0.709,28,0.6866666666666666,0.6666666666666666,83.33333333333333,12.5,409.5,173.83333333333334,235.5704697986577
m3,m3_paper_1,0,3,20250746,9,X,insider,buyer,0.045,19,0.37333333333333335,0.8333333333333334,90.625,70.0,963.3333333333334,486.6666666666667,197.94520547945206
m3,m3_paper_1,0,3,20250746,10,Y,insider,seller,1.014,29,0.6459444444444444,0.625,75.5952380952381,-28.125,415.8333333333333,113.33333333333333,366.9117647058823
m3,m3_paper_1,0,3,20250746,11,Y,all,,,17,,,100.0,100.0,,,
m3,m3_paper_1,0,3,20250746,12,X,all,,,15,,,95.83333333333333,86.66666666666667,,,
m3,m3_random_0,0,3,20250747,1,X,none,,,12,0.3836111111111111,0.3055555555555556,98.10606060606061,83.33333333333333,,,
m3,m3_random_0,0,3,20250747,2,Y,none,,,25,0.6502222222222223,0.7222222222222222,97.06439393939394,74.16666666666667,,,
m3,m3_random_0,0,3,20250747,3,X,insider,buyer,-0.029,21,0.4485,0.6111111111111112,86.45833333333333,56.666666666666664,890.5,492.8333333333333,180.68988840040583
m3,m3_random_0,0,3,20250747,4,X,insider,buyer,0.176,19,0.5748333333333334,0.7222222222222222,86.45833333333333,56.666666666666664,854.5,528.8333333333334,161.5820989599748
m3,m3_random_0,0,3,20250747,5,X,insider,buyer,0.298,21,0.6335000000000001,0.7222222222222222,87.5,60.0,826.6666666666666,573.3333333333334,144.1860465116279
m3,m3_random_0,0,3,20250747,6,Y,insider,seller,0.919,24,0.741111111111111,0.7777777777777778,79.16666666666667,-9.375,358.6666666666667,195.5,183.46121057118503
m3,m3_random_0,0,3,20250747,7,Y,insider,seller,1.128,23,0.7563333333333334,0.8888888888888888,97.61904761904762,87.5,357.5,325.8333333333333,109.71867007672635
m3,m3_random_0,0,3,20250747,8,Y,insider,seller,1.104,24,0.7987222222222222,0.8888888888888888,100.0,100.0,356.5,343.5,103.78457059679766
m3,m3_random_0,0,3,20250747,9,X,insider,buyer,0.157,11,0.6711111111111111,0.8333333333333334,89.58333333333333,66.66666666666667,735.0,698.3333333333334,105.25059665871122
m3,m3_random_0,0,3,20250747,10,Y,insider,seller,0.46,28,0.6322222222222221,0.6111111111111112,89.28571428571429,43.75,450.5,174.5,258.1661891117478
m3,m3_random_0,0,3,20250747,11,Y,all,,,18,,,100.0,100.0,,,
m3,m3_random_0,0,3,20250747,12,Y,all,,,18,,,100.0,100.0,,,
m3,m3_random_1,0,3,20250748,1,X,none,,,21,0.38426944444444444,0.4166666666666667,99.81060606060606,98.33333333333333,,,
m3,m3_random_1,0,3,20250748,2,Y,none,,,24,0.6611388888888888,0.6388888888888888,97.53787878787878,78.33333333333333,,,
m3,m3_random_1,0,3,20250748,3,X,insider,buyer,-0.044,22,0.4166666666666667,0.6666666666666666,87.5,60.0,974.5,425.5,229.0246768507638
m3,m3_random_1,0,3,20250748,4,Y,insider,seller,-0.13,21,0.49888888888888894,0.7222222222222222,70.23809523809524,-56.25,455.8333333333333,35.833333333333336,1272.0930232558137
m3,m3_random_1,0,3,20250748,5,X,insider,buyer,0.431,20,0.4459444444444445,0.7058823529411765,92.70833333333333,76.66666666666667,883.5,599.8333333333334,147.29091414281743
m3,m3_random_1,0,3,20250748,6,Y,insider,seller,0.444,15,0.6205555555555555,0.5294117647058824,69.64285714285714,-59.375,380.8333333333333,106.66666666666667,357.03124999999994
m3,m3_random_1,0,3,20250748,7,Y,insider,seller,0.897,11,0.7172222222222222,0.8333333333333334,86.9047619047619,31.25,318.6666666666667,289.6666666666667,110.0115074798619
m3,m3_random_1,0,3,20250748,8,Y,insider,seller,1.016,19,0.7075555555555556,0.6470588235294118,98.80952380952381,93.75,351.6666666666667,340.0,103.43137254901963
m3,m3_random_1,0,3,20250748,9,X,insider,buyer,-0.323,19,0.29555555555555557,0.6470588235294118,88.54166666666667,63.333333333333336,1079.1666666666667,337.5,319.7530864197531
m3,m3_random_1,0,3,20250748,10,X,insider,buyer,-0.27,21,0.38905555555555554,0.7058823529411765,86.45833333333333,56.666666666666664,850.6666666666666,532.6666666666666,159.69962453066333
m3,m3_random_1,0,3,20250748,11,Y,all,,,14,,,97.61904761904762,87.5,,,
m3,m3_random_1,0,3,20250748,12,X,all,,,16,,,94.79166666666667,83.33333333333333,,,
m3,m3_random_2,0,3,20250749,1,X,none,,,22,0.37480555555555556,0.4722222222222222,99.81060606060606,98.33333333333333,,,
m3,m3_random_2,0,3,20250749,2,Y,none,,,20,0.63725,0.8055555555555556,97.72727272727273,80.0,,,
m3,m3_random_2,0,3,20250749,3,Y,insider,seller,1.033,20,0.7170555555555556,0.8333333333333334,90.47619047619048,50.0,351.5,281.8333333333333,124.71910112359551
m3,m3_random_2,0,3,20250749,4,Y,insider,seller,1.478,16,0.7633333333333333,0.9375,97.02380952380952,84.375,369.1666666666667,310.0,119.08602150537637
m3,m3_random_2,0,3,20250749,5,Y,insider,seller,1.15,20,0.665,0.7058823529411765,91.07142857142857,53.125,358.0,279.5,128.08586762075134
m3,m3_random_2,0,3,20250749,6,X,insider,buyer,-0.269,20,0.35,0.7222222222222222,88.54166666666667,63.333333333333336,995.5,421.1666666666667,236.36723387415907
m3,m3_random_2,0,3,20250749,7,Y,insider,seller,1.345,26,0.6583333333333333,0.6666666666666666,82.73809523809524,9.375,358.8333333333333,220.33333333333334,162.8593040847201
m3,m3_random_2,0,3,20250749,8,Y,insider,seller,1.145,17,0.6938888888888889,0.5555555555555556,88.69047619047619,40.625,354.8333333333333,266.0,133.39598997493732
m3,m3_random_2,0,3,20250749,9,Y,insider,seller,1.477,17,0.6642388888888889,0.7058823529411765,95.23809523809524,75.0,358.3333333333333,308.3333333333333,116.21621621621621
m3,m3_random_2,0,3,20250749,10,Y,insider,seller,1.601,20,0.675,0.7647058823529411,96.42857142857143,81.25,347.0,328.0,105.79268292682927
m3,m3_random_2,0,3,20250749,11,Y,all,,,17,,,100.0,100.0,,,
m3,m3_random_2,0,3,20250749,12,Y,all,,,16,,,100.0,100.0,,,
m4,m4_paper_0,0,4,20250755,1,X,none,,,17,0.3432777777777778,0.3888888888888889,96.42857142857143,70.0,,,
m4,m4_paper_0,0,4,20250755,2,Y,none,,,8,0.5652416666666666,0.75,97.42063492063492,78.33333333333333,,,
m4,m4_paper_0,0,4,20250755,3,Y,none,,,26,0.6543611111111111,0.7142857142857143,94.44444444444444,53.333333333333336,,,
m4,m4_paper_0,0,4,20250755,4,X,none,,,10,0.37777777777777777,0.6111111111111112,93.25396825396825,43.333333333333336,,,
m4,m4_paper_0,0,4,20250755,5,Y,insider,seller,1.393,20,0.685,0.8333333333333334,90.47619047619048,50.0,361.0,272.3333333333333,132.55813953488374
m4,m4_paper_0,0,4,20250755,6,X,insider,buyer,0.041,17,0.4575555555555556,0.7058823529411765,87.77777777777777,63.333333333333336,854.1666666666666,462.5,184.68468468468467
m4,m4_paper_0,0,4,20250755,7,Y,insider,seller,1.692,22,0.6955555555555555,0.7222222222222222,93.45238095238095,65.625,345.0,309.1666666666667,111.59029649595686
m4,m4_paper_0,0,4,20250755,8,Y,insider,seller,0.911,25,0.6627777777777778,0.7222222222222222,82.73809523809524,9.375,381.5,197.66666666666666,193.00168634064082
m4,m4_paper_0,0,4,20250755,9,X,insider,buyer,0.374,19,0.4137222222222222,0.6666666666666666,95.55555555555556,86.66666666666667,898.1666666666666,535.1666666666666,167.82933665524757
m4,m4_paper_0,0,4,20250755,10,Y,insider,seller,1.394,18,0.6833333333333333,0.5882352941176471,95.23809523809524,75.0,362.8333333333333,303.8333333333333,119.41854086670322
m4,m4_paper_0,0,4,20250755,11,X,insider,buyer,0.249,19,0.48777777777777775,0.7777777777777778,90.0,70.0,810.8333333333334,539.1666666666666,150.386398763524
m4,m4_paper_0,0,4,20250755,12,Y,insider,seller,0.457,15,0.6325555555555555,0.6666666666666666,70.23809523809524,-56.25,368.1666666666667,123.5,298.11066126855604
m4,m4_paper_0,0,4,20250755,13,X,insider,buyer,0.252,19,0.45999999999999996,0.5555555555555556,90.0,70.0,876.6666666666666,473.3333333333333,185.2112676056338
m4,m4_paper_0,0,4,20250755,14,Y,none,,,22,0.6258333333333334,0.4411764705882353,98.41269841269842,86.66666666666667,,,
m4,m4_paper_1,0,4,20250756,1,X,none,,,20,0.3295555555555556,0.6111111111111112,92.7579365079365,39.166666666666664,,,
m4,m4_paper_1,0,4,20250756,2,Y,none,,,15,0.6263611111111111,0.6666666666666666,97.22222222222223,76.66666666666667,,,
m4,m4_paper_1,0,4,20250756,3,Y,none,,,15,0.6554444444444445,0.6111111111111112,97.61904761904762,80.0,,,
m4,m4_paper_1,0,4,20250756,4,X,none,,,23,0.3104166666666667,0.7222222222222222,89.98015873015873,15.833333333333334,,,
m4,m4_paper_1,0,4,20250756,5,Y,insider,seller,1.721,17,0.5870555555555556,0.7777777777777778,81.54761904761905,3.125,346.3333333333333,224.5,154.26874536005937
m4,m4_paper_1,0,4,20250756,6,X,insider,buyer,-0.392,15,0.3788888888888889,0.5555555555555556,85.55555555555556,56.666666666666664,785.3333333333334,498.0,157.69745649263723
m4,m4_paper_1,0,4,20250756,7,Y,insider,seller,1.712,13,0.6198333333333333,0.5294117647058824,83.92857142857143,15.625,346.0,241.5,143.2712215320911
m4,m4_paper_1,0,4,20250756,8,Y,insider,seller,1.668,19,0.6509444444444443,0.4444444444444444,89.88095238095238,46.875,346.5,282.6666666666667,122.5825471698113
m4,m4_paper_1,0,4,20250756,9,X,insider,buyer,0.183,18,0.4230555555555556,0.6111111111111112,87.77777777777777,63.333333333333336,799.1666666666666,517.5,154.4283413848631
m4,m4_paper_1,0,4,20250756,10,Y,insider,seller,1.697,22,0.6896111111111112,0.5882352941176471,88.0952380952381,37.5,358.3333333333333,258.3333333333333,138.70967741935482
m4,m4_paper_1,0,4,20250756,11,X,insider,buyer,0.11,25,0.5249999999999999,0.7222222222222222,91.11111111111111,73.33333333333333,874.0,492.6666666666667,177.4018944519621
m4,m4_paper_1,0,4,20250756,12,Y,insider,seller,1.723,20,0.7544444444444445,0.7777777777777778,90.47619047619048,50.0,350.5,282.8333333333333,123.92457277548615
m4,m4_paper_1,0,4,20250756,13,X,insider,buyer,0.304,23,0.6344444444444445,0.8888888888888888,91.11111111111111,73.33333333333333,854.8333333333334,511.8333333333333,167.014001953761
m4,m4_paper_1,0,4,20250756,14,Y,none,,,21,0.6634166666666667,0.8888888888888888,97.02380952380952,75.0,,,
m4,m4_random_0,0,4,20250757,1,Y,none,,,11,0.6344083333333334,0.3888888888888889,97.02380952380952,75.0,,,
m4,m4_random_0,0,4,20250757,2,X,none,,,17,0.33725,0.6944444444444444,96.82539682539682,73.33333333333333,,,
m4,m4_random_0,0,4,20250757,3,X,none,,,23,0.37527777777777777,0.7222222222222222,98.41269841269842,86.66666666666667,,,
m4,m4_random_0,0,4,20250757,4,X,none,,,21,0.5083333333333333,0.7142857142857143,99.0079365079365,91.66666666666667,,,
m4,m4_random_0,0,4,20250757,5,X,insider,buyer,-0.266,20,0.44055555555555553,0.9444444444444444,84.44444444444444,53.333333333333336,786.5,480.1666666666667,163.79729260673378
m4,m4_random_0,0,4,20250757,6,X,insider,buyer,0.036,14,0.616111111111111,0.8888888888888888,90.0,70.0,726.5,623.5,116.5196471531676
m4,m4_random_0,0,4,20250757,7,Y,insider,seller,1.604,24,0.7272222222222222,0.5555555555555556,92.85714285714286,62.5,346.1666666666667,303.8333333333333,113.93307734503568
m4,m4_random_0,0,4,20250757,8,Y,insider,seller,1.522,25,0.7648333333333333,0.7777777777777778,88.0952380952381,37.5,366.0,250.66666666666666,146.01063829787233
m4,m4_random_0,0,4,20250757,9,Y,insider,seller,1.339,24,0.7296666666666667,0.8888888888888888,97.61904761904762,87.5,366.6666666666667,316.6666666666667,115.78947368421053
m4,m4_random_0,0,4,20250757,10,X,insider,buyer,-0.028,24,0.43333333333333335,0.7222222222222222,87.77777777777777,63.333333333333336,867.6666666666666,449.0,193.24424647364512
m4,m4_random_0,0,4,20250757,11,Y,insider,seller,1.393,23,0.6994444444444444,0.7777777777777778,96.42857142857143,81.25,367.6666666666667,307.3333333333333,119.6312364425163
m4,m4_random_0,0,4,20250757,12,Y,insider,seller,1.809,22,0.6615555555555556,0.7222222222222222,95.23809523809524,75.0,382.8333333333333,283.8333333333333,134.87962419260128
m4,m4_random_0,0,4,20250757,13,Y,insider,seller,1.112,24,0.7113888888888888,0.7222222222222222,98.80952380952381,93.75,357.5,334.1666666666667,106.98254364089775
m4,m4_random_0,0,4,20250757,14,Y,none,,,24,0.6266666666666666,0.5833333333333334,98.61111111111111,88.33333333333333,,,
m4,m4_random_1,0,4,20250758,1,Y,none,,,15,0.6040416666666667,0.6666666666666666,97.42063492063492,78.33333333333333,,,
m4,m4_random_1,0,4,20250758,2,Y,none,,,20,0.6809444444444445,0.75,97.02380952380952,75.0,,,
m4,m4_random_1,0,4,20250758,3,X,none,,,23,0.3354722222222222,0.8055555555555556,97.61904761904762,80.0,,,
m4,m4_random_1,0,4,20250758,4,X,none,,,11,0.3680555555555556,0.5555555555555556,93.25396825396825,43.333333333333336,,,
m4,m4_random_1,0,4,20250758,5,X,insider,buyer,0.117,16,0.43833333333333335,0.6111111111111112,85.55555555555556,56.666666666666664,825.0,458.3333333333333,180.0
m4,m4_random_1,0,4,20250758,6,X,insider,buyer,0.031,17,0.517,0.7777777777777778,92.22222222222223,76.66666666666667,805.0,578.3333333333334,139.19308357348703
m4,m4_random_1,0,4,20250758,7,Y,insider,seller,0.467,23,0.6322222222222221,0.5555555555555556,68.45238095238095,-65.625,404.5,74.66666666666667,541.7410714285714
m4,m4_random_1,0,4,20250758,8,Y,insider,seller,0.443,8,0.6816666666666666,0.6666666666666666,76.19047619047619,-25.0,329.5,203.83333333333334,161.6516762060507
m4,m4_random_1,0,4,20250758,9,Y,insider,seller,1.233,21,0.7288888888888888,0.7222222222222222,100.0,100.0,356.1666666666667,343.8333333333333,103.58700920988854
m4,m4_random_1,0,4,20250758,10,Y,insider,seller,1.029,20,0.7635944444444445,0.7777777777777778,100.0,100.0,352.0,348.0,101.14942528735632
m4,m4_random_1,0,4,20250758,11,Y,insider,seller,1.862,19,0.6808888888888889,0.7647058823529411,91.66666666666667,56.25,341.0,300.6666666666667,113.41463414634146
m4,m4_random_1,0,4,20250758,12,X,insider,buyer,0.226,20,0.4797222222222222,0.8888888888888888,90.0,70.0,858.3333333333334,491.6666666666667,174.5762711864407
m4,m4_random_1,0,4,20250758,13,Y,insider,seller,1.077,25,0.7383333333333333,0.9444444444444444,88.69047619047619,40.625,348.1666666666667,272.6666666666667,127.68948655256725
m4,m4_random_1,0,4,20250758,14,X,none,,,20,0.37343333333333334,0.5294117647058824,97.12301587301587,75.83333333333333,,,
m4,m4_random_2,0,4,20250759,1,Y,none,,,13,0.6512972222222222,0.3611111111111111,97.02380952380952,75.0,,,
m4,m4_random_2,0,4,20250759,2,Y,none,,,16,0.6665833333333333,0.6666666666666666,91.66666666666667,30.0,,,
m4,m4_random_2,0,4,20250759,3,Y,none,,,17,0.6416944444444445,0.6666666666666666,88.69047619047619,5.0,,,
m4,m4_random_2,0,4,20250759,4,Y,none,,,14,0.7176388888888889,0.5833333333333334,84.32539682539682,-31.666666666666668,,,
m4,m4_random_2,0,4,20250759,5,X,insider,buyer,0.071,23,0.3985,1.0,87.77777777777777,63.333333333333336,871.6666666666666,445.0,195.88014981273406
m4,m4_random_2,0,4,20250759,6,Y,insider,seller,2.206,14,0.7094444444444444,0.7777777777777778,89.28571428571429,43.75,329.6666666666667,295.3333333333333,111.62528216704291
m4,m4_random_2,0,4,20250759,7,Y,insider,seller,1.719,28,0.7524444444444445,0.8888888888888888,94.64285714285714,71.875,362.3333333333333,300.1666666666667,120.71071626873956
m4,m4_random_2,0,4,20250759,8,X,insider,buyer,-0.362,20,0.22111111111111112,0.8823529411764706,85.55555555555556,56.666666666666664,978.8333333333334,304.5,321.45593869731806
m4,m4_random_2,0,4,20250759,9,X,insider,buyer,0.027,19,0.5094444444444445,0.8333333333333334,88.88888888888889,66.66666666666667,835.8333333333334,497.5,168.00670016750422
m4,m4_random_2,0,4,20250759,10,Y,insider,seller,0.208,25,0.5788888888888889,0.7222222222222222,86.9047619047619,31.25,444.5,163.83333333333334,271.3123092573754
m4,m4_random_2,0,4,20250759,11,X,insider,buyer,0.603,19,0.5227777777777778,0.7777777777777778,95.55555555555556,86.66666666666667,843.3333333333334,590.0,142.93785310734464
m4,m4_random_2,0,4,20250759,12,X,insider,buyer,0.552,18,0.4855555555555556,0.6666666666666666,97.77777777777777,93.33333333333333,860.8333333333334,605.8333333333334,142.09078404401652
m4,m4_random_2,0,4,20250759,13,Y,insider,seller,0.079,17,0.6322777777777778,0.5,64.88095238095238,-84.375,409.0,45.166666666666664,905.5350553505535
m4,m4_random_2,0,4,20250759,14,Y,none,,,19,0.6322222222222221,0.4722222222222222,96.82539682539682,73.33333333333333,,,
m5,m5_paper_0,0,5,20250765,1,Z,none,,,16,0.4,0.2777777777777778,96.62745098039215,79.22705314009661,,,
m5,m5_paper_0,0,5,20250765,2,X,none,,,18,0.35,0.25,97.47058823529412,84.42028985507247,,,
m5,m5_paper_0,0,5,20250765,3,Z,none,,,20,0.40111111111111114,0.3611111111111111,100.0,100.0,,,
m5,m5_paper_0,0,5,20250765,4,X,insider,seller,1.538,20,0.3907222222222222,0.5882352941176471,93.28703703703704,57.35294117647059,373.3333333333333,298.3333333333333,125.13966480446926
m5,m5_paper_0,0,5,20250765,5,X,insider,seller,1.332,23,0.3888888888888889,0.6111111111111112,95.25462962962963,69.8529411764706,374.0,311.8333333333333,119.93586317477286
m5,m5_paper_0,0,5,20250765,6,Y,insider,buyer,0.277,22,0.2925,0.8888888888888888,93.62244897959184,78.69318181818181,516.6666666666666,400.8333333333333,128.8981288981289
m5,m5_paper_0,0,5,20250765,7,Z,insider,buyer,0.264,22,0.3902777777777778,0.8333333333333334,100.0,100.0,796.6666666666666,483.3333333333333,164.82758620689654
m5,m5_paper_0,0,5,20250765,8,Z,insider,buyer,-0.291,25,0.3627777777777778,0.7777777777777778,88.93229166666667,69.20289855072464,725.8333333333334,412.5,175.959595959596
m5,m5_paper_0,0,5,20250765,9,Y,insider,buyer,-0.745,18,0.3111111111111111,0.5,83.41836734693878,44.60227272727273,482.6666666666667,334.8333333333333,144.15131906421107
m5,m5_paper_0,0,5,20250765,10,Y,insider,buyer,-1.782,20,0.3501888888888889,0.8333333333333334,83.50340136054422,44.88636363636363,469.8333333333333,348.5,134.8158775705404
m5,m5_paper_0,0,5,20250765,11,X,insider,seller,0.74,23,0.2623611111111111,0.8333333333333334,81.59722222222223,-16.91176470588235,415.5,172.0,241.56976744186048
m5,m5_paper_0,0,5,20250765,12,Y,insider,buyer,-0.378,20,0.38685183333333334,0.7222222222222222,92.34693877551021,74.43181818181819,527.0,378.0,139.41798941798942
m5,m5_paper_0,0,5,20250765,13,Z,insider,buyer,-0.137,22,0.2708333333333333,0.6111111111111112,83.13802083333333,53.07971014492754,748.3333333333334,315.8333333333333,236.9393139841689
m5,m5_paper_1,0,5,20250766,1,Z,none,,,9,0.4,0.2222222222222222,91.56862745098039,48.067632850241544,,,
m5,m5_paper_1,0,5,20250766,2,X,none,,,18,0.35,0.25,100.0,100.0,,,
m5,m5_paper_1,0,5,20250766,3,Z,none,,,25,0.4,0.37142857142857144,100.0,100.0,,,
m5,m5_paper_1,0,5,20250766,4,X,insider,seller,1.132,17,0.38361111111111107,0.5,81.94444444444444,-14.705882352941176,360.5,229.5,157.0806100217865
m5,m5_paper_1,0,5,20250766,5,X,insider,seller,1.351,20,0.3705555555555555,0.6470588235294118,90.27777777777777,38.23529411764706,370.6666666666667,279.3333333333333,132.6968973747017
m5,m5_paper_1,0,5,20250766,6,Y,insider,buyer,-1.292,23,0.20833333333333334,0.625,91.07142857142857,70.17045454545455,552.3333333333334,340.1666666666667,162.37138657520822
m5,m5_paper_1,0,5,20250766,7,Z,insider,buyer,-0.479,21,0.36166666666666664,0.8,78.97135416666667,41.48550724637681,588.3333333333334,422.5,139.25049309664695
m5,m5_paper_1,0,5,20250766,8,Z,insider,buyer,-0.16,21,0.34872855555555554,0.6470588235294118,95.18229166666667,86.59420289855072,743.1666666666666,475.1666666666667,156.40126271483686
m5,m5_paper_1,0,5,20250766,9,Y,insider,buyer,-0.786,18,0.2574073888888889,0.5294117647058824,93.62244897959184,78.69318181818181,557.5,360.0,154.86111111111111
m5,m5_paper_1,0,5,20250766,10,Y,insider,buyer,-0.986,22,0.26512344444444447,0.6111111111111112,87.24489795918367,57.38636363636363,510.8333333333333,344.1666666666667,148.42615012106535
m5,m5_paper_1,0,5,20250766,11,X,insider,seller,0.273,19,0.3338888888888889,0.6666666666666666,73.26388888888889,-69.8529411764706,400.6666666666667,126.83333333333333,315.90013140604475
m5,m5_paper_1,0,5,20250766,12,Y,insider,buyer,-1.621,17,0.30583333333333335,0.7222222222222222,88.5204081632653,61.64772727272727,486.6666666666667,380.8333333333333,127.7899343544858
m5,m5_paper_1,0,5,20250766,13,Z,insider,buyer,0.846,21,0.4646111111111111,0.7222222222222222,100.0,100.0,673.1666666666666,606.8333333333334,110.9310628948091
m5,m5_random_0,0,5,20250767,1,X,none,,,12,0.35,0.2222222222222222,95.7843137254902,74.03381642512078,,,
m5,m5_random_0,0,5,20250767,2,Z,none,,,12,0.4,0.3888888888888889,95.7843137254902,74.03381642512078,,,
m5,m5_random_0,0,5,20250767,3,Y,none,,,20,0.2523148055555555,0.25,100.0,100.0,,,
m5,m5_random_0,0,5,20250767,4,Z,insider,buyer,-0.603,24,0.38205555555555554,0.8888888888888888,70.5078125,17.934782608695652,596.6666666666666,305.8333333333333,195.09536784741144
m5,m5_random_0,0,5,20250767,5,Z,insider,buyer,0.431,20,0.454,0.8888888888888888,100.0,100.0,687.1666666666666,592.8333333333334,115.91228563396118
m5,m5_random_0,0,5,20250767,6,X,insider,seller,0.455,22,0.3522222222222222,0.5,69.44444444444444,-94.11764705882354,399.6666666666667,100.33333333333333,398.3388704318938
m5,m5_random_0,0,5,20250767,7,X,insider,seller,0.975,11,0.3833333333333333,0.7777777777777778,90.50925925925925,39.705882352941174,343.8333333333333,307.8333333333333,111.69463995668652
m5,m5_random_0,0,5,20250767,8,Z,insider,buyer,-0.477,23,0.34444444444444444,0.8333333333333334,81.0546875,47.28260869565217,718.6666666666666,318.8333333333333,225.40512284370098
m5,m5_random_0,0,5,20250767,9,Z,insider,buyer,-0.329,22,0.3944444444444445,0.5294117647058824,95.5078125,87.5,713.8333333333334,508.6666666666667,140.33420707732637
m5,m5_random_0,0,5,20250767,10,X,insider,seller,0.709,18,0.36574572222222224,0.6111111111111112,68.28703703703704,-101.47058823529412,380.0,111.66666666666667,340.29850746268653
m5,m5_random_0,0,5,20250767,11,X,insider,seller,1.019,21,0.4,0.4444444444444444,90.27777777777777,38.23529411764706,361.5,288.5,125.30329289428076
m5,m5_random_0,0,5,20250767,12,X,insider,seller,1.031,18,0.45055555555555554,0.25,98.8425925925926,92.6470588235294,361.6666666666667,350.0,103.33333333333334
m5,m5_random_0,0,5,20250767,13,X,insider,seller,1.029,20,0.62,0.6666666666666666,100.0,100.0,361.0,359.0,100.55710306406685
m5,m5_random_1,0,5,20250768,1,Z,none,,,19,0.4,0.17142857142857143,100.0,100.0,,,
m5,m5_random_1,0,5,20250768,2,Y,none,,,21,0.2436111111111111,0.2222222222222222,100.0,100.0,,,
m5,m5_random_1,0,5,20250768,3,Y,none,,,21,0.2523148055555555,0.25,100.0,100.0,,,
m5,m5_random_1,0,5,20250768,4,Z,insider,buyer,-0.372,19,0.4122777777777778,0.4444444444444444,97.59114583333333,93.29710144927536,661.3333333333334,587.8333333333334,112.50354408846046
m5,m5_random_1,0,5,20250768,5,Z,insider,buyer,0.349,18,0.4663969444444445,0.8333333333333334,100.0,100.0,686.6666666666666,593.3333333333334,115.73033707865166
m5,m5_random_1,0,5,20250768,6,Y,insider,buyer,0.206,19,0.24166666666666664,0.6666666666666666,91.07142857142857,70.17045454545455,506.6666666666667,385.8333333333333,131.31749460043198
m5,m5_random_1,0,5,20250768,7,Z,insider,buyer,0.04,26,0.4361111111111111,0.8888888888888888,88.93229166666667,69.20289855072464,769.6666666666666,368.6666666666667,208.77034358047013
m5,m5_random_1,0,5,20250768,8,X,insider,seller,0.455,21,0.3562222222222222,0.7058823529411765,68.05555555555556,-102.94117647058823,397.3333333333333,92.66666666666667,428.7769784172661
m5,m5_random_1,0,5,20250768,9,Y,insider,buyer,-0.505,25,0.25277777777777777,0.6111111111111112,100.0,100.0,585.6666666666666,394.3333333333333,148.5207100591716
m5,m5_random_1,0,5,20250768,10,X,insider,seller,0.945,9,0.37166666666666665,0.7777777777777778,85.18518518518519,5.882352941176471,350.1666666666667,263.1666666666667,133.05889803673213
m5,m5_random_1,0,5,20250768,11,Z,insider,buyer,-0.207,23,0.3981666666666667,0.6470588235294118,97.91666666666667,94.20289855072464,873.5,379.8333333333333,229.96928477402372
m5,m5_random_1,0,5,20250768,12,Z,insider,buyer,0.349,20,0.38105555555555554,0.7647058823529411,100.0,100.0,780.0,500.0,156.0
m5,m5_random_1,0,5,20250768,13,Y,insider,buyer,-0.121,21,0.25,0.4444444444444444,93.62244897959184,78.69318181818181,527.3333333333334,390.1666666666667,135.1559162750961
m5,m5_random_2,0,5,20250769,1,Y,none,,,14,0.25,0.16666666666666666,94.94117647058823,68.84057971014492,,,
m5,m5_random_2,0,5,20250769,2,X,none,,,16,0.35,0.2777777777777778,99.15686274509804,94.80676328502416,,,
m5,m5_random_2,0,5,20250769,3,Z,none,,,11,0.4,0.3055555555555556,92.41176470588235,53.26086956521739,,,
m5,m5_random_2,0,5,20250769,4,X,insider,seller,1.234,21,0.3722222222222222,0.5555555555555556,88.88888888888889,29.41176470588235,360.8333333333333,279.1666666666667,129.25373134328356
m5,m5_random_2,0,5,20250769,5,Z,insider,buyer,-0.447,18,0.3958333333333333,0.5,82.68229166666667,51.81159420289855,618.8333333333334,439.5,140.80394387561623
m5,m5_random_2,0,5,20250769,6,Z,insider,buyer,-0.302,17,0.4072222222222222,0.5555555555555556,100.0,100.0,640.0,640.0,100.0
m5,m5_random_2,0,5,20250769,7,X,insider,seller,1.389,23,0.3708888888888889,0.5,90.50925925925925,39.705882352941174,377.6666666666667,274.0,137.8345498783455
m5,m5_random_2,0,5,20250769,8,Y,insider,buyer,-1.333,23,0.27222222222222225,0.5555555555555556,93.70748299319727,78.97727272727273,570.0,348.3333333333333,163.63636363636365
m5,m5_random_2,0,5,20250769,9,Z,insider,buyer,-0.145,24,0.3879444444444445,0.6111111111111112,84.765625,57.608695652173914,677.8333333333334,407.1666666666667,166.47564469914042
m5,m5_random_2,0,5,20250769,10,Z,insider,buyer,0.473,21,0.4583333333333333,0.8888888888888888,95.5078125,87.5,706.6666666666666,515.8333333333334,136.99515347334406
m5,m5_random_2,0,5,20250769,11,Y,insider,buyer,-0.251,18,0.24166666666666664,0.6111111111111112,88.5204081632653,61.64772727272727,529.0,338.5,156.27769571639587
m5,m5_random_2,0,5,20250769,12,Z,insider,buyer,0.515,22,0.39166666666666666,0.7777777777777778,95.83333333333333,88.40579710144928,674.0,552.6666666666666,121.95416164053077
m5,m5_random_2,0,5,20250769,13,X,insider,seller,1.531,20,0.365,0.3888888888888889,84.95370370370371,4.411764705882353,354.3333333333333,257.3333333333333,137.6943005181347
rounds,m4_r4_paper,0,4,20250755,1,X,none,,,13,0.32236458333333334,0.7291666666666666,97.22222222222223,76.66666666666667,,,
rounds,m4_r4_paper,0,4,20250755,2,Y,none,,,25,0.5839166666666666,0.8297872340425532,97.02380952380952,75.0,,,
rounds,m4_r4_paper,0,4,20250755,3,Y,none,,,25,0.7381875,0.8958333333333334,95.23809523809524,60.0,,,
rounds,m4_r4_paper,0,4,20250755,4,X,none,,,28,0.29839583333333336,0.7083333333333334,95.53571428571429,62.5,,,
rounds,m4_r4_paper,0,4,20250755,5,Y,insider,seller,1.592,14,0.6574875,0.75,84.52380952380952,18.75,336.6666666666667,255.0,132.0261437908497
rounds,m4_r4_paper,0,4,20250755,6,X,insider,buyer,0.395,26,0.45475,0.8333333333333334,95.55555555555556,86.66666666666667,879.0,554.3333333333334,158.56885147324112
rounds,m4_r4_paper,0,4,20250755,7,Y,insider,seller,0.998,35,0.6728333333333333,0.7083333333333334,83.33333333333333,12.5,422.8333333333333,160.5,263.44755970924194
rounds,m4_r4_paper,0,4,20250755,8,Y,insider,seller,1.695,29,0.7402083333333334,0.75,97.61904761904762,87.5,383.0,300.3333333333333,127.52497225305217
rounds,m4_r4_paper,0,4,20250755,9,X,insider,buyer,-0.463,18,0.27270833333333333,0.9166666666666666,81.66666666666667,45.0,912.3333333333334,312.6666666666667,291.7910447761194
rounds,m4_r4_paper,0,4,20250755,10,Y,insider,seller,1.649,24,0.6604583333333333,0.8333333333333334,93.45238095238095,65.625,353.5,300.6666666666667,117.5720620842572
rounds,m4_r4_paper,0,4,20250755,11,X,insider,buyer,-0.196,17,0.37375,0.8333333333333334,88.88888888888889,66.66666666666667,875.0,458.3333333333333,190.9090909090909
rounds,m4_r4_paper,0,4,20250755,12,Y,insider,seller,1.028,29,0.5646666666666667,0.875,76.19047619047619,-25.0,383.0,150.33333333333334,254.7671840354767
rounds,m4_r4_paper,0,4,20250755,13,X,insider,buyer,-0.354,27,0.35541666666666666,0.8333333333333334,85.55555555555556,56.666666666666664,936.0,347.3333333333333,269.48176583493284
rounds,m4_r4_paper,0,4,20250755,14,Y,none,,,19,0.6645833333333333,0.5416666666666666,96.42857142857143,70.0,,,
rounds,m4_r4_random,0,4,20250757,1,Y,none,,,28,0.6432583333333334,0.5416666666666666,99.60317460317461,96.66666666666667,,,
rounds,m4_r4_random,0,4,20250757,2,X,none,,,32,0.34270833333333334,0.5625,97.22222222222223,76.66666666666667,,,
rounds,m4_r4_random,0,4,20250757,3,X,none,,,23,0.43172916666666666,0.8333333333333334,97.61904761904762,80.0,,,
rounds,m4_r4_random,0,4,20250757,4,X,none,,,20,0.47833333333333333,0.75,99.0079365079365,91.66666666666667,,,
rounds,m4_r4_random,0,4,20250757,5,X,insider,buyer,0.052,18,0.5779166666666667,0.6666666666666666,90.0,70.0,743.3333333333334,606.6666666666666,122.52747252747255
rounds,m4_r4_random,0,4,20250757,6,X,insider,buyer,-0.075,25,0.5515833333333333,0.75,84.72222222222223,54.166666666666664,817.1666666666666,453.6666666666667,180.1249081557678
rounds,m4_r4_random,0,4,20250757,7,Y,insider,seller,-2.349,23,0.4220833333333333,0.875,57.142857142857146,-125.0,621.8333333333334,-221.83333333333334,-280.31555221637865
rounds,m4_r4_random,0,4,20250757,8,Y,insider,seller,-0.757,2,0.6583333333333333,0.4583333333333333,80.95238095238095,0.0,291.6666666666667,275.0,106.06060606060606
rounds,m4_r4_random,0,4,20250757,9,Y,insider,seller,0.304,24,0.6529166666666667,0.5416666666666666,70.83333333333333,-53.125,400.0,95.83333333333333,417.3913043478261
rounds,m4_r4_random,0,4,20250757,10,X,insider,buyer,0.124,21,0.4795833333333333,0.6666666666666666,88.88888888888889,66.66666666666667,878.3333333333334,455.0,193.04029304029305
rounds,m4_r4_random,0,4,20250757,11,Y,insider,seller,-1.068,23,0.4558333333333333,0.6666666666666666,69.04761904761905,-62.5,494.8333333333333,-11.5,-4302.898550724637
rounds,m4_r4_random,0,4,20250757,12,Y,insider,seller,0.635,13,0.6604166666666667,0.8260869565217391,80.35714285714286,-3.125,371.1666666666667,191.33333333333334,193.98954703832754
rounds,m4_r4_random,0,4,20250757,13,Y,insider,seller,1.003,17,0.7085833333333333,0.8333333333333334,97.02380952380952,84.375,349.6666666666667,329.5,106.12038442083967
rounds,m4_r4_random,0,4,20250757,14,Y,none,,,23,0.6181979166666667,0.7391304347826086,97.02380952380952,75.0,,,
rounds,m4_r5_paper,0,4,20250755,1,X,none,,,32,0.37116,0.5,99.0079365079365,91.66666666666667,,,
rounds,m4_r5_paper,0,4,20250755,2,Y,none,,,30,0.6208333333333333,0.43333333333333335,98.61111111111111,88.33333333333333,,,
rounds,m4_r5_paper,0,4,20250755,3,Y,none,,,37,0.7338166666666667,0.8666666666666667,91.96428571428571,32.5,,,
rounds,m4_r5_paper,0,4,20250755,4,X,none,,,23,0.3313166666666667,0.8166666666666667,95.23809523809524,60.0,,,
rounds,m4_r5_paper,0,4,20250755,5,Y,insider,seller,1.935,24,0.49766666666666665,0.8,83.92857142857143,15.625,340.1666666666667,247.33333333333334,137.533692722372
rounds,m4_r5_paper,0,4,20250755,6,X,insider,buyer,-0.043,19,0.392,0.6333333333333333,87.77777777777777,63.333333333333336,909.8333333333334,406.8333333333333,223.63785333879562
rounds,m4_r5_paper,0,4,20250755,7,Y,insider,seller,1.376,37,0.7011666666666667,0.7333333333333333,91.07142857142857,53.125,394.0,243.5,161.8069815195072
rounds,m4_r5_paper,0,4,20250755,8,Y,insider,seller,1.335,24,0.6663333333333333,0.7241379310344828,91.07142857142857,53.125,394.3333333333333,243.16666666666666,162.16586703221384
rounds,m4_r5_paper,0,4,20250755,9,X,insider,buyer,0.01,22,0.45316666666666666,0.7666666666666667,87.77777777777777,63.333333333333336,819.1666666666666,497.5,164.65661641541035
rounds,m4_r5_paper,0,4,20250755,10,Y,insider,seller,1.473,37,0.7003333333333333,0.6666666666666666,94.64285714285714,71.875,402.3333333333333,260.1666666666667,154.6444586803331
rounds,m4_r5_paper,0,4,20250755,11,X,insider,buyer,0.063,30,0.4207,0.7666666666666667,91.11111111111111,73.33333333333333,902.3333333333334,464.3333333333333,194.32878679109837
rounds,m4_r5_paper,0,4,20250755,12,Y,insider,seller,1.48,35,0.6916666666666667,0.8,90.47619047619048,50.0,445.8333333333333,187.5,237.77777777777774
rounds,m4_r5_paper,0,4,20250755,13,X,insider,buyer,0.474,21,0.5038333333333334,0.8,100.0,100.0,916.5,583.5,157.0694087403599
rounds,m4_r5_paper,0,4,20250755,14,Y,none,,,12,0.6338666666666666,0.7,84.32539682539682,-31.666666666666668,,,
rounds,m4_r5_random,0,4,20250757,1,Y,none,,,21,0.59768,0.38333333333333336,100.0,100.0,,,
rounds,m4_r5_random,0,4,20250757,2,X,none,,,37,0.3028,0.8333333333333334,97.81746031746032,81.66666666666667,,,
rounds,m4_r5_random,0,4,20250757,3,X,none,,,16,0.4411,0.7,96.62698412698413,71.66666666666667,,,
rounds,m4_r5_random,0,4,20250757,4,X,none,,,25,0.5153883333333333,0.65,98.80952380952381,90.0,,,
rounds,m4_r5_random,0,4,20250757,5,X,insider,buyer,-0.115,19,0.46,0.6896551724137931,85.55555555555556,56.666666666666664,763.6666666666666,519.6666666666666,146.95317511225144
rounds,m4_r5_random,0,4,20250757,6,X,insider,buyer,0.382,32,0.642,0.7,96.66666666666667,90.0,801.3333333333334,648.6666666666666,123.53545734840701
rounds,m4_r5_random,0,4,20250757,7,Y,insider,seller,2.291,21,0.6639999999999999,0.7,92.85714285714286,62.5,356.5,293.5,121.46507666098807
rounds,m4_r5_random,0,4,20250757,8,Y,insider,seller,-0.151,27,0.4448333333333333,0.7333333333333333,80.95238095238095,0.0,433.5,133.16666666666666,325.53191489361706
rounds,m4_r5_random,0,4,20250757,9,Y,insider,seller,0.341,18,0.6833333333333333,0.5714285714285714,67.85714285714286,-68.75,230.5,244.5,94.27402862985686
rounds,m4_r5_random,0,4,20250757,10,X,insider,buyer,0.268,26,0.5429999999999999,0.6896551724137931,93.33333333333333,80.0,911.0,489.0,186.29856850715746
rounds,m4_r5_random,0,4,20250757,11,Y,insider,seller,1.138,24,0.7126666666666667,0.7,100.0,100.0,357.6666666666667,342.3333333333333,104.47906523855893
rounds,m4_r5_random,0,4,20250757,12,Y,insider,seller,0.967,33,0.711,0.7931034482758621,100.0,100.0,380.5,319.5,119.0923317683881
rounds,m4_r5_random,0,4,20250757,13,Y,insider,seller,1.057,28,0.7462666666666666,0.8666666666666667,98.21428571428571,90.625,358.0,329.5,108.649468892261
rounds,m4_r5_random,0,4,20250757,14,Y,none,,,43,0.6715,0.8,98.01587301587301,83.33333333333333,,,
rounds,m4_r6_paper,0,4,20250755,1,X,none,,,26,0.31975000000000003,0.6388888888888888,95.23809523809524,60.0,,,
rounds,m4_r6_paper,0,4,20250755,2,Y,none,,,28,0.5967916666666667,0.7083333333333334,97.42063492063492,78.33333333333333,,,
rounds,m4_r6_paper,0,4,20250755,3,Y,none,,,24,0.661861111111111,0.5833333333333334,96.82539682539682,73.33333333333333,,,
rounds,m4_r6_paper,0,4,20250755,4,X,none,,,51,0.2774027777777778,0.8472222222222222,94.94047619047619,57.5,,,
rounds,m4_r6_paper,0,4,20250755,5,Y,insider,seller,1.586,22,0.6625833333333333,0.75,88.69047619047619,40.625,350.0,270.8333333333333,129.23076923076923
rounds,m4_r6_paper,0,4,20250755,6,X,insider,buyer,-0.061,17,0.4552777777777778,0.7222222222222222,86.66666666666667,60.0,900.0,400.0,225.0
rounds,m4_r6_paper,0,4,20250755,7,Y,insider,seller,1.201,30,0.7013333333333334,0.7777777777777778,92.26190476190476,59.375,358.8333333333333,287.0,125.02903600464575
rounds,m4_r6_paper,0,4,20250755,8,Y,insider,seller,1.07,30,0.7418888888888888,0.75,100.0,100.0,352.1666666666667,347.8333333333333,101.24580737901296
rounds,m4_r6_paper,0,4,20250755,9,X,insider,buyer,-0.061,16,0.4584444444444445,0.6857142857142857,88.88888888888889,66.66666666666667,933.3333333333334,400.0,233.33333333333337
rounds,m4_r6_paper,0,4,20250755,10,Y,insider,seller,0.576,29,0.6408333333333334,0.6388888888888888,79.76190476190476,-6.25,399.8333333333333,158.5,252.26077812828598
rounds,m4_r6_paper,0,4,20250755,11,X,insider,buyer,0.16,32,0.5308333333333333,0.6666666666666666,95.55555555555556,86.66666666666667,914.8333333333334,518.5,176.4384442301511
rounds,m4_r6_paper,0,4,20250755,12,Y,insider,seller,1.169,27,0.7045833333333333,0.7777777777777778,93.45238095238095,65.625,361.0,293.1666666666667,123.13814667424673
rounds,m4_r6_paper,0,4,20250755,13,X,insider,buyer,0.429,27,0.5963888888888889,0.7222222222222222,100.0,100.0,890.6666666666666,609.3333333333334,146.17067833698027
rounds,m4_r6_paper,0,4,20250755,14,Y,none,,,39,0.7567597222222222,0.75,95.43650793650794,61.666666666666664,,,
rounds,m4_r6_random,0,4,20250757,1,Y,none,,,37,0.6041944444444444,0.4027777777777778,99.2063492063492,93.33333333333333,,,
rounds,m4_r6_random,0,4,20250757,2,X,none,,,38,0.2564166666666667,0.7638888888888888,96.23015873015873,68.33333333333333,,,
rounds,m4_r6_random,0,4,20250757,3,X,none,,,26,0.43086111111111114,0.5694444444444444,98.80952380952381,90.0,,,
rounds,m4_r6_random,0,4,20250757,4,X,none,,,29,0.4482027777777778,0.5416666666666666,98.41269841269842,86.66666666666667,,,
rounds,m4_r6_random,0,4,20250757,5,X,insider,buyer,0.025,16,0.5865555555555555,0.7222222222222222,88.88888888888889,66.66666666666667,738.5,594.8333333333334,124.15242364808068
rounds,m4_r6_random,0,4,20250757,6,X,insider,buyer,0.391,31,0.5355555555555556,0.6111111111111112,100.0,100.0,966.8333333333334,533.1666666666666,181.3379180994061
rounds,m4_r6_random,0,4,20250757,7,Y,insider,seller,0.21,22,0.5663888888888889,0.3333333333333333,58.333333333333336,-118.75,404.6666666666667,3.6666666666666665,11036.363636363638
rounds,m4_r6_random,0,4,20250757,8,Y,insider,seller,0.724,31,0.6446666666666666,0.4166666666666667,83.92857142857143,15.625,402.5,185.0,217.56756756756758
rounds,m4_r6_random,0,4,20250757,9,Y,insider,seller,1.287,24,0.7005555555555555,0.8055555555555556,96.42857142857143,81.25,375.3333333333333,299.6666666666667,125.25027808676305
rounds,m4_r6_random,0,4,20250757,10,X,insider,buyer,0.094,18,0.4685555555555556,0.6111111111111112,92.22222222222223,76.66666666666667,918.3333333333334,465.0,197.49103942652332
rounds,m4_r6_random,0,4,20250757,11,Y,insider,seller,1.718,30,0.7193527777777777,0.8333333333333334,96.42857142857143,81.25,375.3333333333333,299.6666666666667,125.25027808676305
rounds,m4_r6_random,0,4,20250757,12,Y,insider,seller,1.617,25,0.6333333333333333,0.75,89.88095238095238,46.875,377.6666666666667,251.5,150.1656726308814
rounds,m4_r6_random,0,4,20250757,13,Y,insider,seller,1.324,30,0.64375,0.6388888888888888,97.02380952380952,84.375,381.6666666666667,297.5,128.29131652661067
rounds,m4_r6_random,0,4,20250757,14,Y,none,,,44,0.6849541666666666,0.7142857142857143,95.73412698412699,64.16666666666667,,,
