group,run_id,session,market,seed,period,state,side,uninformed_level,re,mean_price,discovery,n_trades,first_price,last_price,first_discovery,last_discovery,change_discovery
control,m7_ctrl_42,0,A,42,5,Y,seller,260.0,160,190.5,0.695,23,260,124,-0.0,1.36,1.36
control,m7_ctrl_42,0,A,42,6,X,buyer,260.0,360,270.4,0.104,17,261,292,0.01,0.32,0.31
control,m7_ctrl_42,0,A,42,7,Y,seller,260.0,160,258.7,0.013,19,259,259,0.01,0.01,-0.0
control,m7_ctrl_42,0,A,42,8,X,buyer,260.0,360,281.2,0.212,20,270,295,0.1,0.35,0.25
control,m7_ctrl_42,0,A,42,9,Y,seller,260.0,160,236.2,0.238,10,239,235,0.21,0.25,0.04
control,m7_ctrl_42,0,A,42,11,X,buyer,260.0,360,296.8,0.368,22,250,314,-0.1,0.54,0.64
control,m7_ctrl_42,0,A,42,12,X,buyer,260.0,360,334.0,0.74,25,330,350,0.7,0.9,0.2
control,m7_ctrl_42,0,A,42,13,X,buyer,260.0,360,327.9,0.679,24,300,300,0.4,0.4,0.0
control,m7_ctrl_43,0,A,43,5,X,buyer,260.0,360,274.8,0.148,18,260,291,0.0,0.31,0.31
control,m7_ctrl_43,0,A,43,6,X,buyer,260.0,360,301.4,0.414,21,250,300,-0.1,0.4,0.5
control,m7_ctrl_43,0,A,43,7,X,buyer,260.0,360,297.8,0.378,20,300,300,0.4,0.4,0.0
control,m7_ctrl_43,0,A,43,8,X,buyer,260.0,360,305.0,0.45,23,300,300,0.4,0.4,0.0
control,m7_ctrl_43,0,A,43,9,X,buyer,260.0,360,306.8,0.468,22,280,330,0.2,0.7,0.5
control,m7_ctrl_43,0,A,43,10,Y,seller,260.0,160,170.8,0.892,21,200,129,0.6,1.31,0.71
control,m7_ctrl_43,0,A,43,11,Y,seller,260.0,160,199.5,0.605,22,200,190,0.6,0.7,0.1
control,m7_ctrl_43,0,A,43,12,X,buyer,260.0,360,316.8,0.568,21,300,331,0.4,0.71,0.31
control,m7_ctrl_43,0,A,43,13,Y,seller,260.0,160,185.4,0.746,16,200,150,0.6,1.1,0.5
control,m7_ctrl_44,0,A,44,5,X,buyer,260.0,360,268.6,0.086,13,260,290,0.0,0.3,0.3
control,m7_ctrl_44,0,A,44,6,X,buyer,260.0,360,271.1,0.111,18,250,292,-0.1,0.32,0.42
control,m7_ctrl_44,0,A,44,7,X,buyer,260.0,360,292.6,0.326,27,280,285,0.2,0.25,0.05
control,m7_ctrl_44,0,A,44,8,X,buyer,260.0,360,276.7,0.167,12,259,291,-0.01,0.31,0.32
control,m7_ctrl_44,0,A,44,9,X,buyer,260.0,360,315.7,0.557,25,280,330,0.2,0.7,0.5
control,m7_ctrl_44,0,A,44,10,X,buyer,260.0,360,298.1,0.381,26,250,320,-0.1,0.6,0.7
control,m7_ctrl_44,0,A,44,11,Y,seller,260.0,160,298.5,-0.385,19,200,298,0.6,-0.38,-0.98
control,m7_ctrl_44,0,A,44,12,X,buyer,260.0,360,310.0,0.5,18,300,310,0.4,0.5,0.1
control,m7_ctrl_44,0,A,44,13,Y,seller,260.0,160,193.5,0.665,23,200,150,0.6,1.1,0.5
control,m7_ctrl_45,0,A,45,5,X,buyer,260.0,360,286.6,0.266,25,250,340,-0.1,0.8,0.9
control,m7_ctrl_45,0,A,45,6,X,buyer,260.0,360,260.3,0.003,13,250,280,-0.1,0.2,0.3
control,m7_ctrl_45,0,A,45,7,Y,seller,260.0,160,167.5,0.925,25,250,111,0.1,1.49,1.39
control,m7_ctrl_45,0,A,45,8,X,buyer,260.0,360,299.5,0.395,19,300,290,0.4,0.3,-0.1
control,m7_ctrl_45,0,A,45,9,Y,seller,260.0,160,158.8,1.012,21,200,110,0.6,1.5,0.9
control,m7_ctrl_45,0,A,45,10,Y,seller,260.0,160,139.0,1.21,26,165,113,0.95,1.47,0.52
control,m7_ctrl_45,0,A,45,11,Y,seller,260.0,160,164.8,0.952,29,200,110,0.6,1.5,0.9
control,m7_ctrl_45,0,A,45,12,Y,seller,260.0,160,173.6,0.864,18,200,164,0.6,0.96,0.36
control,m7_ctrl_45,0,A,45,13,X,buyer,260.0,360,208.8,-0.512,15,200,228,-0.6,-0.32,0.28
control,m8_ctrl_42,0,B,42,5,Y,seller,300.0,200,299.1,0.009,22,300,299,-0.0,0.01,0.01
control,m8_ctrl_42,0,B,42,6,Y,seller,300.0,200,281.3,0.187,25,290,191,0.1,1.09,0.99
control,m8_ctrl_42,0,B,42,7,X,buyer,300.0,400,300.0,0.0,12,300,300,0.0,0.0,0.0
control,m8_ctrl_42,0,B,42,8,X,buyer,300.0,400,352.2,0.522,18,300,360,0.0,0.6,0.6
control,m8_ctrl_42,0,B,42,9,X,buyer,300.0,400,353.0,0.53,23,300,372,0.0,0.72,0.72
control,m8_ctrl_42,0,B,42,10,X,buyer,300.0,400,361.9,0.619,23,300,380,0.0,0.8,0.8
control,m8_ctrl_42,0,B,42,11,X,buyer,300.0,400,364.5,0.645,24,251,349,-0.49,0.49,0.98
control,m8_ctrl_42,0,B,42,12,X,buyer,300.0,400,383.6,0.836,19,379,395,0.79,0.95,0.16
control,m8_ctrl_42,0,B,42,13,Y,seller,300.0,200,262.4,0.376,20,296,201,0.04,0.99,0.95
control,m8_ctrl_43,0,B,43,5,Y,seller,300.0,200,252.0,0.48,24,300,200,-0.0,1.0,1.0
control,m8_ctrl_43,0,B,43,6,Y,seller,300.0,200,227.5,0.725,32,300,179,-0.0,1.21,1.21
control,m8_ctrl_43,0,B,43,7,X,buyer,300.0,400,341.9,0.419,16,350,350,0.5,0.5,0.0
control,m8_ctrl_43,0,B,43,8,X,buyer,300.0,400,345.3,0.453,21,350,351,0.5,0.51,0.01
control,m8_ctrl_43,0,B,43,9,X,buyer,300.0,400,334.2,0.342,25,280,351,-0.2,0.51,0.71
control,m8_ctrl_43,0,B,43,10,X,buyer,300.0,400,351.4,0.514,22,350,351,0.5,0.51,0.01
control,m8_ctrl_43,0,B,43,11,X,buyer,300.0,400,373.4,0.734,21,290,355,-0.1,0.55,0.65
control,m8_ctrl_43,0,B,43,12,X,buyer,300.0,400,360.3,0.603,20,349,370,0.49,0.7,0.21
control,m8_ctrl_43,0,B,43,13,Y,seller,300.0,200,283.9,0.161,25,300,100,-0.0,2.0,2.0
control,m8_ctrl_44,0,B,44,5,X,buyer,300.0,400,300.8,0.008,12,300,305,0.0,0.05,0.05
control,m8_ctrl_44,0,B,44,6,Y,seller,300.0,200,287.0,0.13,9,295,279,0.05,0.21,0.16
control,m8_ctrl_44,0,B,44,7,Y,seller,300.0,200,263.0,0.37,2,276,250,0.24,0.5,0.26
control,m8_ctrl_44,0,B,44,8,Y,seller,300.0,200,210.5,0.895,13,279,199,0.21,1.01,0.8
control,m8_ctrl_44,0,B,44,9,X,buyer,300.0,400,350.2,0.502,19,350,351,0.5,0.51,0.01
control,m8_ctrl_44,0,B,44,10,Y,seller,300.0,200,237.2,0.628,10,276,234,0.24,0.66,0.42
control,m8_ctrl_44,0,B,44,11,X,buyer,300.0,400,324.7,0.247,24,300,352,0.0,0.52,0.52
control,m8_ctrl_44,0,B,44,12,Y,seller,300.0,200,286.6,0.134,7,295,259,0.05,0.41,0.36
control,m8_ctrl_44,0,B,44,13,Y,seller,300.0,200,255.4,0.446,17,300,238,-0.0,0.62,0.62
disclosed,m7_disc_42,0,A,42,5,Y,seller,260.0,160,230.2,0.298,17,230,234,0.3,0.26,-0.04
disclosed,m7_disc_42,0,A,42,6,X,buyer,260.0,360,297.6,0.376,19,300,295,0.4,0.35,-0.05
disclosed,m7_disc_42,0,A,42,7,Y,seller,260.0,160,298.7,-0.387,22,300,299,-0.4,-0.39,0.01
disclosed,m7_disc_42,0,A,42,8,X,buyer,260.0,360,299.9,0.399,18,300,300,0.4,0.4,0.0
disclosed,m7_disc_42,0,A,42,9,Y,seller,260.0,160,249.6,0.104,8,254,248,0.06,0.12,0.06
disclosed,m7_disc_42,0,A,42,10,Y,seller,260.0,160,209.7,0.503,3,244,191,0.16,0.69,0.53
disclosed,m7_disc_42,0,A,42,11,X,buyer,260.0,360,277.0,0.17,20,250,300,-0.1,0.4,0.5
disclosed,m7_disc_42,0,A,42,12,X,buyer,260.0,360,288.2,0.282,21,200,300,-0.6,0.4,1.0
disclosed,m7_disc_42,0,A,42,13,X,buyer,260.0,360,312.4,0.524,17,300,319,0.4,0.59,0.19
disclosed,m8_disc_42,0,B,42,5,Y,seller,300.0,200,237.6,0.624,23,260,82,0.4,2.18,1.78
disclosed,m8_disc_42,0,B,42,6,Y,seller,300.0,200,199.1,1.009,23,250,100,0.5,2.0,1.5
disclosed,m8_disc_42,0,B,42,7,X,buyer,300.0,400,344.8,0.448,20,300,340,0.0,0.4,0.4
disclosed,m8_disc_42,0,B,42,8,X,buyer,300.0,400,344.8,0.448,21,280,370,-0.2,0.7,0.9
disclosed,m8_disc_42,0,B,42,9,X,buyer,300.0,400,355.7,0.557,28,350,350,0.5,0.5,0.0
disclosed,m8_disc_42,0,B,42,10,X,buyer,300.0,400,375.8,0.758,24,370,381,0.7,0.81,0.11
disclosed,m8_disc_42,0,B,42,11,X,buyer,300.0,400,387.1,0.871,22,380,400,0.8,1.0,0.2
disclosed,m8_disc_42,0,B,42,12,X,buyer,300.0,400,380.8,0.808,26,390,390,0.9,0.9,0.0
disclosed,m8_disc_42,0,B,42,13,Y,seller,300.0,200,308.8,-0.088,23,250,333,0.5,-0.33,-0.83
ladder1b,m7_lad1b_42,0,A,42,5,Y,seller,260.0,160,261.9,-0.019,14,260,265,-0.0,-0.05,-0.05
ladder1b,m7_lad1b_42,0,A,42,6,X,buyer,260.0,360,267.1,0.071,12,260,285,0.0,0.25,0.25
ladder1b,m7_lad1b_42,0,A,42,7,Y,seller,260.0,160,249.1,0.109,12,250,245,0.1,0.15,0.05
ladder1b,m7_lad1b_42,0,A,42,8,X,buyer,260.0,360,273.7,0.137,15,250,300,-0.1,0.4,0.5
ladder1b,m7_lad1b_42,0,A,42,9,Y,seller,260.0,160,240.9,0.191,24,230,262,0.3,-0.02,-0.32
ladder1b,m7_lad1b_42,0,A,42,10,Y,seller,260.0,160,237.8,0.222,17,230,238,0.3,0.22,-0.08
ladder1b,m7_lad1b_42,0,A,42,11,X,buyer,260.0,360,297.2,0.372,23,251,300,-0.09,0.4,0.49
ladder1b,m7_lad1b_42,0,A,42,12,X,buyer,260.0,360,347.7,0.877,23,350,359,0.9,0.99,0.09
ladder1b,m7_lad1b_42,0,A,42,13,X,buyer,260.0,360,359.0,0.99,18,359,359,0.99,0.99,0.0
ladder1b,m8_lad1b_42,0,B,42,5,Y,seller,300.0,200,208.9,0.911,22,199,209,1.01,0.91,-0.1
ladder1b,m8_lad1b_42,0,B,42,6,Y,seller,300.0,200,198.9,1.011,18,199,198,1.01,1.02,0.01
ladder1b,m8_lad1b_42,0,B,42,7,X,buyer,300.0,400,345.3,0.453,10,310,351,0.1,0.51,0.41
ladder1b,m8_lad1b_42,0,B,42,8,X,buyer,300.0,400,341.9,0.419,11,300,351,0.0,0.51,0.51
ladder1b,m8_lad1b_42,0,B,42,9,X,buyer,300.0,400,377.6,0.776,17,380,390,0.8,0.9,0.1
ladder1b,m8_lad1b_42,0,B,42,10,X,buyer,300.0,400,385.7,0.857,19,399,395,0.99,0.95,-0.04
ladder1b,m8_lad1b_42,0,B,42,11,X,buyer,300.0,400,371.1,0.711,14,350,397,0.5,0.97,0.47
ladder1b,m8_lad1b_42,0,B,42,12,X,buyer,300.0,400,380.3,0.803,15,360,392,0.6,0.92,0.32
ladder1b,m8_lad1b_42,0,B,42,13,Y,seller,300.0,200,197.2,1.028,18,200,199,1.0,1.01,0.01
ladder2,m7_lad2_42,0,A,42,5,Y,seller,260.0,160,160.4,0.996,19,170,159,0.9,1.01,0.11
ladder2,m7_lad2_42,0,A,42,6,X,buyer,260.0,360,280.6,0.206,18,290,300,0.3,0.4,0.1
ladder2,m7_lad2_42,0,A,42,7,Y,seller,260.0,160,158.8,1.012,17,158,159,1.02,1.01,-0.01
ladder2,m7_lad2_42,0,A,42,8,X,buyer,260.0,360,292.4,0.324,16,300,300,0.4,0.4,0.0
ladder2,m7_lad2_42,0,A,42,9,Y,seller,260.0,160,159.1,1.009,17,160,160,1.0,1.0,-0.0
ladder2,m7_lad2_42,0,A,42,10,Y,seller,260.0,160,158.9,1.011,16,158,159,1.02,1.01,-0.01
ladder2,m7_lad2_42,0,A,42,11,X,buyer,260.0,360,321.1,0.611,14,320,330,0.6,0.7,0.1
ladder2,m7_lad2_42,0,A,42,12,X,buyer,260.0,360,352.2,0.922,19,300,359,0.4,0.99,0.59
ladder2,m7_lad2_42,0,A,42,13,X,buyer,260.0,360,346.5,0.865,18,300,359,0.4,0.99,0.59
ladder2,m7_lad2_45,0,A,45,5,X,buyer,260.0,360,315.7,0.557,12,300,335,0.4,0.75,0.35
ladder2,m7_lad2_45,0,A,45,6,X,buyer,260.0,360,337.1,0.771,20,320,331,0.6,0.71,0.11
ladder2,m7_lad2_45,0,A,45,7,Y,seller,260.0,160,155.5,1.045,19,145,160,1.15,1.0,-0.15
ladder2,m7_lad2_45,0,A,45,8,X,buyer,260.0,360,342.8,0.828,16,340,355,0.8,0.95,0.15
ladder2,m7_lad2_45,0,A,45,9,Y,seller,260.0,160,159.1,1.009,16,159,160,1.01,1.0,-0.01
ladder2,m7_lad2_45,0,A,45,10,Y,seller,260.0,160,159.0,1.01,16,159,159,1.01,1.01,-0.0
ladder2,m7_lad2_45,0,A,45,11,Y,seller,260.0,160,159.0,1.01,16,159,159,1.01,1.01,-0.0
ladder2,m7_lad2_45,0,A,45,12,Y,seller,260.0,160,159.0,1.01,16,159,159,1.01,1.01,-0.0
ladder2,m7_lad2_45,0,A,45,13,X,buyer,260.0,360,357.3,0.973,18,350,359,0.9,0.99,0.09
ladder2,m8_lad2_42,0,B,42,6,Y,seller,300.0,200,205.8,0.942,26,181,210,1.19,0.9,-0.29
ladder2,m8_lad2_42,0,B,42,7,X,buyer,300.0,400,359.4,0.594,20,350,373,0.5,0.73,0.23
ladder2,m8_lad2_42,0,B,42,8,X,buyer,300.0,400,365.8,0.658,21,300,380,0.0,0.8,0.8
ladder2,m8_lad2_42,0,B,42,9,X,buyer,300.0,400,379.2,0.792,20,350,390,0.5,0.9,0.4
ladder2,m8_lad2_42,0,B,42,10,X,buyer,300.0,400,395.1,0.951,20,370,380,0.7,0.8,0.1
ladder2,m8_lad2_42,0,B,42,11,X,buyer,300.0,400,384.1,0.841,25,395,399,0.95,0.99,0.04
ladder2,m8_lad2_42,0,B,42,12,X,buyer,300.0,400,356.2,0.562,13,349,380,0.49,0.8,0.31
ladder2,m8_lad2_42,0,B,42,13,Y,seller,300.0,200,205.2,0.948,13,250,204,0.5,0.96,0.46
ladder2,m8_lad2_44,0,B,44,5,X,buyer,300.0,400,353.7,0.537,26,300,382,0.0,0.82,0.82
ladder2,m8_lad2_44,0,B,44,6,Y,seller,300.0,200,194.2,1.058,18,150,199,1.5,1.01,-0.49
ladder2,m8_lad2_44,0,B,44,7,Y,seller,300.0,200,199.0,1.01,17,199,199,1.01,1.01,-0.0
ladder2,m8_lad2_44,0,B,44,8,Y,seller,300.0,200,199.0,1.01,16,199,199,1.01,1.01,-0.0
ladder2,m8_lad2_44,0,B,44,9,X,buyer,300.0,400,380.1,0.801,20,380,381,0.8,0.81,0.01
ladder2,m8_lad2_44,0,B,44,10,Y,seller,300.0,200,199.1,1.009,16,199,199,1.01,1.01,-0.0
ladder2,m8_lad2_44,0,B,44,11,X,buyer,300.0,400,381.7,0.817,18,381,382,0.81,0.82,0.01
ladder2,m8_lad2_44,0,B,44,12,Y,seller,300.0,200,199.0,1.01,16,199,199,1.01,1.01,-0.0
ladder2,m8_lad2_44,0,B,44,13,Y,seller,300.0,200,199.0,1.01,17,199,199,1.01,1.01,-0.0
ladder3,m7_lad3_42,0,A,42,5,Y,seller,260.0,160,159.2,1.008,15,160,159,1.0,1.01,0.01
ladder3,m7_lad3_42,0,A,42,6,X,buyer,260.0,360,358.9,0.989,17,359,359,0.99,0.99,0.0
ladder3,m7_lad3_42,0,A,42,7,Y,seller,260.0,160,159.0,1.01,18,159,159,1.01,1.01,-0.0
ladder3,m7_lad3_42,0,A,42,8,X,buyer,260.0,360,347.8,0.878,18,159,359,-1.01,0.99,2.0
ladder3,m7_lad3_42,0,A,42,9,Y,seller,260.0,160,159.0,1.01,17,159,159,1.01,1.01,-0.0
ladder3,m7_lad3_42,0,A,42,10,Y,seller,260.0,160,159.0,1.01,16,159,159,1.01,1.01,-0.0
ladder3,m7_lad3_42,0,A,42,11,X,buyer,260.0,360,359.0,0.99,17,359,359,0.99,0.99,0.0
ladder3,m7_lad3_42,0,A,42,12,X,buyer,260.0,360,359.0,0.99,16,359,359,0.99,0.99,0.0
ladder3,m7_lad3_42,0,A,42,13,X,buyer,260.0,360,359.0,0.99,16,359,359,0.99,0.99,0.0
ladder3,m7_lad3_45,0,A,45,5,X,buyer,260.0,360,289.5,0.295,23,260,291,0.0,0.31,0.31
ladder3,m7_lad3_45,0,A,45,6,X,buyer,260.0,360,322.4,0.624,19,290,335,0.3,0.75,0.45
ladder3,m7_lad3_45,0,A,45,7,Y,seller,260.0,160,323.7,-0.637,24,300,332,-0.4,-0.72,-0.32
ladder3,m7_lad3_45,0,A,45,8,X,buyer,260.0,360,343.3,0.833,21,340,330,0.8,0.7,-0.1
ladder3,m7_lad3_45,0,A,45,9,Y,seller,260.0,160,300.0,-0.4,22,299,301,-0.39,-0.41,-0.02
ladder3,m7_lad3_45,0,A,45,11,Y,seller,260.0,160,159.7,1.003,19,161,160,0.99,1.0,0.01
ladder3,m7_lad3_45,0,A,45,12,Y,seller,260.0,160,159.2,1.008,18,159,159,1.01,1.01,-0.0
ladder3,m7_lad3_45,0,A,45,13,X,buyer,260.0,360,357.0,0.97,20,350,359,0.9,0.99,0.09
ladder3,m8_lad3_42,0,B,42,5,Y,seller,300.0,200,239.8,0.602,6,280,199,0.2,1.01,0.81
ladder3,m8_lad3_42,0,B,42,6,Y,seller,300.0,200,199.5,1.005,17,199,199,1.01,1.01,-0.0
ladder3,m8_lad3_42,0,B,42,7,X,buyer,300.0,400,365.7,0.657,23,300,399,0.0,0.99,0.99
ladder3,m8_lad3_42,0,B,42,8,X,buyer,300.0,400,394.0,0.94,23,399,399,0.99,0.99,0.0
ladder3,m8_lad3_42,0,B,42,9,X,buyer,300.0,400,399.0,0.99,16,399,399,0.99,0.99,0.0
ladder3,m8_lad3_42,0,B,42,10,X,buyer,300.0,400,395.4,0.954,20,399,380,0.99,0.8,-0.19
ladder3,m8_lad3_42,0,B,42,11,X,buyer,300.0,400,399.0,0.99,16,399,399,0.99,0.99,0.0
ladder3,m8_lad3_42,0,B,42,12,X,buyer,300.0,400,399.1,0.991,20,399,400,0.99,1.0,0.01
ladder3,m8_lad3_42,0,B,42,13,Y,seller,300.0,200,260.3,0.397,23,400,199,-1.0,1.01,2.01
ladder3,m8_lad3_44,0,B,44,5,X,buyer,300.0,400,358.2,0.582,21,300,373,0.0,0.73,0.73
ladder3,m8_lad3_44,0,B,44,6,Y,seller,300.0,200,205.2,0.948,18,290,199,0.1,1.01,0.91
ladder3,m8_lad3_44,0,B,44,7,Y,seller,300.0,200,199.0,1.01,16,199,199,1.01,1.01,-0.0
ladder3,m8_lad3_44,0,B,44,8,Y,seller,300.0,200,199.0,1.01,16,199,199,1.01,1.01,-0.0
ladder3,m8_lad3_44,0,B,44,9,X,buyer,300.0,400,377.1,0.771,20,370,381,0.7,0.81,0.11
ladder3,m8_lad3_44,0,B,44,10,Y,seller,300.0,200,199.0,1.01,16,199,199,1.01,1.01,-0.0
ladder3,m8_lad3_44,0,B,44,11,X,buyer,300.0,400,382.2,0.822,17,370,382,0.7,0.82,0.12
ladder3,m8_lad3_44,0,B,44,12,Y,seller,300.0,200,199.0,1.01,16,199,199,1.01,1.01,-0.0
ladder3,m8_lad3_44,0,B,44,13,Y,seller,300.0,200,199.0,1.01,16,199,199,1.01,1.01,-0.0
m1,m1_paper_0,0,1,20250725,5,Y,buyer,283.3,320,283.6,0.008,18,275,285,-0.22615803814713933,0.04632152588555829,0.27247956403269763
m1,m1_paper_0,0,1,20250725,6,X,seller,283.3,272,281.0,0.206,12,280,284,0.2920353982300892,-0.06194690265486619,-0.3539823008849554
m1,m1_paper_0,0,1,20250725,7,Y,buyer,283.3,320,285.8,0.069,13,283,290,-0.008174386920981238,0.1825613079019071,0.19073569482288835
m1,m1_paper_0,0,1,20250725,8,Y,seller,283.3,262,282.5,0.039,12,280,282,0.1549295774647892,0.06103286384976576,-0.09389671361502343
m1,m1_paper_1,0,1,20250726,5,Y,buyer,283.3,320,283.2,-0.004,15,278,285,-0.14441416893733006,0.04632152588555829,0.19073569482288835
m1,m1_paper_1,0,1,20250726,6,X,seller,283.3,272,250.5,2.9,15,250,252,2.946902654867255,2.769911504424777,-0.1769911504424777
m1,m1_paper_1,0,1,20250726,7,Y,buyer,283.3,320,299.5,0.442,13,300,299,0.45504087193460474,0.42779291553133497,-0.02724795640326976
m1,m1_paper_1,0,1,20250726,8,Y,seller,283.3,262,280.0,0.156,11,280,280,0.1549295774647892,0.1549295774647892,-0.0
m1,m1_random_0,0,1,20250727,5,X,seller,283.3,272,274.2,0.805,14,270,279,1.1769911504424777,0.3805309734513281,-0.7964601769911497
m1,m1_random_0,0,1,20250727,6,Y,buyer,283.3,338,259.0,-0.445,10,150,250,-2.43692870201097,-0.6087751371115177,1.828153564899452
m1,m1_random_0,0,1,20250727,7,Y,buyer,283.3,320,287.5,0.114,16,300,200,0.45504087193460474,-2.269754768392372,-2.724795640326976
m1,m1_random_0,0,1,20250727,8,Y,buyer,283.3,320,200.0,-2.273,6,200,200,-2.269754768392372,-2.269754768392372,0.0
m1,m1_random_1,0,1,20250728,5,X,seller,283.3,272,269.6,1.209,11,250,275,2.946902654867255,0.7345132743362834,-2.212389380530971
m1,m1_random_1,0,1,20250728,6,Y,buyer,283.3,345,294.2,0.176,19,250,315,-0.5397082658022694,0.5137763371150729,1.0534846029173421
m1,m1_random_1,0,1,20250728,7,Y,buyer,283.3,320,289.9,0.18,18,290,293,0.1825613079019071,0.2643051771117164,0.08174386920980929
m1,m1_random_1,0,1,20250728,8,X,seller,283.3,262,277.4,0.279,13,250,283,1.5633802816901405,0.014084507042254047,-1.5492957746478866
m1,m1_random_2,0,1,20250729,5,Y,buyer,283.3,320,284.1,0.02,15,280,284,-0.08991825613079053,0.019073569482288524,0.10899182561307905
m1,m1_random_2,0,1,20250729,6,Y,buyer,283.3,286,271.3,-4.5,12,270,274,-4.9259259259259505,-3.4444444444444633,1.4814814814814876
m1,m1_random_2,0,1,20250729,7,Y,seller,283.3,262,269.7,0.638,11,265,272,0.8591549295774649,0.5305164319248828,-0.32863849765258196
m1,m1_random_2,0,1,20250729,8,Y,buyer,283.3,348,250.0,-0.515,6,250,250,-0.5146831530139107,-0.5146831530139107,0.0
m2,m2_paper_0,0,2,20250735,7,X,seller,266.7,240,212.0,2.052,22,200,197,2.4981273408239706,2.6104868913857686,0.1123595505617978
m2,m2_paper_0,0,2,20250735,8,Y,buyer,266.7,350,327.7,0.732,24,290,349,0.2797118847539017,0.9879951980792316,0.70828331332533
m2,m2_paper_0,0,2,20250735,9,X,seller,266.7,240,313.8,-1.769,25,348,239,-3.044943820224721,1.0374531835205993,4.08239700374532
m2,m2_paper_0,0,2,20250735,10,Y,buyer,266.7,350,299.6,0.395,20,299,300,0.3877551020408164,0.39975990396158473,0.012004801920768306
m2,m2_paper_0,0,2,20250735,11,Y,buyer,266.7,350,300.3,0.403,21,299,301,0.3877551020408164,0.41176470588235303,0.024009603841536612
m2,m2_paper_1,0,2,20250736,7,X,seller,266.7,240,192.8,2.771,13,180,194,3.247191011235956,2.722846441947566,-0.5243445692883897
m2,m2_paper_1,0,2,20250736,8,Y,buyer,266.7,350,248.2,-0.222,22,300,200,0.39975990396158473,-0.8007202881152459,-1.2004801920768307
m2,m2_paper_1,0,2,20250736,9,X,seller,266.7,240,187.4,2.973,16,150,200,4.370786516853934,2.4981273408239706,-1.8726591760299633
m2,m2_paper_1,0,2,20250736,10,Y,buyer,266.7,350,253.2,-0.162,19,250,250,-0.20048019207683057,-0.20048019207683057,0.0
m2,m2_paper_1,0,2,20250736,11,Y,buyer,266.7,350,238.2,-0.342,20,250,210,-0.20048019207683057,-0.6806722689075628,-0.48019207683073223
m2,m2_random_0,0,2,20250737,7,Y,buyer,266.7,350,264.7,-0.023,18,300,200,0.39975990396158473,-0.8007202881152459,-1.2004801920768307
m2,m2_random_0,0,2,20250737,8,X,seller,266.7,240,272.9,-0.233,23,250,200,0.6254681647940074,2.4981273408239706,1.8726591760299633
m2,m2_random_0,0,2,20250737,9,Y,buyer,266.7,350,270.0,0.04,16,270,270,0.03961584633853554,0.03961584633853554,0.0
m2,m2_random_0,0,2,20250737,10,Y,buyer,266.7,350,282.9,0.195,19,270,310,0.03961584633853554,0.5198079231692678,0.48019207683073223
m2,m2_random_0,0,2,20250737,11,Y,buyer,266.7,350,279.8,0.157,20,295,290,0.3397358943577432,0.2797118847539017,-0.06002400960384153
m2,m2_random_1,0,2,20250738,7,X,seller,266.7,240,291.6,-0.936,16,294,290,-1.0224719101123605,-0.8726591760299633,0.14981273408239706
m2,m2_random_1,0,2,20250738,8,Y,buyer,266.7,350,311.0,0.531,21,250,315,-0.20048019207683057,0.5798319327731093,0.7803121248499398
m2,m2_random_1,0,2,20250738,9,Y,buyer,266.7,350,325.3,0.703,19,300,330,0.39975990396158473,0.7599039615846339,0.3601440576230492
m2,m2_random_1,0,2,20250738,10,Y,buyer,266.7,350,331.9,0.783,24,340,292,0.879951980792317,0.3037214885954383,-0.5762304921968787
m2,m2_random_1,0,2,20250738,11,Y,buyer,266.7,350,333.6,0.803,20,340,345,0.879951980792317,0.9399759903961584,0.06002400960384153
m2,m2_random_2,0,2,20250739,7,X,seller,266.7,240,228.3,1.439,24,200,210,2.4981273408239706,2.123595505617978,-0.37453183520599265
m2,m2_random_2,0,2,20250739,8,X,seller,266.7,240,192.5,2.78,13,150,198,4.370786516853934,2.5730337078651693,-1.7977528089887649
m2,m2_random_2,0,2,20250739,9,Y,buyer,266.7,350,291.7,0.3,18,300,300,0.39975990396158473,0.39975990396158473,0.0
m2,m2_random_2,0,2,20250739,10,Y,buyer,266.7,350,270.8,0.049,26,299,200,0.3877551020408164,-0.8007202881152459,-1.1884753901560623
m2,m2_random_2,0,2,20250739,11,Y,buyer,266.7,350,260.3,-0.077,19,290,200,0.2797118847539017,-0.8007202881152459,-1.0804321728691475
m3,m3_gem_paper,0,3,20250745,3,Y,seller,220.0,175,156.3,1.416,20,130,165,2.0,1.2222222222222223,-0.7777777777777778
m3,m3_gem_paper,0,3,20250745,4,X,buyer,220.0,400,230.0,0.055,27,130,299,-0.5,0.4388888888888889,0.9388888888888889
m3,m3_gem_paper,0,3,20250745,5,Y,seller,220.0,175,163.0,1.267,23,130,175,2.0,1.0,-1.0
m3,m3_gem_paper,0,3,20250745,6,Y,seller,220.0,175,170.3,1.104,21,170,175,1.1111111111111112,1.0,-0.1111111111111111
m3,m3_gem_paper,0,3,20250745,7,X,buyer,220.0,400,227.2,0.04,24,175,380,-0.25,0.8888888888888888,1.1388888888888888
m3,m3_gem_paper,0,3,20250745,8,Y,seller,220.0,175,181.2,0.862,24,175,170,1.0,1.1111111111111112,0.1111111111111111
m3,m3_gem_paper,0,3,20250745,9,X,buyer,220.0,400,279.8,0.332,20,220,300,0.0,0.4444444444444444,0.4444444444444444
m3,m3_gem_paper,0,3,20250745,10,Y,seller,220.0,175,175.3,0.994,19,185,174,0.7777777777777778,1.0222222222222221,0.24444444444444444
m3,m3_paper_0,0,3,20250745,3,Y,seller,220.0,175,147.0,1.623,21,140,151,1.7777777777777777,1.5333333333333334,-0.24444444444444444
m3,m3_paper_0,0,3,20250745,4,X,buyer,220.0,400,260.1,0.223,17,250,275,0.16666666666666666,0.3055555555555556,0.1388888888888889
m3,m3_paper_0,0,3,20250745,5,Y,seller,220.0,175,153.7,1.474,24,150,149,1.5555555555555556,1.5777777777777777,0.022222222222222223
m3,m3_paper_0,0,3,20250745,6,Y,seller,220.0,175,160.5,1.322,25,160,170,1.3333333333333333,1.1111111111111112,-0.2222222222222222
m3,m3_paper_0,0,3,20250745,7,X,buyer,220.0,400,250.0,0.167,20,250,250,0.16666666666666666,0.16666666666666666,0.0
m3,m3_paper_0,0,3,20250745,8,Y,seller,220.0,175,164.5,1.234,19,160,174,1.3333333333333333,1.0222222222222221,-0.3111111111111111
m3,m3_paper_0,0,3,20250745,9,X,buyer,220.0,400,248.8,0.16,26,250,200,0.16666666666666666,-0.1111111111111111,-0.2777777777777778
m3,m3_paper_0,0,3,20250745,10,Y,seller,220.0,175,180.0,0.889,22,200,179,0.4444444444444444,0.9111111111111111,0.4666666666666667
m3,m3_paper_1,0,3,20250746,3,Y,seller,220.0,175,193.5,0.588,11,200,179,0.4444444444444444,0.9111111111111111,0.4666666666666667
m3,m3_paper_1,0,3,20250746,4,X,buyer,220.0,400,200.0,-0.111,16,200,200,-0.1111111111111111,-0.1111111111111111,0.0
m3,m3_paper_1,0,3,20250746,5,Y,seller,220.0,175,176.5,0.967,18,170,176,1.1111111111111112,0.9777777777777777,-0.13333333333333333
m3,m3_paper_1,0,3,20250746,6,Y,seller,220.0,175,166.2,1.194,24,165,150,1.2222222222222223,1.5555555555555556,0.3333333333333333
m3,m3_paper_1,0,3,20250746,7,X,buyer,220.0,400,243.3,0.13,20,170,124,-0.2777777777777778,-0.5333333333333333,-0.25555555555555554
m3,m3_paper_1,0,3,20250746,8,Y,seller,220.0,175,188.1,0.709,28,200,149,0.4444444444444444,1.5777777777777777,1.1333333333333333
m3,m3_paper_1,0,3,20250746,9,X,buyer,220.0,400,228.1,0.045,19,200,144,-0.1111111111111111,-0.4222222222222222,-0.3111111111111111
m3,m3_paper_1,0,3,20250746,10,Y,seller,220.0,175,174.4,1.014,29,200,90,0.4444444444444444,2.888888888888889,2.4444444444444446
m3,m3_random_0,0,3,20250747,3,X,buyer,220.0,400,214.9,-0.029,21,210,217,-0.05555555555555555,-0.016666666666666666,0.03888888888888889
m3,m3_random_0,0,3,20250747,4,X,buyer,220.0,400,251.7,0.176,19,250,256,0.16666666666666666,0.2,0.03333333333333333
m3,m3_random_0,0,3,20250747,5,X,buyer,220.0,400,273.7,0.298,21,250,290,0.16666666666666666,0.3888888888888889,0.2222222222222222
m3,m3_random_0,0,3,20250747,6,Y,seller,220.0,175,178.6,0.919,24,170,178,1.1111111111111112,0.9333333333333333,-0.17777777777777778
m3,m3_random_0,0,3,20250747,7,Y,seller,220.0,175,169.3,1.128,23,170,170,1.1111111111111112,1.1111111111111112,-0.0
m3,m3_random_0,0,3,20250747,8,Y,seller,220.0,175,170.3,1.104,24,170,173,1.1111111111111112,1.0444444444444445,-0.06666666666666667
m3,m3_random_0,0,3,20250747,9,X,buyer,220.0,400,248.2,0.157,11,150,260,-0.3888888888888889,0.2222222222222222,0.6111111111111112
m3,m3_random_0,0,3,20250747,10,Y,seller,220.0,175,199.3,0.46,28,219,150,0.022222222222222223,1.5555555555555556,1.5333333333333334
m3,m3_random_1,0,3,20250748,3,X,buyer,220.0,400,212.0,-0.044,22,210,221,-0.05555555555555555,0.005555555555555556,0.06111111111111111
m3,m3_random_1,0,3,20250748,4,Y,seller,220.0,175,225.9,-0.13,21,200,250,0.4444444444444444,-0.6666666666666666,-1.1111111111111112
m3,m3_random_1,0,3,20250748,5,X,buyer,220.0,400,297.6,0.431,20,250,301,0.16666666666666666,0.45,0.2833333333333333
m3,m3_random_1,0,3,20250748,6,Y,seller,220.0,175,200.0,0.444,15,200,200,0.4444444444444444,0.4444444444444444,-0.0
m3,m3_random_1,0,3,20250748,7,Y,seller,220.0,175,179.6,0.897,11,198,174,0.4888888888888889,1.0222222222222221,0.5333333333333333
m3,m3_random_1,0,3,20250748,8,Y,seller,220.0,175,174.3,1.016,19,179,174,0.9111111111111111,1.0222222222222221,0.1111111111111111
m3,m3_random_1,0,3,20250748,9,X,buyer,220.0,400,161.8,-0.323,19,150,200,-0.3888888888888889,-0.1111111111111111,0.2777777777777778
m3,m3_random_1,0,3,20250748,10,X,buyer,220.0,400,171.4,-0.27,21,150,180,-0.3888888888888889,-0.2222222222222222,0.16666666666666666
m3,m3_random_2,0,3,20250749,3,Y,seller,220.0,175,173.5,1.033,20,150,174,1.5555555555555556,1.0222222222222221,-0.5333333333333333
m3,m3_random_2,0,3,20250749,4,Y,seller,220.0,175,153.5,1.478,16,175,100,1.0,2.6666666666666665,1.6666666666666667
m3,m3_random_2,0,3,20250749,5,Y,seller,220.0,175,168.2,1.15,20,180,150,0.8888888888888888,1.5555555555555556,0.6666666666666666
m3,m3_random_2,0,3,20250749,6,X,buyer,220.0,400,171.7,-0.269,20,200,150,-0.1111111111111111,-0.3888888888888889,-0.2777777777777778
m3,m3_random_2,0,3,20250749,7,Y,seller,220.0,175,159.5,1.345,26,174,175,1.0222222222222221,1.0,-0.022222222222222223
m3,m3_random_2,0,3,20250749,8,Y,seller,220.0,175,168.5,1.145,17,176,174,0.9777777777777777,1.0222222222222221,0.044444444444444446
m3,m3_random_2,0,3,20250749,9,Y,seller,220.0,175,153.5,1.477,17,150,160,1.5555555555555556,1.3333333333333333,-0.2222222222222222
m3,m3_random_2,0,3,20250749,10,Y,seller,220.0,175,147.9,1.601,20,101,170,2.6444444444444444,1.1111111111111112,-1.5333333333333334
m4,m4_paper_0,0,4,20250755,5,Y,seller,210.0,175,161.2,1.393,20,170,150,1.1428571428571428,1.7142857142857142,0.5714285714285714
m4,m4_paper_0,0,4,20250755,6,X,buyer,210.0,375,216.8,0.041,17,200,255,-0.06060606060606061,0.2727272727272727,0.3333333333333333
m4,m4_paper_0,0,4,20250755,7,Y,seller,210.0,175,150.8,1.692,22,145,149,1.8571428571428572,1.7428571428571429,-0.11428571428571428
m4,m4_paper_0,0,4,20250755,8,Y,seller,210.0,175,178.1,0.911,25,190,140,0.5714285714285714,2.0,1.4285714285714286
m4,m4_paper_0,0,4,20250755,9,X,buyer,210.0,375,271.6,0.374,19,250,300,0.24242424242424243,0.5454545454545454,0.30303030303030304
m4,m4_paper_0,0,4,20250755,10,Y,seller,210.0,175,161.2,1.394,18,150,174,1.7142857142857142,1.0285714285714285,-0.6857142857142857
m4,m4_paper_0,0,4,20250755,11,X,buyer,210.0,375,251.1,0.249,19,200,280,-0.06060606060606061,0.42424242424242425,0.48484848484848486
m4,m4_paper_0,0,4,20250755,12,Y,seller,210.0,175,194.0,0.457,15,200,174,0.2857142857142857,1.0285714285714285,0.7428571428571429
m4,m4_paper_0,0,4,20250755,13,X,buyer,210.0,375,251.6,0.252,19,220,300,0.06060606060606061,0.5454545454545454,0.48484848484848486
m4,m4_paper_1,0,4,20250756,5,Y,seller,210.0,175,149.8,1.721,17,149,151,1.7428571428571429,1.6857142857142857,-0.05714285714285714
m4,m4_paper_1,0,4,20250756,6,X,buyer,210.0,375,145.3,-0.392,15,149,101,-0.3696969696969697,-0.6606060606060606,-0.2909090909090909
m4,m4_paper_1,0,4,20250756,7,Y,seller,210.0,175,150.1,1.712,13,149,151,1.7428571428571429,1.6857142857142857,-0.05714285714285714
m4,m4_paper_1,0,4,20250756,8,Y,seller,210.0,175,151.6,1.668,19,151,152,1.6857142857142857,1.6571428571428573,-0.02857142857142857
m4,m4_paper_1,0,4,20250756,9,X,buyer,210.0,375,240.2,0.183,18,149,270,-0.3696969696969697,0.36363636363636365,0.7333333333333333
m4,m4_paper_1,0,4,20250756,10,Y,seller,210.0,175,150.6,1.697,22,149,151,1.7428571428571429,1.6857142857142857,-0.05714285714285714
m4,m4_paper_1,0,4,20250756,11,X,buyer,210.0,375,228.2,0.11,25,160,141,-0.30303030303030304,-0.41818181818181815,-0.11515151515151516
m4,m4_paper_1,0,4,20250756,12,Y,seller,210.0,175,149.7,1.723,20,150,150,1.7142857142857142,1.7142857142857142,-0.0
m4,m4_paper_1,0,4,20250756,13,X,buyer,210.0,375,260.1,0.304,23,170,300,-0.24242424242424243,0.5454545454545454,0.7878787878787878
m4,m4_random_0,0,4,20250757,5,X,buyer,210.0,375,166.1,-0.266,20,140,300,-0.42424242424242425,0.5454545454545454,0.9696969696969697
m4,m4_random_0,0,4,20250757,6,X,buyer,210.0,375,215.9,0.036,14,150,242,-0.36363636363636365,0.19393939393939394,0.5575757575757576
m4,m4_random_0,0,4,20250757,7,Y,seller,210.0,175,153.9,1.604,24,150,250,1.7142857142857142,-1.1428571428571428,-2.857142857142857
m4,m4_random_0,0,4,20250757,8,Y,seller,210.0,175,156.7,1.522,25,155,160,1.5714285714285714,1.4285714285714286,-0.14285714285714285
m4,m4_random_0,0,4,20250757,9,Y,seller,210.0,175,163.1,1.339,24,155,165,1.5714285714285714,1.2857142857142858,-0.2857142857142857
m4,m4_random_0,0,4,20250757,10,X,buyer,210.0,375,205.4,-0.028,24,200,200,-0.06060606060606061,-0.06060606060606061,0.0
m4,m4_random_0,0,4,20250757,11,Y,seller,210.0,175,161.3,1.393,23,160,166,1.4285714285714286,1.2571428571428571,-0.17142857142857143
m4,m4_random_0,0,4,20250757,12,Y,seller,210.0,175,146.7,1.809,22,170,103,1.1428571428571428,3.057142857142857,1.9142857142857144
m4,m4_random_0,0,4,20250757,13,Y,seller,210.0,175,171.1,1.112,24,170,174,1.1428571428571428,1.0285714285714285,-0.11428571428571428
m4,m4_random_1,0,4,20250758,5,X,buyer,210.0,375,229.4,0.117,16,220,230,0.06060606060606061,0.12121212121212122,0.06060606060606061
m4,m4_random_1,0,4,20250758,6,X,buyer,210.0,375,215.1,0.031,17,200,245,-0.06060606060606061,0.21212121212121213,0.2727272727272727
m4,m4_random_1,0,4,20250758,7,Y,seller,210.0,175,193.7,0.467,23,200,180,0.2857142857142857,0.8571428571428571,0.5714285714285714
m4,m4_random_1,0,4,20250758,8,Y,seller,210.0,175,194.5,0.443,8,200,181,0.2857142857142857,0.8285714285714286,0.5428571428571428
m4,m4_random_1,0,4,20250758,9,Y,seller,210.0,175,166.9,1.233,21,160,174,1.4285714285714286,1.0285714285714285,-0.4
m4,m4_random_1,0,4,20250758,10,Y,seller,210.0,175,174.0,1.029,20,174,174,1.0285714285714285,1.0285714285714285,-0.0
m4,m4_random_1,0,4,20250758,11,Y,seller,210.0,175,144.8,1.862,19,140,146,2.0,1.8285714285714285,-0.17142857142857143
m4,m4_random_1,0,4,20250758,12,X,buyer,210.0,375,247.2,0.226,20,200,300,-0.06060606060606061,0.5454545454545454,0.6060606060606061
m4,m4_random_1,0,4,20250758,13,Y,seller,210.0,175,172.3,1.077,25,150,150,1.7142857142857142,1.7142857142857142,-0.0
m4,m4_random_2,0,4,20250759,5,X,buyer,210.0,375,221.7,0.071,23,220,230,0.06060606060606061,0.12121212121212122,0.06060606060606061
m4,m4_random_2,0,4,20250759,6,Y,seller,210.0,175,132.8,2.206,14,140,146,2.0,1.8285714285714285,-0.17142857142857143
m4,m4_random_2,0,4,20250759,7,Y,seller,210.0,175,149.8,1.719,28,140,150,2.0,1.7142857142857142,-0.2857142857142857
m4,m4_random_2,0,4,20250759,8,X,buyer,210.0,375,150.3,-0.362,20,140,160,-0.42424242424242425,-0.30303030303030304,0.12121212121212122
m4,m4_random_2,0,4,20250759,9,X,buyer,210.0,375,214.5,0.027,19,140,330,-0.42424242424242425,0.7272727272727273,1.1515151515151516
m4,m4_random_2,0,4,20250759,10,Y,seller,210.0,175,202.7,0.208,25,200,140,0.2857142857142857,2.0,1.7142857142857142
m4,m4_random_2,0,4,20250759,11,X,buyer,210.0,375,309.5,0.603,19,350,240,0.8484848484848485,0.18181818181818182,-0.6666666666666666
m4,m4_random_2,0,4,20250759,12,X,buyer,210.0,375,301.1,0.552,18,300,260,0.5454545454545454,0.30303030303030304,-0.24242424242424243
m4,m4_random_2,0,4,20250759,13,Y,seller,210.0,175,207.2,0.079,17,200,206,0.2857142857142857,0.11428571428571428,-0.17142857142857143
m5,m5_paper_0,0,5,20250765,4,X,seller,212.5,180,162.5,1.538,20,170,155,1.3076923076923077,1.7692307692307692,0.46153846153846156
m5,m5_paper_0,0,5,20250765,5,X,seller,212.5,180,169.2,1.332,23,170,170,1.3076923076923077,1.3076923076923077,-0.0
m5,m5_paper_0,0,5,20250765,6,Y,buyer,212.5,245,221.5,0.277,22,220,224,0.23076923076923078,0.35384615384615387,0.12307692307692308
m5,m5_paper_0,0,5,20250765,7,Z,buyer,212.5,320,240.9,0.264,22,250,250,0.3488372093023256,0.3488372093023256,0.0
m5,m5_paper_0,0,5,20250765,8,Z,buyer,212.5,320,181.2,-0.291,25,200,151,-0.11627906976744186,-0.5720930232558139,-0.4558139534883721
m5,m5_paper_0,0,5,20250765,9,Y,buyer,212.5,245,188.3,-0.745,18,200,171,-0.38461538461538464,-1.2769230769230768,-0.8923076923076924
m5,m5_paper_0,0,5,20250765,10,Y,buyer,212.5,245,154.6,-1.782,20,169,121,-1.3384615384615384,-2.8153846153846156,-1.476923076923077
m5,m5_paper_0,0,5,20250765,11,X,seller,212.5,180,188.4,0.74,23,200,120,0.38461538461538464,2.8461538461538463,2.4615384615384617
m5,m5_paper_0,0,5,20250765,12,Y,buyer,212.5,245,200.2,-0.378,20,200,202,-0.38461538461538464,-0.3230769230769231,0.06153846153846154
m5,m5_paper_0,0,5,20250765,13,Z,buyer,212.5,320,197.7,-0.137,22,200,200,-0.11627906976744186,-0.11627906976744186,0.0
m5,m5_paper_1,0,5,20250766,4,X,seller,212.5,180,175.7,1.132,17,170,177,1.3076923076923077,1.0923076923076922,-0.2153846153846154
m5,m5_paper_1,0,5,20250766,5,X,seller,212.5,180,168.6,1.351,20,170,155,1.3076923076923077,1.7692307692307692,0.46153846153846156
m5,m5_paper_1,0,5,20250766,6,Y,buyer,212.5,245,170.5,-1.292,23,170,171,-1.3076923076923077,-1.2769230769230768,0.03076923076923077
m5,m5_paper_1,0,5,20250766,7,Z,buyer,212.5,320,161.0,-0.479,21,155,161,-0.5348837209302325,-0.4790697674418605,0.05581395348837209
m5,m5_paper_1,0,5,20250766,8,Z,buyer,212.5,320,195.3,-0.16,21,190,198,-0.20930232558139536,-0.13488372093023257,0.07441860465116279
m5,m5_paper_1,0,5,20250766,9,Y,buyer,212.5,245,186.9,-0.786,18,175,190,-1.1538461538461537,-0.6923076923076923,0.46153846153846156
m5,m5_paper_1,0,5,20250766,10,Y,buyer,212.5,245,180.5,-0.986,22,180,182,-1.0,-0.9384615384615385,0.06153846153846154
m5,m5_paper_1,0,5,20250766,11,X,seller,212.5,180,203.6,0.273,19,210,154,0.07692307692307693,1.8,1.7230769230769232
m5,m5_paper_1,0,5,20250766,12,Y,buyer,212.5,245,159.8,-1.621,17,150,180,-1.9230769230769231,-1.0,0.9230769230769231
m5,m5_paper_1,0,5,20250766,13,Z,buyer,212.5,320,303.4,0.846,21,300,311,0.813953488372093,0.9162790697674419,0.10232558139534884
m5,m5_random_0,0,5,20250767,4,Z,buyer,212.5,320,147.7,-0.603,24,150,200,-0.5813953488372093,-0.11627906976744186,0.46511627906976744
m5,m5_random_0,0,5,20250767,5,Z,buyer,212.5,320,258.9,0.431,20,250,260,0.3488372093023256,0.4418604651162791,0.09302325581395349
m5,m5_random_0,0,5,20250767,6,X,seller,212.5,180,197.7,0.455,22,200,179,0.38461538461538464,1.0307692307692307,0.6461538461538462
m5,m5_random_0,0,5,20250767,7,X,seller,212.5,180,180.8,0.975,11,199,179,0.4153846153846154,1.0307692307692307,0.6153846153846154
m5,m5_random_0,0,5,20250767,8,Z,buyer,212.5,320,161.2,-0.477,23,159,161,-0.49767441860465117,-0.4790697674418605,0.018604651162790697
m5,m5_random_0,0,5,20250767,9,Z,buyer,212.5,320,177.1,-0.329,22,159,160,-0.49767441860465117,-0.4883720930232558,0.009302325581395349
m5,m5_random_0,0,5,20250767,10,X,seller,212.5,180,189.4,0.709,18,180,190,1.0,0.6923076923076923,-0.3076923076923077
m5,m5_random_0,0,5,20250767,11,X,seller,212.5,180,179.4,1.019,21,180,179,1.0,1.0307692307692307,0.03076923076923077
m5,m5_random_0,0,5,20250767,12,X,seller,212.5,180,179.0,1.031,18,179,179,1.0307692307692307,1.0307692307692307,-0.0
m5,m5_random_0,0,5,20250767,13,X,seller,212.5,180,179.1,1.029,20,180,179,1.0,1.0307692307692307,0.03076923076923077
m5,m5_random_1,0,5,20250768,4,Z,buyer,212.5,320,172.5,-0.372,19,160,171,-0.4883720930232558,-0.386046511627907,0.10232558139534884
m5,m5_random_1,0,5,20250768,5,Z,buyer,212.5,320,250.0,0.349,18,250,250,0.3488372093023256,0.3488372093023256,0.0
m5,m5_random_1,0,5,20250768,6,Y,buyer,212.5,245,219.2,0.206,19,200,225,-0.38461538461538464,0.38461538461538464,0.7692307692307693
m5,m5_random_1,0,5,20250768,7,Z,buyer,212.5,320,216.8,0.04,26,220,135,0.06976744186046512,-0.7209302325581395,-0.7906976744186046
m5,m5_random_1,0,5,20250768,8,X,seller,212.5,180,197.7,0.455,21,180,198,1.0,0.4461538461538462,-0.5538461538461539
m5,m5_random_1,0,5,20250768,9,Y,buyer,212.5,245,196.1,-0.505,25,180,200,-1.0,-0.38461538461538464,0.6153846153846154
m5,m5_random_1,0,5,20250768,10,X,seller,212.5,180,181.8,0.945,9,150,179,1.9230769230769231,1.0307692307692307,-0.8923076923076924
m5,m5_random_1,0,5,20250768,11,Z,buyer,212.5,320,190.3,-0.207,23,200,170,-0.11627906976744186,-0.3953488372093023,-0.27906976744186046
m5,m5_random_1,0,5,20250768,12,Z,buyer,212.5,320,250.0,0.349,20,250,250,0.3488372093023256,0.3488372093023256,0.0
m5,m5_random_1,0,5,20250768,13,Y,buyer,212.5,245,208.6,-0.121,21,210,220,-0.07692307692307693,0.23076923076923078,0.3076923076923077
m5,m5_random_2,0,5,20250769,4,X,seller,212.5,180,172.4,1.234,21,170,180,1.3076923076923077,1.0,-0.3076923076923077
m5,m5_random_2,0,5,20250769,5,Z,buyer,212.5,320,164.5,-0.447,18,150,170,-0.5813953488372093,-0.3953488372093023,0.18604651162790697
m5,m5_random_2,0,5,20250769,6,Z,buyer,212.5,320,180.0,-0.302,17,180,180,-0.3023255813953488,-0.3023255813953488,0.0
m5,m5_random_2,0,5,20250769,7,X,seller,212.5,180,167.3,1.389,23,150,152,1.9230769230769231,1.8615384615384616,-0.06153846153846154
m5,m5_random_2,0,5,20250769,8,Y,buyer,212.5,245,169.2,-1.333,23,180,150,-1.0,-1.9230769230769231,-0.9230769230769231
m5,m5_random_2,0,5,20250769,9,Z,buyer,212.5,320,196.9,-0.145,24,140,153,-0.6744186046511628,-0.5534883720930233,0.12093023255813953
m5,m5_random_2,0,5,20250769,10,Z,buyer,212.5,320,263.3,0.473,21,300,250,0.813953488372093,0.3488372093023256,-0.46511627906976744
m5,m5_random_2,0,5,20250769,11,Y,buyer,212.5,245,204.3,-0.251,18,180,170,-1.0,-1.3076923076923077,-0.3076923076923077
m5,m5_random_2,0,5,20250769,12,Z,buyer,212.5,320,267.9,0.515,22,300,158,0.813953488372093,-0.5069767441860465,-1.3209302325581396
m5,m5_random_2,0,5,20250769,13,X,seller,212.5,180,162.8,1.531,20,140,170,2.230769230769231,1.3076923076923077,-0.9230769230769231
rounds,m4_r4_paper,0,4,20250755,5,Y,seller,210.0,175,154.3,1.592,14,150,150,1.7142857142857142,1.7142857142857142,-0.0
rounds,m4_r4_paper,0,4,20250755,6,X,buyer,210.0,375,275.2,0.395,26,200,202,-0.06060606060606061,-0.048484848484848485,0.012121212121212121
rounds,m4_r4_paper,0,4,20250755,7,Y,seller,210.0,175,175.1,0.998,35,200,175,0.2857142857142857,1.0,0.7142857142857143
rounds,m4_r4_paper,0,4,20250755,8,Y,seller,210.0,175,150.7,1.695,29,150,151,1.7142857142857142,1.6857142857142857,-0.02857142857142857
rounds,m4_r4_paper,0,4,20250755,9,X,buyer,210.0,375,133.6,-0.463,18,101,150,-0.6606060606060606,-0.36363636363636365,0.296969696969697
rounds,m4_r4_paper,0,4,20250755,10,Y,seller,210.0,175,152.3,1.649,24,149,153,1.7428571428571429,1.6285714285714286,-0.11428571428571428
rounds,m4_r4_paper,0,4,20250755,11,X,buyer,210.0,375,177.6,-0.196,17,170,200,-0.24242424242424243,-0.06060606060606061,0.18181818181818182
rounds,m4_r4_paper,0,4,20250755,12,Y,seller,210.0,175,174.0,1.028,29,150,160,1.7142857142857142,1.4285714285714286,-0.2857142857142857
rounds,m4_r4_paper,0,4,20250755,13,X,buyer,210.0,375,151.6,-0.354,27,170,200,-0.24242424242424243,-0.06060606060606061,0.18181818181818182
rounds,m4_r4_random,0,4,20250757,5,X,buyer,210.0,375,218.5,0.052,18,200,270,-0.06060606060606061,0.36363636363636365,0.42424242424242425
rounds,m4_r4_random,0,4,20250757,6,X,buyer,210.0,375,197.6,-0.075,25,200,200,-0.06060606060606061,-0.06060606060606061,0.0
rounds,m4_r4_random,0,4,20250757,7,Y,seller,210.0,175,292.2,-2.349,23,150,301,1.7142857142857142,-2.6,-4.314285714285714
rounds,m4_r4_random,0,4,20250757,8,Y,seller,210.0,175,236.5,-0.757,2,273,200,-1.8,0.2857142857142857,2.085714285714286
rounds,m4_r4_random,0,4,20250757,9,Y,seller,210.0,175,199.4,0.304,24,209,170,0.02857142857142857,1.1428571428571428,1.1142857142857143
rounds,m4_r4_random,0,4,20250757,10,X,buyer,210.0,375,230.5,0.124,21,200,280,-0.06060606060606061,0.42424242424242425,0.48484848484848486
rounds,m4_r4_random,0,4,20250757,11,Y,seller,210.0,175,247.4,-1.068,23,248,248,-1.0857142857142856,-1.0857142857142856,-0.0
rounds,m4_r4_random,0,4,20250757,12,Y,seller,210.0,175,187.8,0.635,13,199,174,0.3142857142857143,1.0285714285714285,0.7142857142857143
rounds,m4_r4_random,0,4,20250757,13,Y,seller,210.0,175,174.9,1.003,17,189,174,0.6,1.0285714285714285,0.42857142857142855
rounds,m4_r5_paper,0,4,20250755,5,Y,seller,210.0,175,142.3,1.935,24,120,151,2.5714285714285716,1.6857142857142857,-0.8857142857142857
rounds,m4_r5_paper,0,4,20250755,6,X,buyer,210.0,375,202.9,-0.043,19,200,215,-0.06060606060606061,0.030303030303030304,0.09090909090909091
rounds,m4_r5_paper,0,4,20250755,7,Y,seller,210.0,175,161.8,1.376,37,180,150,0.8571428571428571,1.7142857142857142,0.8571428571428571
rounds,m4_r5_paper,0,4,20250755,8,Y,seller,210.0,175,163.3,1.335,24,160,145,1.4285714285714286,1.8571428571428572,0.42857142857142855
rounds,m4_r5_paper,0,4,20250755,9,X,buyer,210.0,375,211.6,0.01,22,100,280,-0.6666666666666666,0.42424242424242425,1.0909090909090908
rounds,m4_r5_paper,0,4,20250755,10,Y,seller,210.0,175,158.4,1.473,37,200,189,0.2857142857142857,0.6,0.3142857142857143
rounds,m4_r5_paper,0,4,20250755,11,X,buyer,210.0,375,220.4,0.063,30,200,261,-0.06060606060606061,0.3090909090909091,0.3696969696969697
rounds,m4_r5_paper,0,4,20250755,12,Y,seller,210.0,175,158.2,1.48,35,150,101,1.7142857142857142,3.1142857142857143,1.4
rounds,m4_r5_paper,0,4,20250755,13,X,buyer,210.0,375,288.2,0.474,21,300,200,0.5454545454545454,-0.06060606060606061,-0.6060606060606061
rounds,m4_r5_random,0,4,20250757,5,X,buyer,210.0,375,190.9,-0.115,19,190,200,-0.12121212121212122,-0.06060606060606061,0.06060606060606061
rounds,m4_r5_random,0,4,20250757,6,X,buyer,210.0,375,273.1,0.382,32,205,300,-0.030303030303030304,0.5454545454545454,0.5757575757575758
rounds,m4_r5_random,0,4,20250757,7,Y,seller,210.0,175,129.8,2.291,21,100,150,3.142857142857143,1.7142857142857142,-1.4285714285714286
rounds,m4_r5_random,0,4,20250757,8,Y,seller,210.0,175,215.3,-0.151,27,200,211,0.2857142857142857,-0.02857142857142857,-0.3142857142857143
rounds,m4_r5_random,0,4,20250757,9,Y,seller,210.0,175,198.1,0.341,18,215,170,-0.14285714285714285,1.1428571428571428,1.2857142857142858
rounds,m4_r5_random,0,4,20250757,10,X,buyer,210.0,375,254.2,0.268,26,210,280,0.0,0.42424242424242425,0.42424242424242425
rounds,m4_r5_random,0,4,20250757,11,Y,seller,210.0,175,170.2,1.138,24,150,174,1.7142857142857142,1.0285714285714285,-0.6857142857142857
rounds,m4_r5_random,0,4,20250757,12,Y,seller,210.0,175,176.2,0.967,33,200,174,0.2857142857142857,1.0285714285714285,0.7428571428571429
rounds,m4_r5_random,0,4,20250757,13,Y,seller,210.0,175,173.0,1.057,28,200,170,0.2857142857142857,1.1428571428571428,0.8571428571428571
rounds,m4_r6_paper,0,4,20250755,5,Y,seller,210.0,175,154.5,1.586,22,151,163,1.6857142857142857,1.3428571428571427,-0.34285714285714286
rounds,m4_r6_paper,0,4,20250755,6,X,buyer,210.0,375,200.0,-0.061,17,200,200,-0.06060606060606061,-0.06060606060606061,0.0
rounds,m4_r6_paper,0,4,20250755,7,Y,seller,210.0,175,168.0,1.201,30,165,176,1.2857142857142858,0.9714285714285714,-0.3142857142857143
rounds,m4_r6_paper,0,4,20250755,8,Y,seller,210.0,175,172.6,1.07,30,176,174,0.9714285714285714,1.0285714285714285,0.05714285714285714
rounds,m4_r6_paper,0,4,20250755,9,X,buyer,210.0,375,200.0,-0.061,16,200,200,-0.06060606060606061,-0.06060606060606061,0.0
rounds,m4_r6_paper,0,4,20250755,10,Y,seller,210.0,175,189.8,0.576,29,199,190,0.3142857142857143,0.5714285714285714,0.2571428571428571
rounds,m4_r6_paper,0,4,20250755,11,X,buyer,210.0,375,236.3,0.16,32,200,276,-0.06060606060606061,0.4,0.46060606060606063
rounds,m4_r6_paper,0,4,20250755,12,Y,seller,210.0,175,169.1,1.169,27,199,145,0.3142857142857143,1.8571428571428572,1.542857142857143
rounds,m4_r6_paper,0,4,20250755,13,X,buyer,210.0,375,280.8,0.429,27,250,296,0.24242424242424243,0.5212121212121212,0.2787878787878788
rounds,m4_r6_random,0,4,20250757,5,X,buyer,210.0,375,214.1,0.025,16,200,229,-0.06060606060606061,0.11515151515151516,0.17575757575757575
rounds,m4_r6_random,0,4,20250757,6,X,buyer,210.0,375,274.5,0.391,31,200,300,-0.06060606060606061,0.5454545454545454,0.6060606060606061
rounds,m4_r6_random,0,4,20250757,7,Y,seller,210.0,175,202.6,0.21,22,200,209,0.2857142857142857,0.02857142857142857,-0.2571428571428571
rounds,m4_r6_random,0,4,20250757,8,Y,seller,210.0,175,184.7,0.724,31,150,150,1.7142857142857142,1.7142857142857142,-0.0
rounds,m4_r6_random,0,4,20250757,9,Y,seller,210.0,175,165.0,1.287,24,199,150,0.3142857142857143,1.7142857142857142,1.4
rounds,m4_r6_random,0,4,20250757,10,X,buyer,210.0,375,225.6,0.094,18,200,300,-0.06060606060606061,0.5454545454545454,0.6060606060606061
rounds,m4_r6_random,0,4,20250757,11,Y,seller,210.0,175,149.9,1.718,30,150,151,1.7142857142857142,1.6857142857142857,-0.02857142857142857
rounds,m4_r6_random,0,4,20250757,12,Y,seller,210.0,175,153.4,1.617,25,150,176,1.7142857142857142,0.9714285714285714,-0.7428571428571429
rounds,m4_r6_random,0,4,20250757,13,Y,seller,210.0,175,163.7,1.324,30,150,171,1.7142857142857142,1.1142857142857143,-0.6
