step,side,before_rung,after_rung,market,seed,paired_periods,before_mean,after_mean,mean_change
0 to 1: dividends and clue count,buyer,0,1,A,42,5,0.4206,0.35019999999999996,-0.07039999999999999
0 to 1: dividends and clue count,buyer,0,1,B,42,6,0.5253333333333333,0.6483333333333333,0.12300000000000001
0 to 1: dividends and clue count,seller,0,1,A,42,3,0.3153333333333333,0.0049999999999999906,-0.31033333333333335
0 to 1: dividends and clue count,seller,0,1,B,42,3,0.19066666666666668,0.515,0.3243333333333333
1 to 1b: implementation changes,buyer,1,1b,A,42,5,0.35019999999999996,0.4894,0.1392
1 to 1b: implementation changes,buyer,1,1b,B,42,6,0.6483333333333333,0.6698333333333334,0.02149999999999998
1 to 1b: implementation changes,seller,1,1b,A,42,4,0.1295,0.12575,-0.0037500000000000033
1 to 1b: implementation changes,seller,1,1b,B,42,3,0.515,0.9833333333333334,0.46833333333333343
1b to 2: period announcement,buyer,1b,2,A,42,5,0.4894,0.5856,0.09620000000000001
1b to 2: period announcement,buyer,1b,2,B,42,6,0.6698333333333334,0.733,0.06316666666666666
1b to 2: period announcement,seller,1b,2,A,42,4,0.12575,1.007,0.8812499999999999
1b to 2: period announcement,seller,1b,2,B,42,2,1.0194999999999999,0.945,-0.07450000000000001
2 to 3: same insiders,buyer,2,3,A,42,5,0.5856,0.9673999999999999,0.38180000000000003
2 to 3: same insiders,buyer,2,3,A,45,4,0.78225,0.6805,-0.10175000000000002
2 to 3: same insiders,buyer,2,3,B,42,6,0.733,0.9203333333333333,0.18733333333333332
2 to 3: same insiders,buyer,2,3,B,44,3,0.7183333333333334,0.725,0.006666666666666636
2 to 3: same insiders,seller,2,3,A,42,4,1.007,1.0095,0.0025000000000000577
2 to 3: same insiders,seller,2,3,A,45,4,1.0185,0.24349999999999994,-0.7749999999999999
2 to 3: same insiders,seller,2,3,B,42,2,0.945,0.701,-0.244
2 to 3: same insiders,seller,2,3,B,44,6,1.0178333333333334,0.9996666666666667,-0.018166666666666664
0 to 3: all steps,buyer,0,3,A,42,5,0.4206,0.9673999999999999,0.5468
0 to 3: all steps,buyer,0,3,A,45,4,0.038000000000000006,0.6805,0.6425
0 to 3: all steps,buyer,0,3,B,42,6,0.5253333333333333,0.9203333333333333,0.395
0 to 3: all steps,buyer,0,3,B,44,3,0.25233333333333335,0.725,0.4726666666666666
0 to 3: all steps,seller,0,3,A,42,3,0.3153333333333333,1.0093333333333334,0.694
0 to 3: all steps,seller,0,3,A,45,4,0.93825,0.24349999999999994,-0.69475
0 to 3: all steps,seller,0,3,B,42,3,0.19066666666666668,0.6679999999999998,0.47733333333333333
0 to 3: all steps,seller,0,3,B,44,6,0.43383333333333335,0.9996666666666667,0.5658333333333333
