step,side,sessions,periods,before_mean,after_mean,mean_change,improved_sessions,p_session_sign_flip
0 to 1: dividends and clue count,buyer,2,11,0.47296666666666665,0.49926666666666664,0.02630000000000001,1,1.0
0 to 1: dividends and clue count,seller,2,6,0.253,0.26,0.0069999999999999785,1,1.0
1 to 1b: implementation changes,buyer,2,11,0.49926666666666664,0.5796166666666667,0.08034999999999999,2,0.5
1 to 1b: implementation changes,seller,2,7,0.32225000000000004,0.5545416666666667,0.23229166666666673,1,1.0
1b to 2: period announcement,buyer,2,11,0.5796166666666667,0.6593,0.07968333333333333,2,0.5
1b to 2: period announcement,seller,2,6,0.5726249999999999,0.976,0.40337499999999993,1,1.0
2 to 3: same insiders,buyer,4,18,0.7047958333333333,0.8233083333333333,0.1185125,3,0.375
2 to 3: same insiders,seller,4,16,0.9970833333333333,0.7384166666666667,-0.2586666666666666,1,0.25
0 to 3: all steps,buyer,4,18,0.30906666666666666,0.8233083333333333,0.5142416666666666,4,0.125
0 to 3: all steps,seller,4,16,0.46952083333333333,0.7301249999999999,0.26060416666666664,3,0.625
