group,run_id,session,market,seed,period,state,side,uninformed_level,re,mean_price,discovery,n_trades,first_price,last_price,first_discovery,last_discovery,change_discovery,rung
control,m7_ctrl_42,0,A,42,5,Y,seller,260.0,160,190.5,0.695,23,260,124,-0.0,1.36,1.36,0
control,m7_ctrl_42,0,A,42,6,X,buyer,260.0,360,270.4,0.104,17,261,292,0.01,0.32,0.31,0
control,m7_ctrl_42,0,A,42,7,Y,seller,260.0,160,258.7,0.013,19,259,259,0.01,0.01,-0.0,0
control,m7_ctrl_42,0,A,42,8,X,buyer,260.0,360,281.2,0.212,20,270,295,0.1,0.35,0.25,0
control,m7_ctrl_42,0,A,42,9,Y,seller,260.0,160,236.2,0.238,10,239,235,0.21,0.25,0.04,0
control,m7_ctrl_42,0,A,42,11,X,buyer,260.0,360,296.8,0.368,22,250,314,-0.1,0.54,0.64,0
control,m7_ctrl_42,0,A,42,12,X,buyer,260.0,360,334.0,0.74,25,330,350,0.7,0.9,0.2,0
control,m7_ctrl_42,0,A,42,13,X,buyer,260.0,360,327.9,0.679,24,300,300,0.4,0.4,0.0,0
control,m7_ctrl_45,0,A,45,5,X,buyer,260.0,360,286.6,0.266,25,250,340,-0.1,0.8,0.9,0
control,m7_ctrl_45,0,A,45,6,X,buyer,260.0,360,260.3,0.003,13,250,280,-0.1,0.2,0.3,0
control,m7_ctrl_45,0,A,45,7,Y,seller,260.0,160,167.5,0.925,25,250,111,0.1,1.49,1.39,0
control,m7_ctrl_45,0,A,45,8,X,buyer,260.0,360,299.5,0.395,19,300,290,0.4,0.3,-0.1,0
control,m7_ctrl_45,0,A,45,9,Y,seller,260.0,160,158.8,1.012,21,200,110,0.6,1.5,0.9,0
control,m7_ctrl_45,0,A,45,10,Y,seller,260.0,160,139.0,1.21,26,165,113,0.95,1.47,0.52,0
control,m7_ctrl_45,0,A,45,11,Y,seller,260.0,160,164.8,0.952,29,200,110,0.6,1.5,0.9,0
control,m7_ctrl_45,0,A,45,12,Y,seller,260.0,160,173.6,0.864,18,200,164,0.6,0.96,0.36,0
control,m7_ctrl_45,0,A,45,13,X,buyer,260.0,360,208.8,-0.512,15,200,228,-0.6,-0.32,0.28,0
control,m8_ctrl_42,0,B,42,5,Y,seller,300.0,200,299.1,0.009,22,300,299,-0.0,0.01,0.01,0
control,m8_ctrl_42,0,B,42,6,Y,seller,300.0,200,281.3,0.187,25,290,191,0.1,1.09,0.99,0
control,m8_ctrl_42,0,B,42,7,X,buyer,300.0,400,300.0,0.0,12,300,300,0.0,0.0,0.0,0
control,m8_ctrl_42,0,B,42,8,X,buyer,300.0,400,352.2,0.522,18,300,360,0.0,0.6,0.6,0
control,m8_ctrl_42,0,B,42,9,X,buyer,300.0,400,353.0,0.53,23,300,372,0.0,0.72,0.72,0
control,m8_ctrl_42,0,B,42,10,X,buyer,300.0,400,361.9,0.619,23,300,380,0.0,0.8,0.8,0
control,m8_ctrl_42,0,B,42,11,X,buyer,300.0,400,364.5,0.645,24,251,349,-0.49,0.49,0.98,0
control,m8_ctrl_42,0,B,42,12,X,buyer,300.0,400,383.6,0.836,19,379,395,0.79,0.95,0.16,0
control,m8_ctrl_42,0,B,42,13,Y,seller,300.0,200,262.4,0.376,20,296,201,0.04,0.99,0.95,0
control,m8_ctrl_44,0,B,44,5,X,buyer,300.0,400,300.8,0.008,12,300,305,0.0,0.05,0.05,0
control,m8_ctrl_44,0,B,44,6,Y,seller,300.0,200,287.0,0.13,9,295,279,0.05,0.21,0.16,0
control,m8_ctrl_44,0,B,44,7,Y,seller,300.0,200,263.0,0.37,2,276,250,0.24,0.5,0.26,0
control,m8_ctrl_44,0,B,44,8,Y,seller,300.0,200,210.5,0.895,13,279,199,0.21,1.01,0.8,0
control,m8_ctrl_44,0,B,44,9,X,buyer,300.0,400,350.2,0.502,19,350,351,0.5,0.51,0.01,0
control,m8_ctrl_44,0,B,44,10,Y,seller,300.0,200,237.2,0.628,10,276,234,0.24,0.66,0.42,0
control,m8_ctrl_44,0,B,44,11,X,buyer,300.0,400,324.7,0.247,24,300,352,0.0,0.52,0.52,0
control,m8_ctrl_44,0,B,44,12,Y,seller,300.0,200,286.6,0.134,7,295,259,0.05,0.41,0.36,0
control,m8_ctrl_44,0,B,44,13,Y,seller,300.0,200,255.4,0.446,17,300,238,-0.0,0.62,0.62,0
disclosed,m7_disc_42,0,A,42,5,Y,seller,260.0,160,230.2,0.298,17,230,234,0.3,0.26,-0.04,1
disclosed,m7_disc_42,0,A,42,6,X,buyer,260.0,360,297.6,0.376,19,300,295,0.4,0.35,-0.05,1
disclosed,m7_disc_42,0,A,42,7,Y,seller,260.0,160,298.7,-0.387,22,300,299,-0.4,-0.39,0.01,1
disclosed,m7_disc_42,0,A,42,8,X,buyer,260.0,360,299.9,0.399,18,300,300,0.4,0.4,0.0,1
disclosed,m7_disc_42,0,A,42,9,Y,seller,260.0,160,249.6,0.104,8,254,248,0.06,0.12,0.06,1
disclosed,m7_disc_42,0,A,42,10,Y,seller,260.0,160,209.7,0.503,3,244,191,0.16,0.69,0.53,1
disclosed,m7_disc_42,0,A,42,11,X,buyer,260.0,360,277.0,0.17,20,250,300,-0.1,0.4,0.5,1
disclosed,m7_disc_42,0,A,42,12,X,buyer,260.0,360,288.2,0.282,21,200,300,-0.6,0.4,1.0,1
disclosed,m7_disc_42,0,A,42,13,X,buyer,260.0,360,312.4,0.524,17,300,319,0.4,0.59,0.19,1
disclosed,m8_disc_42,0,B,42,5,Y,seller,300.0,200,237.6,0.624,23,260,82,0.4,2.18,1.78,1
disclosed,m8_disc_42,0,B,42,6,Y,seller,300.0,200,199.1,1.009,23,250,100,0.5,2.0,1.5,1
disclosed,m8_disc_42,0,B,42,7,X,buyer,300.0,400,344.8,0.448,20,300,340,0.0,0.4,0.4,1
disclosed,m8_disc_42,0,B,42,8,X,buyer,300.0,400,344.8,0.448,21,280,370,-0.2,0.7,0.9,1
disclosed,m8_disc_42,0,B,42,9,X,buyer,300.0,400,355.7,0.557,28,350,350,0.5,0.5,0.0,1
disclosed,m8_disc_42,0,B,42,10,X,buyer,300.0,400,375.8,0.758,24,370,381,0.7,0.81,0.11,1
disclosed,m8_disc_42,0,B,42,11,X,buyer,300.0,400,387.1,0.871,22,380,400,0.8,1.0,0.2,1
disclosed,m8_disc_42,0,B,42,12,X,buyer,300.0,400,380.8,0.808,26,390,390,0.9,0.9,0.0,1
disclosed,m8_disc_42,0,B,42,13,Y,seller,300.0,200,308.8,-0.088,23,250,333,0.5,-0.33,-0.83,1
ladder1b,m7_lad1b_42,0,A,42,5,Y,seller,260.0,160,261.9,-0.019,14,260,265,-0.0,-0.05,-0.05,1b
ladder1b,m7_lad1b_42,0,A,42,6,X,buyer,260.0,360,267.1,0.071,12,260,285,0.0,0.25,0.25,1b
ladder1b,m7_lad1b_42,0,A,42,7,Y,seller,260.0,160,249.1,0.109,12,250,245,0.1,0.15,0.05,1b
ladder1b,m7_lad1b_42,0,A,42,8,X,buyer,260.0,360,273.7,0.137,15,250,300,-0.1,0.4,0.5,1b
ladder1b,m7_lad1b_42,0,A,42,9,Y,seller,260.0,160,240.9,0.191,24,230,262,0.3,-0.02,-0.32,1b
ladder1b,m7_lad1b_42,0,A,42,10,Y,seller,260.0,160,237.8,0.222,17,230,238,0.3,0.22,-0.08,1b
ladder1b,m7_lad1b_42,0,A,42,11,X,buyer,260.0,360,297.2,0.372,23,251,300,-0.09,0.4,0.49,1b
ladder1b,m7_lad1b_42,0,A,42,12,X,buyer,260.0,360,347.7,0.877,23,350,359,0.9,0.99,0.09,1b
ladder1b,m7_lad1b_42,0,A,42,13,X,buyer,260.0,360,359.0,0.99,18,359,359,0.99,0.99,0.0,1b
ladder1b,m8_lad1b_42,0,B,42,5,Y,seller,300.0,200,208.9,0.911,22,199,209,1.01,0.91,-0.1,1b
ladder1b,m8_lad1b_42,0,B,42,6,Y,seller,300.0,200,198.9,1.011,18,199,198,1.01,1.02,0.01,1b
ladder1b,m8_lad1b_42,0,B,42,7,X,buyer,300.0,400,345.3,0.453,10,310,351,0.1,0.51,0.41,1b
ladder1b,m8_lad1b_42,0,B,42,8,X,buyer,300.0,400,341.9,0.419,11,300,351,0.0,0.51,0.51,1b
ladder1b,m8_lad1b_42,0,B,42,9,X,buyer,300.0,400,377.6,0.776,17,380,390,0.8,0.9,0.1,1b
ladder1b,m8_lad1b_42,0,B,42,10,X,buyer,300.0,400,385.7,0.857,19,399,395,0.99,0.95,-0.04,1b
ladder1b,m8_lad1b_42,0,B,42,11,X,buyer,300.0,400,371.1,0.711,14,350,397,0.5,0.97,0.47,1b
ladder1b,m8_lad1b_42,0,B,42,12,X,buyer,300.0,400,380.3,0.803,15,360,392,0.6,0.92,0.32,1b
ladder1b,m8_lad1b_42,0,B,42,13,Y,seller,300.0,200,197.2,1.028,18,200,199,1.0,1.01,0.01,1b
ladder2,m7_lad2_42,0,A,42,5,Y,seller,260.0,160,160.4,0.996,19,170,159,0.9,1.01,0.11,2
ladder2,m7_lad2_42,0,A,42,6,X,buyer,260.0,360,280.6,0.206,18,290,300,0.3,0.4,0.1,2
ladder2,m7_lad2_42,0,A,42,7,Y,seller,260.0,160,158.8,1.012,17,158,159,1.02,1.01,-0.01,2
ladder2,m7_lad2_42,0,A,42,8,X,buyer,260.0,360,292.4,0.324,16,300,300,0.4,0.4,0.0,2
ladder2,m7_lad2_42,0,A,42,9,Y,seller,260.0,160,159.1,1.009,17,160,160,1.0,1.0,-0.0,2
ladder2,m7_lad2_42,0,A,42,10,Y,seller,260.0,160,158.9,1.011,16,158,159,1.02,1.01,-0.01,2
ladder2,m7_lad2_42,0,A,42,11,X,buyer,260.0,360,321.1,0.611,14,320,330,0.6,0.7,0.1,2
ladder2,m7_lad2_42,0,A,42,12,X,buyer,260.0,360,352.2,0.922,19,300,359,0.4,0.99,0.59,2
ladder2,m7_lad2_42,0,A,42,13,X,buyer,260.0,360,346.5,0.865,18,300,359,0.4,0.99,0.59,2
ladder2,m7_lad2_45,0,A,45,5,X,buyer,260.0,360,315.7,0.557,12,300,335,0.4,0.75,0.35,2
ladder2,m7_lad2_45,0,A,45,6,X,buyer,260.0,360,337.1,0.771,20,320,331,0.6,0.71,0.11,2
ladder2,m7_lad2_45,0,A,45,7,Y,seller,260.0,160,155.5,1.045,19,145,160,1.15,1.0,-0.15,2
ladder2,m7_lad2_45,0,A,45,8,X,buyer,260.0,360,342.8,0.828,16,340,355,0.8,0.95,0.15,2
ladder2,m7_lad2_45,0,A,45,9,Y,seller,260.0,160,159.1,1.009,16,159,160,1.01,1.0,-0.01,2
ladder2,m7_lad2_45,0,A,45,10,Y,seller,260.0,160,159.0,1.01,16,159,159,1.01,1.01,-0.0,2
ladder2,m7_lad2_45,0,A,45,11,Y,seller,260.0,160,159.0,1.01,16,159,159,1.01,1.01,-0.0,2
ladder2,m7_lad2_45,0,A,45,12,Y,seller,260.0,160,159.0,1.01,16,159,159,1.01,1.01,-0.0,2
ladder2,m7_lad2_45,0,A,45,13,X,buyer,260.0,360,357.3,0.973,18,350,359,0.9,0.99,0.09,2
ladder2,m8_lad2_42,0,B,42,6,Y,seller,300.0,200,205.8,0.942,26,181,210,1.19,0.9,-0.29,2
ladder2,m8_lad2_42,0,B,42,7,X,buyer,300.0,400,359.4,0.594,20,350,373,0.5,0.73,0.23,2
ladder2,m8_lad2_42,0,B,42,8,X,buyer,300.0,400,365.8,0.658,21,300,380,0.0,0.8,0.8,2
ladder2,m8_lad2_42,0,B,42,9,X,buyer,300.0,400,379.2,0.792,20,350,390,0.5,0.9,0.4,2
ladder2,m8_lad2_42,0,B,42,10,X,buyer,300.0,400,395.1,0.951,20,370,380,0.7,0.8,0.1,2
ladder2,m8_lad2_42,0,B,42,11,X,buyer,300.0,400,384.1,0.841,25,395,399,0.95,0.99,0.04,2
ladder2,m8_lad2_42,0,B,42,12,X,buyer,300.0,400,356.2,0.562,13,349,380,0.49,0.8,0.31,2
ladder2,m8_lad2_42,0,B,42,13,Y,seller,300.0,200,205.2,0.948,13,250,204,0.5,0.96,0.46,2
ladder2,m8_lad2_44,0,B,44,5,X,buyer,300.0,400,353.7,0.537,26,300,382,0.0,0.82,0.82,2
ladder2,m8_lad2_44,0,B,44,6,Y,seller,300.0,200,194.2,1.058,18,150,199,1.5,1.01,-0.49,2
ladder2,m8_lad2_44,0,B,44,7,Y,seller,300.0,200,199.0,1.01,17,199,199,1.01,1.01,-0.0,2
ladder2,m8_lad2_44,0,B,44,8,Y,seller,300.0,200,199.0,1.01,16,199,199,1.01,1.01,-0.0,2
ladder2,m8_lad2_44,0,B,44,9,X,buyer,300.0,400,380.1,0.801,20,380,381,0.8,0.81,0.01,2
ladder2,m8_lad2_44,0,B,44,10,Y,seller,300.0,200,199.1,1.009,16,199,199,1.01,1.01,-0.0,2
ladder2,m8_lad2_44,0,B,44,11,X,buyer,300.0,400,381.7,0.817,18,381,382,0.81,0.82,0.01,2
ladder2,m8_lad2_44,0,B,44,12,Y,seller,300.0,200,199.0,1.01,16,199,199,1.01,1.01,-0.0,2
ladder2,m8_lad2_44,0,B,44,13,Y,seller,300.0,200,199.0,1.01,17,199,199,1.01,1.01,-0.0,2
ladder3,m7_lad3_42,0,A,42,5,Y,seller,260.0,160,159.2,1.008,15,160,159,1.0,1.01,0.01,3
ladder3,m7_lad3_42,0,A,42,6,X,buyer,260.0,360,358.9,0.989,17,359,359,0.99,0.99,0.0,3
ladder3,m7_lad3_42,0,A,42,7,Y,seller,260.0,160,159.0,1.01,18,159,159,1.01,1.01,-0.0,3
ladder3,m7_lad3_42,0,A,42,8,X,buyer,260.0,360,347.8,0.878,18,159,359,-1.01,0.99,2.0,3
ladder3,m7_lad3_42,0,A,42,9,Y,seller,260.0,160,159.0,1.01,17,159,159,1.01,1.01,-0.0,3
ladder3,m7_lad3_42,0,A,42,10,Y,seller,260.0,160,159.0,1.01,16,159,159,1.01,1.01,-0.0,3
ladder3,m7_lad3_42,0,A,42,11,X,buyer,260.0,360,359.0,0.99,17,359,359,0.99,0.99,0.0,3
ladder3,m7_lad3_42,0,A,42,12,X,buyer,260.0,360,359.0,0.99,16,359,359,0.99,0.99,0.0,3
ladder3,m7_lad3_42,0,A,42,13,X,buyer,260.0,360,359.0,0.99,16,359,359,0.99,0.99,0.0,3
ladder3,m7_lad3_45,0,A,45,5,X,buyer,260.0,360,289.5,0.295,23,260,291,0.0,0.31,0.31,3
ladder3,m7_lad3_45,0,A,45,6,X,buyer,260.0,360,322.4,0.624,19,290,335,0.3,0.75,0.45,3
ladder3,m7_lad3_45,0,A,45,7,Y,seller,260.0,160,323.7,-0.637,24,300,332,-0.4,-0.72,-0.32,3
ladder3,m7_lad3_45,0,A,45,8,X,buyer,260.0,360,343.3,0.833,21,340,330,0.8,0.7,-0.1,3
ladder3,m7_lad3_45,0,A,45,9,Y,seller,260.0,160,300.0,-0.4,22,299,301,-0.39,-0.41,-0.02,3
ladder3,m7_lad3_45,0,A,45,11,Y,seller,260.0,160,159.7,1.003,19,161,160,0.99,1.0,0.01,3
ladder3,m7_lad3_45,0,A,45,12,Y,seller,260.0,160,159.2,1.008,18,159,159,1.01,1.01,-0.0,3
ladder3,m7_lad3_45,0,A,45,13,X,buyer,260.0,360,357.0,0.97,20,350,359,0.9,0.99,0.09,3
ladder3,m8_lad3_42,0,B,42,5,Y,seller,300.0,200,239.8,0.602,6,280,199,0.2,1.01,0.81,3
ladder3,m8_lad3_42,0,B,42,6,Y,seller,300.0,200,199.5,1.005,17,199,199,1.01,1.01,-0.0,3
ladder3,m8_lad3_42,0,B,42,7,X,buyer,300.0,400,365.7,0.657,23,300,399,0.0,0.99,0.99,3
ladder3,m8_lad3_42,0,B,42,8,X,buyer,300.0,400,394.0,0.94,23,399,399,0.99,0.99,0.0,3
ladder3,m8_lad3_42,0,B,42,9,X,buyer,300.0,400,399.0,0.99,16,399,399,0.99,0.99,0.0,3
ladder3,m8_lad3_42,0,B,42,10,X,buyer,300.0,400,395.4,0.954,20,399,380,0.99,0.8,-0.19,3
ladder3,m8_lad3_42,0,B,42,11,X,buyer,300.0,400,399.0,0.99,16,399,399,0.99,0.99,0.0,3
ladder3,m8_lad3_42,0,B,42,12,X,buyer,300.0,400,399.1,0.991,20,399,400,0.99,1.0,0.01,3
ladder3,m8_lad3_42,0,B,42,13,Y,seller,300.0,200,260.3,0.397,23,400,199,-1.0,1.01,2.01,3
ladder3,m8_lad3_44,0,B,44,5,X,buyer,300.0,400,358.2,0.582,21,300,373,0.0,0.73,0.73,3
ladder3,m8_lad3_44,0,B,44,6,Y,seller,300.0,200,205.2,0.948,18,290,199,0.1,1.01,0.91,3
ladder3,m8_lad3_44,0,B,44,7,Y,seller,300.0,200,199.0,1.01,16,199,199,1.01,1.01,-0.0,3
ladder3,m8_lad3_44,0,B,44,8,Y,seller,300.0,200,199.0,1.01,16,199,199,1.01,1.01,-0.0,3
ladder3,m8_lad3_44,0,B,44,9,X,buyer,300.0,400,377.1,0.771,20,370,381,0.7,0.81,0.11,3
ladder3,m8_lad3_44,0,B,44,10,Y,seller,300.0,200,199.0,1.01,16,199,199,1.01,1.01,-0.0,3
ladder3,m8_lad3_44,0,B,44,11,X,buyer,300.0,400,382.2,0.822,17,370,382,0.7,0.82,0.12,3
ladder3,m8_lad3_44,0,B,44,12,Y,seller,300.0,200,199.0,1.01,16,199,199,1.01,1.01,-0.0,3
ladder3,m8_lad3_44,0,B,44,13,Y,seller,300.0,200,199.0,1.01,16,199,199,1.01,1.01,-0.0,3
