market,period,p_first,p_mean,p_last,n_trades,state,info,side,vbar,re_price,excluded,after_insider_block,group
1,1,275.0,239.41176470588235,225.0,17,Y,none,,283.3333333333333,283.3333333333333,False,False,no-information
1,2,250.0,263.92857142857144,260.0,14,Y,none,,283.3333333333333,283.3333333333333,False,False,no-information
1,3,260.0,271.7857142857143,280.0,14,X,none,,283.3333333333333,283.3333333333333,False,False,no-information
1,4,275.0,279.5,280.0,10,Y,none,,283.3333333333333,283.3333333333333,False,False,no-information
1,6,290.0,289.5833333333333,290.0,12,X,insider,seller,283.3333333333333,272.2361553582322,False,False,downward
1,8,290.0,289.5,295.0,10,Y,insider,seller,283.3333333333333,261.548480972553,False,False,downward
2,1,350.0,255.0,250.0,11,X,none,,266.66666666666663,266.66666666666663,False,False,no-information
2,2,250.0,250.875,260.0,8,X,none,,266.66666666666663,266.66666666666663,False,False,no-information
2,3,255.0,258.2142857142857,260.0,14,Y,none,,266.66666666666663,266.66666666666663,False,False,no-information
2,4,260.0,264.6666666666667,266.0,12,Y,none,,266.66666666666663,266.66666666666663,False,False,no-information
2,7,320.0,307.40909090909093,310.0,22,X,insider,seller,266.66666666666663,240.0,False,False,downward
2,9,325.0,267.05882352941177,230.0,17,X,insider,seller,266.66666666666663,240.0,False,False,downward
3,1,250.0,234.25,200.0,12,X,none,,220.0,220.0,False,False,no-information
3,2,200.0,217.33333333333334,210.0,15,Y,none,,220.0,220.0,False,False,no-information
3,3,200.0,188.66666666666666,170.0,15,Y,insider,seller,220.0,175.0,False,False,downward
3,5,150.0,162.93333333333334,169.0,15,Y,insider,seller,220.0,175.0,False,False,downward
3,6,200.0,172.85714285714286,170.0,14,Y,insider,seller,220.0,175.0,False,False,downward
3,8,175.0,165.28571428571428,171.0,14,Y,insider,seller,220.0,175.0,False,False,downward
3,10,170.0,167.06666666666666,173.0,15,Y,insider,seller,220.0,175.0,False,False,downward
4,1,1000.0,784.375,200.0,8,X,none,,210.0,210.0,True,False,no-information
4,2,150.0,179.64285714285714,175.0,14,Y,none,,210.0,210.0,False,False,no-information
4,3,150.0,153.75,155.0,16,Y,none,,210.0,210.0,False,False,no-information
4,4,155.0,158.0625,165.0,16,X,none,,210.0,210.0,False,False,no-information
4,5,150.0,157.41176470588235,160.0,17,Y,insider,seller,210.0,175.0,False,False,downward
4,7,160.0,160.58823529411765,170.0,17,Y,insider,seller,210.0,175.0,False,False,downward
4,8,160.0,164.16666666666666,170.0,12,Y,insider,seller,210.0,175.0,False,False,downward
4,10,150.0,166.78571428571428,170.0,14,Y,insider,seller,210.0,175.0,False,False,downward
4,12,170.0,171.22222222222223,170.0,18,Y,insider,seller,210.0,175.0,False,False,downward
4,14,170.0,158.84615384615384,155.0,13,Y,none,,210.0,210.0,False,True,no-information
5,1,150.0,165.0,170.0,10,Z,none,,212.5,212.5,False,False,no-information
5,2,165.0,172.35294117647058,175.0,17,X,none,,212.5,212.5,False,False,no-information
5,3,170.0,174.72222222222223,175.0,18,Z,none,,212.5,212.5,False,False,no-information
5,4,180.0,175.73333333333332,176.0,15,X,insider,seller,212.5,180.0,False,False,downward
5,5,175.0,175.0,175.0,16,X,insider,seller,212.5,180.0,False,False,downward
5,11,210.0,180.33333333333334,176.0,18,X,insider,seller,212.5,180.0,False,False,downward
