market,version,noinfo_periods,n_noinfo,noinfo_price,n_downward,downward_price,difference,p_welch,p_ranksum
1,Baseline: period means,1--4,4,263.656512605042,2,289.54166666666663,25.885154061624633,0.05856141802763789,0.13333333333333333
1,Opening prices,1--4,4,265.0,2,290.0,25.0,0.026547885467199484,0.09520470468773325
1,Closing prices,1--4,4,261.25,2,292.5,31.25,0.09309947471228527,0.10020951184501455
2,Baseline: period means,1--4,4,257.18898809523813,2,287.23395721925135,30.04496912401322,0.3724801341222839,0.13333333333333333
2,Opening prices,1--4,4,278.75,2,322.5,43.75,0.16347759217421173,0.5333333333333333
2,Closing prices,1--4,4,259.0,2,270.0,11.0,0.8292341029251684,1.0
3,Baseline: period means,1--2,2,225.79166666666669,5,171.36190476190478,-54.429761904761904,0.045275185099945124,0.09523809523809523
3,Opening prices,1--2,2,225.0,5,179.0,-46.0,0.2890387530654529,0.15951201484932576
3,Closing prices,1--2,2,205.0,5,170.6,-34.400000000000006,0.08696284681713894,0.07864289666898937
4,Baseline: period means,"2--4, 14",4,162.57537774725273,5,164.03492063492064,1.459542887667908,0.8274127013853674,0.5555555555555556
4,Period 1 included,"1--4, 14",5,286.9353021978022,5,164.03492063492064,-122.90038156288153,0.3792902059715304,1.0
4,Before the insider block only,2--4,3,163.81845238095238,5,164.03492063492064,0.21646825396825875,0.9813673145742746,0.7857142857142857
4,After the insider block only,14,1,158.84615384615384,5,164.03492063492064,5.188766788766799,,
4,Opening prices,"2--4, 14",4,156.25,5,158.0,1.75,0.7813251819602167,0.7962534147376392
4,Closing prices,"2--4, 14",4,162.5,5,168.0,5.5,0.34822788110451613,0.36836447825890395
5,Baseline: period means,1--3,3,170.69172113289764,3,177.02222222222224,6.330501089324599,0.15174373841942435,0.1
5,Opening prices,1--3,3,161.66666666666666,3,188.33333333333334,26.666666666666686,0.11893141403641551,0.1
5,Closing prices,1--3,3,173.33333333333334,3,175.66666666666666,2.3333333333333144,0.2949590461919316,0.15729920705028505
