market,period,trade_index,n_trades_in_period,price,state,info,vbar,re_price,pi_price,side,D,separating,period_mean_digitized,period_mean_printed,mean_residual,dot_quality_flag
1,1,1,17,275.1,Y,none,283.3333,283.0,283.0,,24.68626,False,239.392,239.0,0.392,ok
1,1,2,17,282.89,Y,none,283.3333,283.0,283.0,,1.32839,False,239.392,239.0,0.392,ok
1,1,3,17,250.71,Y,none,283.3333,283.0,283.0,,97.85517,False,239.392,239.0,0.392,ok
1,1,4,17,225.86,Y,none,283.3333,283.0,283.0,,172.4076,False,239.392,239.0,0.392,ok
1,1,5,17,201.34,Y,none,283.3333,283.0,283.0,,245.96904,False,239.392,239.0,0.392,ok
1,1,6,17,210.63,Y,none,283.3333,283.0,283.0,,218.12163,False,239.392,239.0,0.392,ok
1,1,7,17,241.7,Y,none,283.3333,283.0,283.0,,124.88687,False,239.392,239.0,0.392,ok
1,1,8,17,200.45,Y,none,283.3333,283.0,283.0,,248.65727,False,239.392,239.0,0.392,ok
1,1,9,17,200.43,Y,none,283.3333,283.0,283.0,,248.71507,False,239.392,239.0,0.392,ok
1,1,10,17,250.41,Y,none,283.3333,283.0,283.0,,98.78015,False,239.392,239.0,0.392,ok
1,1,11,17,250.39,Y,none,283.3333,283.0,283.0,,98.8342,False,239.392,239.0,0.392,ok
1,1,12,17,241.8,Y,none,283.3333,283.0,283.0,,124.59938,False,239.392,239.0,0.392,ok
1,1,13,17,250.48,Y,none,283.3333,283.0,283.0,,98.55812,False,239.392,239.0,0.392,ok
1,1,14,17,259.88,Y,none,283.3333,283.0,283.0,,70.37482,False,239.392,239.0,0.392,ok
1,1,15,17,250.64,Y,none,283.3333,283.0,283.0,,98.08962,False,239.392,239.0,0.392,ok
1,1,16,17,250.5,Y,none,283.3333,283.0,283.0,,98.50736,False,239.392,239.0,0.392,ok
1,1,17,17,226.46,Y,none,283.3333,283.0,283.0,,170.62322,False,239.392,239.0,0.392,ok
1,2,1,13,255.31,Y,none,283.3333,283.0,283.0,,84.06908,False,265.66,269.0,-3.34,mean_mismatch
1,2,2,13,265.52,Y,none,283.3333,283.0,283.0,,53.45368,False,265.66,269.0,-3.34,mean_mismatch
1,2,3,13,261.03,Y,none,283.3333,283.0,283.0,,66.917,False,265.66,269.0,-3.34,mean_mismatch
1,2,4,13,255.34,Y,none,283.3333,283.0,283.0,,83.98932,False,265.66,269.0,-3.34,mean_mismatch
1,2,5,13,260.4,Y,none,283.3333,283.0,283.0,,68.78774,False,265.66,269.0,-3.34,mean_mismatch
1,2,6,13,260.61,Y,none,283.3333,283.0,283.0,,68.16102,False,265.66,269.0,-3.34,mean_mismatch
1,2,7,13,275.15,Y,none,283.3333,283.0,283.0,,24.54053,False,265.66,269.0,-3.34,mean_mismatch
1,2,8,13,275.36,Y,none,283.3333,283.0,283.0,,23.91176,False,265.66,269.0,-3.34,mean_mismatch
1,2,9,13,275.37,Y,none,283.3333,283.0,283.0,,23.8862,False,265.66,269.0,-3.34,mean_mismatch
1,2,10,13,262.29,Y,none,283.3333,283.0,283.0,,63.1178,False,265.66,269.0,-3.34,mean_mismatch
1,2,11,13,275.55,Y,none,283.3333,283.0,283.0,,23.34822,False,265.66,269.0,-3.34,mean_mismatch
1,2,12,13,270.85,Y,none,283.3333,283.0,283.0,,37.45352,False,265.66,269.0,-3.34,mean_mismatch
1,2,13,13,260.79,Y,none,283.3333,283.0,283.0,,67.61872,False,265.66,269.0,-3.34,mean_mismatch
1,3,1,16,260.17,X,none,283.3333,283.0,283.0,,69.4956,False,273.86,272.0,1.86,ok
1,3,2,16,260.28,X,none,283.3333,283.0,283.0,,69.14989,False,273.86,272.0,1.86,ok
1,3,3,16,251.56,X,none,283.3333,283.0,283.0,,95.33422,False,273.86,272.0,1.86,ok
1,3,4,16,260.6,X,none,283.3333,283.0,283.0,,68.21045,False,273.86,272.0,1.86,ok
1,3,5,16,265.66,X,none,283.3333,283.0,283.0,,53.01092,False,273.86,272.0,1.86,ok
1,3,6,16,270.89,X,none,283.3333,283.0,283.0,,37.3276,False,273.86,272.0,1.86,ok
1,3,7,16,275.74,X,none,283.3333,283.0,283.0,,22.77278,False,273.86,272.0,1.86,ok
1,3,8,16,280.68,X,none,283.3333,283.0,283.0,,7.97266,False,273.86,272.0,1.86,ok
1,3,9,16,280.74,X,none,283.3333,283.0,283.0,,7.78481,False,273.86,272.0,1.86,ok
1,3,10,16,280.64,X,none,283.3333,283.0,283.0,,8.07871,False,273.86,272.0,1.86,ok
1,3,11,16,280.65,X,none,283.3333,283.0,283.0,,8.05314,False,273.86,272.0,1.86,ok
1,3,12,16,280.82,X,none,283.3333,283.0,283.0,,7.54686,False,273.86,272.0,1.86,ok
1,3,13,16,283.39,X,none,283.3333,283.0,283.0,,-0.1805,False,273.86,272.0,1.86,ok
1,3,14,16,285.68,X,none,283.3333,283.0,283.0,,-7.03234,False,273.86,272.0,1.86,ok
1,3,15,16,283.4,X,none,283.3333,283.0,283.0,,-0.20096,False,273.86,272.0,1.86,ok
1,3,16,16,280.86,X,none,283.3333,283.0,283.0,,7.41067,False,273.86,272.0,1.86,ok
1,4,1,12,275.39,Y,none,283.3333,283.0,283.0,,23.82191,False,280.507,280.0,0.507,count_uncertain:2@284
1,4,2,12,275.56,Y,none,283.3333,283.0,283.0,,23.31972,False,280.507,280.0,0.507,count_uncertain:2@284
1,4,3,12,280.48,Y,none,283.3333,283.0,283.0,,8.54905,False,280.507,280.0,0.507,count_uncertain:2@284
1,4,4,12,280.52,Y,none,283.3333,283.0,283.0,,8.45388,False,280.507,280.0,0.507,count_uncertain:2@284
1,4,5,12,280.56,Y,none,283.3333,283.0,283.0,,8.30686,False,280.507,280.0,0.507,count_uncertain:2@284
1,4,6,12,280.49,Y,none,283.3333,283.0,283.0,,8.52217,False,280.507,280.0,0.507,count_uncertain:2@284
1,4,7,12,280.63,Y,none,283.3333,283.0,283.0,,8.09583,False,280.507,280.0,0.507,count_uncertain:2@284
1,4,8,12,283.32,Y,none,283.3333,283.0,283.0,,0.0497,False,280.507,280.0,0.507,count_uncertain:2@284
1,4,9,12,283.97,Y,none,283.3333,283.0,283.0,,-1.9141,False,280.507,280.0,0.507,count_uncertain:2@284
1,4,10,12,283.97,Y,none,283.3333,283.0,283.0,,-1.9141,False,280.507,280.0,0.507,count_uncertain:2@284
1,4,11,12,280.76,Y,none,283.3333,283.0,283.0,,7.71775,False,280.507,280.0,0.507,count_uncertain:2@284
1,4,12,12,280.42,Y,none,283.3333,283.0,283.0,,8.73222,False,280.507,280.0,0.507,count_uncertain:2@284
1,5,1,15,284.72,Y,insider,283.3333,320.0,320.0,buyer,0.03782,False,289.903,289.0,0.903,ok
1,5,2,15,290.54,Y,insider,283.3333,320.0,320.0,buyer,0.19646,False,289.903,289.0,0.903,ok
1,5,3,15,290.6,Y,insider,283.3333,320.0,320.0,buyer,0.19818,False,289.903,289.0,0.903,ok
1,5,4,15,285.55,Y,insider,283.3333,320.0,320.0,buyer,0.06041,False,289.903,289.0,0.903,ok
1,5,5,15,280.98,Y,insider,283.3333,320.0,320.0,buyer,-0.06413,False,289.903,289.0,0.903,ok
1,5,6,15,285.65,Y,insider,283.3333,320.0,320.0,buyer,0.06309,False,289.903,289.0,0.903,ok
1,5,7,15,290.43,Y,insider,283.3333,320.0,320.0,buyer,0.1936,False,289.903,289.0,0.903,ok
1,5,8,15,290.59,Y,insider,283.3333,320.0,320.0,buyer,0.19784,False,289.903,289.0,0.903,ok
1,5,9,15,285.95,Y,insider,283.3333,320.0,320.0,buyer,0.0713,False,289.903,289.0,0.903,ok
1,5,10,15,290.61,Y,insider,283.3333,320.0,320.0,buyer,0.19833,False,289.903,289.0,0.903,ok
1,5,11,15,290.83,Y,insider,283.3333,320.0,320.0,buyer,0.20441,False,289.903,289.0,0.903,ok
1,5,12,15,290.68,Y,insider,283.3333,320.0,320.0,buyer,0.20027,False,289.903,289.0,0.903,ok
1,5,13,15,295.41,Y,insider,283.3333,320.0,320.0,buyer,0.32941,False,289.903,289.0,0.903,ok
1,5,14,15,295.58,Y,insider,283.3333,320.0,320.0,buyer,0.33402,False,289.903,289.0,0.903,ok
1,5,15,15,300.43,Y,insider,283.3333,320.0,320.0,buyer,0.4664,False,289.903,289.0,0.903,ok
1,6,1,12,290.58,X,insider,283.3333,272.0,283.0,seller,-0.639,True,290.22,290.0,0.22,unmatched_band:290.6
1,6,2,12,290.58,X,insider,283.3333,272.0,283.0,seller,-0.63981,True,290.22,290.0,0.22,unmatched_band:290.6
1,6,3,12,290.75,X,insider,283.3333,272.0,283.0,seller,-0.65482,True,290.22,290.0,0.22,unmatched_band:290.6
1,6,4,12,290.66,X,insider,283.3333,272.0,283.0,seller,-0.64611,True,290.22,290.0,0.22,unmatched_band:290.6
1,6,5,12,290.61,X,insider,283.3333,272.0,283.0,seller,-0.64212,True,290.22,290.0,0.22,unmatched_band:290.6
1,6,6,12,290.62,X,insider,283.3333,272.0,283.0,seller,-0.64288,True,290.22,290.0,0.22,unmatched_band:290.6
1,6,7,12,290.47,X,insider,283.3333,272.0,283.0,seller,-0.62946,True,290.22,290.0,0.22,unmatched_band:290.6
1,6,8,12,290.64,X,insider,283.3333,272.0,283.0,seller,-0.64444,True,290.22,290.0,0.22,unmatched_band:290.6
1,6,9,12,290.59,X,insider,283.3333,272.0,283.0,seller,-0.64045,True,290.22,290.0,0.22,unmatched_band:290.6
1,6,10,12,285.97,X,insider,283.3333,272.0,283.0,seller,-0.23273,True,290.22,290.0,0.22,unmatched_band:290.6
1,6,11,12,290.58,X,insider,283.3333,272.0,283.0,seller,-0.6397,True,290.22,290.0,0.22,unmatched_band:290.6
1,6,12,12,290.59,X,insider,283.3333,272.0,283.0,seller,-0.64042,True,290.22,290.0,0.22,unmatched_band:290.6
1,7,1,13,291.04,Y,insider,283.3333,320.0,320.0,buyer,0.21022,False,301.38,301.0,0.38,ok
1,7,2,13,295.75,Y,insider,283.3333,320.0,320.0,buyer,0.33875,False,301.38,301.0,0.38,ok
1,7,3,13,300.5,Y,insider,283.3333,320.0,320.0,buyer,0.46817,False,301.38,301.0,0.38,ok
1,7,4,13,300.51,Y,insider,283.3333,320.0,320.0,buyer,0.46843,False,301.38,301.0,0.38,ok
1,7,5,13,300.69,Y,insider,283.3333,320.0,320.0,buyer,0.4733,False,301.38,301.0,0.38,ok
1,7,6,13,300.7,Y,insider,283.3333,320.0,320.0,buyer,0.47356,False,301.38,301.0,0.38,ok
1,7,7,13,300.54,Y,insider,283.3333,320.0,320.0,buyer,0.46941,False,301.38,301.0,0.38,ok
1,7,8,13,300.71,Y,insider,283.3333,320.0,320.0,buyer,0.47401,False,301.38,301.0,0.38,ok
1,7,9,13,305.38,Y,insider,283.3333,320.0,320.0,buyer,0.60125,False,301.38,301.0,0.38,ok
1,7,10,13,305.47,Y,insider,283.3333,320.0,320.0,buyer,0.60367,False,301.38,301.0,0.38,ok
1,7,11,13,305.5,Y,insider,283.3333,320.0,320.0,buyer,0.60463,False,301.38,301.0,0.38,ok
1,7,12,13,305.57,Y,insider,283.3333,320.0,320.0,buyer,0.60633,False,301.38,301.0,0.38,ok
1,7,13,13,305.57,Y,insider,283.3333,320.0,320.0,buyer,0.60657,False,301.38,301.0,0.38,ok
1,8,1,10,290.78,Y,insider,283.3333,262.0,283.0,seller,-0.34899,True,290.191,289.0,1.191,ok
1,8,2,10,290.71,Y,insider,283.3333,262.0,283.0,seller,-0.34561,True,290.191,289.0,1.191,ok
1,8,3,10,290.62,Y,insider,283.3333,262.0,283.0,seller,-0.34165,True,290.191,289.0,1.191,ok
1,8,4,10,290.58,Y,insider,283.3333,262.0,283.0,seller,-0.33956,True,290.191,289.0,1.191,ok
1,8,5,10,290.69,Y,insider,283.3333,262.0,283.0,seller,-0.34502,True,290.191,289.0,1.191,ok
1,8,6,10,290.7,Y,insider,283.3333,262.0,283.0,seller,-0.34539,True,290.191,289.0,1.191,ok
1,8,7,10,290.61,Y,insider,283.3333,262.0,283.0,seller,-0.34132,True,290.191,289.0,1.191,ok
1,8,8,10,285.81,Y,insider,283.3333,262.0,283.0,seller,-0.1162,True,290.191,289.0,1.191,ok
1,8,9,10,285.78,Y,insider,283.3333,262.0,283.0,seller,-0.11484,True,290.191,289.0,1.191,ok
1,8,10,10,295.62,Y,insider,283.3333,262.0,283.0,seller,-0.57594,True,290.191,289.0,1.191,ok
1,9,1,16,300.64,Y,all,283.3333,338.0,338.0,buyer,0.31668,False,310.404,310.0,0.404,ok
1,9,2,16,300.57,Y,all,283.3333,338.0,338.0,buyer,0.31538,False,310.404,310.0,0.404,ok
1,9,3,16,300.7,Y,all,283.3333,338.0,338.0,buyer,0.31775,False,310.404,310.0,0.404,ok
1,9,4,16,300.75,Y,all,283.3333,338.0,338.0,buyer,0.31863,False,310.404,310.0,0.404,ok
1,9,5,16,300.76,Y,all,283.3333,338.0,338.0,buyer,0.31879,False,310.404,310.0,0.404,ok
1,9,6,16,300.69,Y,all,283.3333,338.0,338.0,buyer,0.31749,False,310.404,310.0,0.404,ok
1,9,7,16,300.78,Y,all,283.3333,338.0,338.0,buyer,0.31911,False,310.404,310.0,0.404,ok
1,9,8,16,305.6,Y,all,283.3333,338.0,338.0,buyer,0.4074,False,310.404,310.0,0.404,ok
1,9,9,16,305.61,Y,all,283.3333,338.0,338.0,buyer,0.40755,False,310.404,310.0,0.404,ok
1,9,10,16,305.62,Y,all,283.3333,338.0,338.0,buyer,0.40771,False,310.404,310.0,0.404,ok
1,9,11,16,305.63,Y,all,283.3333,338.0,338.0,buyer,0.40787,False,310.404,310.0,0.404,ok
1,9,12,16,305.88,Y,all,283.3333,338.0,338.0,buyer,0.41243,False,310.404,310.0,0.404,ok
1,9,13,16,311.03,Y,all,283.3333,338.0,338.0,buyer,0.50658,False,310.404,310.0,0.404,ok
1,9,14,16,340.58,Y,all,283.3333,338.0,338.0,buyer,1.04726,False,310.404,310.0,0.404,ok
1,9,15,16,340.75,Y,all,283.3333,338.0,338.0,buyer,1.05037,False,310.404,310.0,0.404,ok
1,9,16,16,340.84,Y,all,283.3333,338.0,338.0,buyer,1.052,False,310.404,310.0,0.404,ok
1,10,1,17,301.03,X,all,283.3333,320.0,320.0,buyer,0.48274,False,328.687,328.0,0.687,ok
1,10,2,17,310.92,X,all,283.3333,320.0,320.0,buyer,0.75228,False,328.687,328.0,0.687,ok
1,10,3,17,315.45,X,all,283.3333,320.0,320.0,buyer,0.87591,False,328.687,328.0,0.687,ok
1,10,4,17,315.56,X,all,283.3333,320.0,320.0,buyer,0.87904,False,328.687,328.0,0.687,ok
1,10,5,17,315.63,X,all,283.3333,320.0,320.0,buyer,0.88071,False,328.687,328.0,0.687,ok
1,10,6,17,325.89,X,all,283.3333,320.0,320.0,buyer,1.16055,False,328.687,328.0,0.687,ok
1,10,7,17,325.97,X,all,283.3333,320.0,320.0,buyer,1.16295,False,328.687,328.0,0.687,ok
1,10,8,17,330.88,X,all,283.3333,320.0,320.0,buyer,1.29673,False,328.687,328.0,0.687,ok
1,10,9,17,330.89,X,all,283.3333,320.0,320.0,buyer,1.29697,False,328.687,328.0,0.687,ok
1,10,10,17,330.94,X,all,283.3333,320.0,320.0,buyer,1.2983,False,328.687,328.0,0.687,ok
1,10,11,17,335.64,X,all,283.3333,320.0,320.0,buyer,1.42667,False,328.687,328.0,0.687,ok
1,10,12,17,335.81,X,all,283.3333,320.0,320.0,buyer,1.43128,False,328.687,328.0,0.687,ok
1,10,13,17,340.59,X,all,283.3333,320.0,320.0,buyer,1.56149,False,328.687,328.0,0.687,ok
1,10,14,17,340.6,X,all,283.3333,320.0,320.0,buyer,1.56171,False,328.687,328.0,0.687,ok
1,10,15,17,340.7,X,all,283.3333,320.0,320.0,buyer,1.56448,False,328.687,328.0,0.687,ok
1,10,16,17,345.48,X,all,283.3333,320.0,320.0,buyer,1.69498,False,328.687,328.0,0.687,ok
1,10,17,17,345.7,X,all,283.3333,320.0,320.0,buyer,1.70103,False,328.687,328.0,0.687,ok
1,11,1,11,300.97,Y,all,283.3333,349.0,349.0,buyer,0.26865,False,344.946,347.0,-2.054,ok
1,11,2,11,346.56,Y,all,283.3333,349.0,349.0,buyer,0.96287,False,344.946,347.0,-2.054,ok
1,11,3,11,350.74,Y,all,283.3333,349.0,349.0,buyer,1.02654,False,344.946,347.0,-2.054,ok
1,11,4,11,350.94,Y,all,283.3333,349.0,349.0,buyer,1.02956,False,344.946,347.0,-2.054,ok
1,11,5,11,355.65,Y,all,283.3333,349.0,349.0,buyer,1.10121,False,344.946,347.0,-2.054,ok
1,11,6,11,351.04,Y,all,283.3333,349.0,349.0,buyer,1.03101,False,344.946,347.0,-2.054,ok
1,11,7,11,350.72,Y,all,283.3333,349.0,349.0,buyer,1.02627,False,344.946,347.0,-2.054,ok
1,11,8,11,345.78,Y,all,283.3333,349.0,349.0,buyer,0.95093,False,344.946,347.0,-2.054,ok
1,11,9,11,345.85,Y,all,283.3333,349.0,349.0,buyer,0.95208,False,344.946,347.0,-2.054,ok
1,11,10,11,350.35,Y,all,283.3333,349.0,349.0,buyer,1.02061,False,344.946,347.0,-2.054,ok
1,11,11,11,345.79,Y,all,283.3333,349.0,349.0,buyer,0.95117,False,344.946,347.0,-2.054,ok
2,1,1,9,349.64,X,none,266.6667,267.0,267.0,,248.9112,False,256.311,255.0,1.311,ok
2,1,2,9,299.64,X,none,266.6667,267.0,267.0,,98.93111,False,256.311,255.0,1.311,ok
2,1,3,9,249.83,X,none,266.6667,267.0,267.0,,-50.49833,False,256.311,255.0,1.311,ok
2,1,4,9,239.57,X,none,266.6667,267.0,267.0,,-81.30256,False,256.311,255.0,1.311,ok
2,1,5,9,224.74,X,none,266.6667,267.0,267.0,,-125.76709,False,256.311,255.0,1.311,ok
2,1,6,9,204.34,X,none,266.6667,267.0,267.0,,-186.98887,False,256.311,255.0,1.311,ok
2,1,7,9,249.36,X,none,266.6667,267.0,267.0,,-51.91779,False,256.311,255.0,1.311,ok
2,1,8,9,240.12,X,none,266.6667,267.0,267.0,,-79.64981,False,256.311,255.0,1.311,ok
2,1,9,9,249.56,X,none,266.6667,267.0,267.0,,-51.32208,False,256.311,255.0,1.311,ok
2,2,1,7,249.41,X,none,266.6667,267.0,267.0,,-51.77955,False,250.057,251.0,-0.943,ok
2,2,2,7,239.81,X,none,266.6667,267.0,267.0,,-80.5686,False,250.057,251.0,-0.943,ok
2,2,3,7,249.42,X,none,266.6667,267.0,267.0,,-51.73443,False,250.057,251.0,-0.943,ok
2,2,4,7,249.6,X,none,266.6667,267.0,267.0,,-51.20496,False,250.057,251.0,-0.943,ok
2,2,5,7,249.69,X,none,266.6667,267.0,267.0,,-50.92822,False,250.057,251.0,-0.943,ok
2,2,6,7,252.56,X,none,266.6667,267.0,267.0,,-42.31402,False,250.057,251.0,-0.943,ok
2,2,7,7,259.91,X,none,266.6667,267.0,267.0,,-20.28265,False,250.057,251.0,-0.943,ok
2,3,1,8,254.71,Y,none,266.6667,267.0,267.0,,-35.85638,False,258.97,258.0,0.97,ok
2,3,2,8,254.72,Y,none,266.6667,267.0,267.0,,-35.83238,False,258.97,258.0,0.97,ok
2,3,3,8,256.42,Y,none,266.6667,267.0,267.0,,-30.73443,False,258.97,258.0,0.97,ok
2,3,4,8,256.6,Y,none,266.6667,267.0,267.0,,-30.20303,False,258.97,258.0,0.97,ok
2,3,5,8,259.99,Y,none,266.6667,267.0,267.0,,-20.02537,False,258.97,258.0,0.97,ok
2,3,6,8,264.56,Y,none,266.6667,267.0,267.0,,-6.33338,False,258.97,258.0,0.97,ok
2,3,7,8,264.56,Y,none,266.6667,267.0,267.0,,-6.30938,False,258.97,258.0,0.97,ok
2,3,8,8,260.19,Y,none,266.6667,267.0,267.0,,-19.42965,False,258.97,258.0,0.97,ok
2,4,1,8,259.87,Y,none,266.6667,267.0,267.0,,-20.38972,False,263.277,265.0,-1.723,ok
2,4,2,8,260.05,Y,none,266.6667,267.0,267.0,,-19.86121,False,263.277,265.0,-1.723,ok
2,4,3,8,263.48,Y,none,266.6667,267.0,267.0,,-9.56049,False,263.277,265.0,-1.723,ok
2,4,4,8,259.98,Y,none,266.6667,267.0,267.0,,-20.06499,False,263.277,265.0,-1.723,ok
2,4,5,8,264.56,Y,none,266.6667,267.0,267.0,,-6.31115,False,263.277,265.0,-1.723,ok
2,4,6,8,265.4,Y,none,266.6667,267.0,267.0,,-3.8035,False,263.277,265.0,-1.723,ok
2,4,7,8,267.01,Y,none,266.6667,267.0,267.0,,1.03839,False,263.277,265.0,-1.723,ok
2,4,8,8,265.87,Y,none,266.6667,267.0,267.0,,-2.39264,False,263.277,265.0,-1.723,ok
2,5,1,15,271.94,Y,all,266.6667,350.0,350.0,buyer,0.06328,False,304.457,304.0,0.457,ok
2,5,2,15,289.64,Y,all,266.6667,350.0,350.0,buyer,0.27568,False,304.457,304.0,0.457,ok
2,5,3,15,299.59,Y,all,266.6667,350.0,350.0,buyer,0.39505,False,304.457,304.0,0.457,ok
2,5,4,15,299.76,Y,all,266.6667,350.0,350.0,buyer,0.39716,False,304.457,304.0,0.457,ok
2,5,5,15,309.46,Y,all,266.6667,350.0,350.0,buyer,0.51355,False,304.457,304.0,0.457,ok
2,5,6,15,304.89,Y,all,266.6667,350.0,350.0,buyer,0.45871,False,304.457,304.0,0.457,ok
2,5,7,15,309.64,Y,all,266.6667,350.0,350.0,buyer,0.51574,False,304.457,304.0,0.457,ok
2,5,8,15,305.19,Y,all,266.6667,350.0,350.0,buyer,0.46225,False,304.457,304.0,0.457,ok
2,5,9,15,309.77,Y,all,266.6667,350.0,350.0,buyer,0.51723,False,304.457,304.0,0.457,ok
2,5,10,15,309.78,Y,all,266.6667,350.0,350.0,buyer,0.51731,False,304.457,304.0,0.457,ok
2,5,11,15,310.8,Y,all,266.6667,350.0,350.0,buyer,0.52954,False,304.457,304.0,0.457,ok
2,5,12,15,309.79,Y,all,266.6667,350.0,350.0,buyer,0.51751,False,304.457,304.0,0.457,ok
2,5,13,15,309.98,Y,all,266.6667,350.0,350.0,buyer,0.51972,False,304.457,304.0,0.457,ok
2,5,14,15,311.92,Y,all,266.6667,350.0,350.0,buyer,0.54303,False,304.457,304.0,0.457,ok
2,5,15,15,314.71,Y,all,266.6667,350.0,350.0,buyer,0.57649,False,304.457,304.0,0.457,ok
2,6,1,15,324.84,Y,all,266.6667,350.0,350.0,buyer,0.6981,False,337.284,337.0,0.284,ok
2,6,2,15,324.85,Y,all,266.6667,350.0,350.0,buyer,0.69818,False,337.284,337.0,0.284,ok
2,6,3,15,324.86,Y,all,266.6667,350.0,350.0,buyer,0.69828,False,337.284,337.0,0.284,ok
2,6,4,15,329.67,Y,all,266.6667,350.0,350.0,buyer,0.756,False,337.284,337.0,0.284,ok
2,6,5,15,334.9,Y,all,266.6667,350.0,350.0,buyer,0.81877,False,337.284,337.0,0.284,ok
2,6,6,15,334.99,Y,all,266.6667,350.0,350.0,buyer,0.81987,False,337.284,337.0,0.284,ok
2,6,7,15,335.0,Y,all,266.6667,350.0,350.0,buyer,0.81996,False,337.284,337.0,0.284,ok
2,6,8,15,339.55,Y,all,266.6667,350.0,350.0,buyer,0.87465,False,337.284,337.0,0.284,ok
2,6,9,15,339.81,Y,all,266.6667,350.0,350.0,buyer,0.87777,False,337.284,337.0,0.284,ok
2,6,10,15,344.71,Y,all,266.6667,350.0,350.0,buyer,0.93651,False,337.284,337.0,0.284,ok
2,6,11,15,342.86,Y,all,266.6667,350.0,350.0,buyer,0.91435,False,337.284,337.0,0.284,ok
2,6,12,15,345.89,Y,all,266.6667,350.0,350.0,buyer,0.95064,False,337.284,337.0,0.284,ok
2,6,13,15,344.9,Y,all,266.6667,350.0,350.0,buyer,0.93879,False,337.284,337.0,0.284,ok
2,6,14,15,347.52,Y,all,266.6667,350.0,350.0,buyer,0.97023,False,337.284,337.0,0.284,ok
2,6,15,15,344.92,Y,all,266.6667,350.0,350.0,buyer,0.93898,False,337.284,337.0,0.284,ok
2,7,1,18,319.57,X,insider,266.6667,240.0,267.0,seller,-1.984,True,307.922,307.0,0.922,ok
2,7,2,18,319.58,X,insider,266.6667,240.0,267.0,seller,-1.98428,True,307.922,307.0,0.922,ok
2,7,3,18,319.42,X,insider,266.6667,240.0,267.0,seller,-1.97825,True,307.922,307.0,0.922,ok
2,7,4,18,309.82,X,insider,266.6667,240.0,267.0,seller,-1.61841,True,307.922,307.0,0.922,ok
2,7,5,18,300.14,X,insider,266.6667,240.0,267.0,seller,-1.25539,True,307.922,307.0,0.922,ok
2,7,6,18,309.51,X,insider,266.6667,240.0,267.0,seller,-1.6066,True,307.922,307.0,0.922,ok
2,7,7,18,309.81,X,insider,266.6667,240.0,267.0,seller,-1.61774,True,307.922,307.0,0.922,ok
2,7,8,18,309.76,X,insider,266.6667,240.0,267.0,seller,-1.61593,True,307.922,307.0,0.922,ok
2,7,9,18,309.71,X,insider,266.6667,240.0,267.0,seller,-1.61411,True,307.922,307.0,0.922,ok
2,7,10,18,309.72,X,insider,266.6667,240.0,267.0,seller,-1.61441,True,307.922,307.0,0.922,ok
2,7,11,18,309.56,X,insider,266.6667,240.0,267.0,seller,-1.60839,True,307.922,307.0,0.922,ok
2,7,12,18,304.68,X,insider,266.6667,240.0,267.0,seller,-1.42542,True,307.922,307.0,0.922,ok
2,7,13,18,302.16,X,insider,266.6667,240.0,267.0,seller,-1.33093,True,307.922,307.0,0.922,ok
2,7,14,18,299.81,X,insider,266.6667,240.0,267.0,seller,-1.24277,True,307.922,307.0,0.922,ok
2,7,15,18,299.81,X,insider,266.6667,240.0,267.0,seller,-1.24306,True,307.922,307.0,0.922,ok
2,7,16,18,299.82,X,insider,266.6667,240.0,267.0,seller,-1.24335,True,307.922,307.0,0.922,ok
2,7,17,18,299.84,X,insider,266.6667,240.0,267.0,seller,-1.24392,True,307.922,307.0,0.922,ok
2,7,18,18,309.88,X,insider,266.6667,240.0,267.0,seller,-1.62048,True,307.922,307.0,0.922,ok
2,8,1,19,319.92,Y,insider,266.6667,350.0,350.0,buyer,0.63903,False,328.009,328.0,0.009,ok
2,8,2,19,324.56,Y,insider,266.6667,350.0,350.0,buyer,0.69472,False,328.009,328.0,0.009,ok
2,8,3,19,324.65,Y,insider,266.6667,350.0,350.0,buyer,0.69583,False,328.009,328.0,0.009,ok
2,8,4,19,324.83,Y,insider,266.6667,350.0,350.0,buyer,0.69794,False,328.009,328.0,0.009,ok
2,8,5,19,329.55,Y,insider,266.6667,350.0,350.0,buyer,0.75464,False,328.009,328.0,0.009,ok
2,8,6,19,329.73,Y,insider,266.6667,350.0,350.0,buyer,0.75675,False,328.009,328.0,0.009,ok
2,8,7,19,329.74,Y,insider,266.6667,350.0,350.0,buyer,0.75685,False,328.009,328.0,0.009,ok
2,8,8,19,331.6,Y,insider,266.6667,350.0,350.0,buyer,0.77917,False,328.009,328.0,0.009,ok
2,8,9,19,334.55,Y,insider,266.6667,350.0,350.0,buyer,0.81466,False,328.009,328.0,0.009,ok
2,8,10,19,336.16,Y,insider,266.6667,350.0,350.0,buyer,0.83396,False,328.009,328.0,0.009,ok
2,8,11,19,339.37,Y,insider,266.6667,350.0,350.0,buyer,0.87246,False,328.009,328.0,0.009,ok
2,8,12,19,339.55,Y,insider,266.6667,350.0,350.0,buyer,0.87457,False,328.009,328.0,0.009,ok
2,8,13,19,335.18,Y,insider,266.6667,350.0,350.0,buyer,0.8221,False,328.009,328.0,0.009,ok
2,8,14,19,335.01,Y,insider,266.6667,350.0,350.0,buyer,0.82017,False,328.009,328.0,0.009,ok
2,8,15,19,329.63,Y,insider,266.6667,350.0,350.0,buyer,0.75557,False,328.009,328.0,0.009,ok
2,8,16,19,329.55,Y,insider,266.6667,350.0,350.0,buyer,0.75464,False,328.009,328.0,0.009,ok
2,8,17,19,314.65,Y,insider,266.6667,350.0,350.0,buyer,0.5758,False,328.009,328.0,0.009,ok
2,8,18,19,314.49,Y,insider,266.6667,350.0,350.0,buyer,0.57387,False,328.009,328.0,0.009,ok
2,8,19,19,309.44,Y,insider,266.6667,350.0,350.0,buyer,0.51331,False,328.009,328.0,0.009,ok
2,9,1,12,319.13,X,insider,266.6667,240.0,267.0,seller,-1.96723,True,269.797,267.0,2.797,ok
2,9,2,12,314.53,X,insider,266.6667,240.0,267.0,seller,-1.79481,True,269.797,267.0,2.797,ok
2,9,3,12,299.88,X,insider,266.6667,240.0,267.0,seller,-1.24539,True,269.797,267.0,2.797,ok
2,9,4,12,294.84,X,insider,266.6667,240.0,267.0,seller,-1.05645,True,269.797,267.0,2.797,ok
2,9,5,12,284.06,X,insider,266.6667,240.0,267.0,seller,-0.65237,True,269.797,267.0,2.797,ok
2,9,6,12,279.61,X,insider,266.6667,240.0,267.0,seller,-0.48522,True,269.797,267.0,2.797,ok
2,9,7,12,266.13,X,insider,266.6667,240.0,267.0,seller,0.02005,True,269.797,267.0,2.797,ok
2,9,8,12,259.56,X,insider,266.6667,240.0,267.0,seller,0.26641,True,269.797,267.0,2.797,ok
2,9,9,12,230.08,X,insider,266.6667,240.0,267.0,seller,1.37182,True,269.797,267.0,2.797,ok
2,9,10,12,230.01,X,insider,266.6667,240.0,267.0,seller,1.3747,True,269.797,267.0,2.797,ok
2,9,11,12,229.85,X,insider,266.6667,240.0,267.0,seller,1.38044,True,269.797,267.0,2.797,ok
2,9,12,12,229.88,X,insider,266.6667,240.0,267.0,seller,1.37953,True,269.797,267.0,2.797,ok
2,10,1,17,319.55,Y,insider,266.6667,350.0,350.0,buyer,0.63457,False,327.895,327.0,0.895,ok
2,10,2,17,321.67,Y,insider,266.6667,350.0,350.0,buyer,0.66002,False,327.895,327.0,0.895,ok
2,10,3,17,319.74,Y,insider,266.6667,350.0,350.0,buyer,0.63687,False,327.895,327.0,0.895,ok
2,10,4,17,319.83,Y,insider,266.6667,350.0,350.0,buyer,0.63797,False,327.895,327.0,0.895,ok
2,10,5,17,324.64,Y,insider,266.6667,350.0,350.0,buyer,0.69567,False,327.895,327.0,0.895,ok
2,10,6,17,334.67,Y,insider,266.6667,350.0,350.0,buyer,0.81607,False,327.895,327.0,0.895,ok
2,10,7,17,341.34,Y,insider,266.6667,350.0,350.0,buyer,0.89602,False,327.895,327.0,0.895,ok
2,10,8,17,339.66,Y,insider,266.6667,350.0,350.0,buyer,0.87591,False,327.895,327.0,0.895,ok
2,10,9,17,339.67,Y,insider,266.6667,350.0,350.0,buyer,0.876,False,327.895,327.0,0.895,ok
2,10,10,17,339.76,Y,insider,266.6667,350.0,350.0,buyer,0.8771,False,327.895,327.0,0.895,ok
2,10,11,17,334.71,Y,insider,266.6667,350.0,350.0,buyer,0.81653,False,327.895,327.0,0.895,ok
2,10,12,17,329.92,Y,insider,266.6667,350.0,350.0,buyer,0.75901,False,327.895,327.0,0.895,ok
2,10,13,17,329.7,Y,insider,266.6667,350.0,350.0,buyer,0.7564,False,327.895,327.0,0.895,ok
2,10,14,17,325.13,Y,insider,266.6667,350.0,350.0,buyer,0.70155,False,327.895,327.0,0.895,ok
2,10,15,17,320.11,Y,insider,266.6667,350.0,350.0,buyer,0.64131,False,327.895,327.0,0.895,ok
2,10,16,17,319.94,Y,insider,266.6667,350.0,350.0,buyer,0.63924,False,327.895,327.0,0.895,ok
2,10,17,17,314.2,Y,insider,266.6667,350.0,350.0,buyer,0.57035,False,327.895,327.0,0.895,ok
2,11,1,20,324.41,Y,insider,266.6667,350.0,350.0,buyer,0.6929,False,334.57,335.0,-0.43,ok
2,11,2,20,324.5,Y,insider,266.6667,350.0,350.0,buyer,0.69401,False,334.57,335.0,-0.43,ok
2,11,3,20,324.59,Y,insider,266.6667,350.0,350.0,buyer,0.69513,False,334.57,335.0,-0.43,ok
2,11,4,20,324.77,Y,insider,266.6667,350.0,350.0,buyer,0.69725,False,334.57,335.0,-0.43,ok
2,11,5,20,329.92,Y,insider,266.6667,350.0,350.0,buyer,0.75902,False,334.57,335.0,-0.43,ok
2,11,6,20,330.04,Y,insider,266.6667,350.0,350.0,buyer,0.76053,False,334.57,335.0,-0.43,ok
2,11,7,20,329.85,Y,insider,266.6667,350.0,350.0,buyer,0.75819,False,334.57,335.0,-0.43,ok
2,11,8,20,329.86,Y,insider,266.6667,350.0,350.0,buyer,0.75827,False,334.57,335.0,-0.43,ok
2,11,9,20,334.67,Y,insider,266.6667,350.0,350.0,buyer,0.81599,False,334.57,335.0,-0.43,ok
2,11,10,20,339.64,Y,insider,266.6667,350.0,350.0,buyer,0.87572,False,334.57,335.0,-0.43,ok
2,11,11,20,339.65,Y,insider,266.6667,350.0,350.0,buyer,0.87582,False,334.57,335.0,-0.43,ok
2,11,12,20,339.83,Y,insider,266.6667,350.0,350.0,buyer,0.87794,False,334.57,335.0,-0.43,ok
2,11,13,20,340.0,Y,insider,266.6667,350.0,350.0,buyer,0.88006,False,334.57,335.0,-0.43,ok
2,11,14,20,339.84,Y,insider,266.6667,350.0,350.0,buyer,0.87813,False,334.57,335.0,-0.43,ok
2,11,15,20,339.85,Y,insider,266.6667,350.0,350.0,buyer,0.87823,False,334.57,335.0,-0.43,ok
2,11,16,20,339.78,Y,insider,266.6667,350.0,350.0,buyer,0.87731,False,334.57,335.0,-0.43,ok
2,11,17,20,339.87,Y,insider,266.6667,350.0,350.0,buyer,0.87841,False,334.57,335.0,-0.43,ok
2,11,18,20,340.89,Y,insider,266.6667,350.0,350.0,buyer,0.89064,False,334.57,335.0,-0.43,ok
2,11,19,20,339.71,Y,insider,266.6667,350.0,350.0,buyer,0.87658,False,334.57,335.0,-0.43,ok
2,11,20,20,339.72,Y,insider,266.6667,350.0,350.0,buyer,0.87667,False,334.57,335.0,-0.43,ok
3,1,1,12,245.33,X,none,220.0,220.0,220.0,,,False,234.061,234.0,0.061,"count_uncertain:2@240,2@230"
3,1,2,12,230.5,X,none,220.0,220.0,220.0,,,False,234.061,234.0,0.061,"count_uncertain:2@240,2@230"
3,1,3,12,250.32,X,none,220.0,220.0,220.0,,,False,234.061,234.0,0.061,"count_uncertain:2@240,2@230"
3,1,4,12,240.2,X,none,220.0,220.0,220.0,,,False,234.061,234.0,0.061,"count_uncertain:2@240,2@230"
3,1,5,12,240.2,X,none,220.0,220.0,220.0,,,False,234.061,234.0,0.061,"count_uncertain:2@240,2@230"
3,1,6,12,235.52,X,none,220.0,220.0,220.0,,,False,234.061,234.0,0.061,"count_uncertain:2@240,2@230"
3,1,7,12,240.23,X,none,220.0,220.0,220.0,,,False,234.061,234.0,0.061,"count_uncertain:2@240,2@230"
3,1,8,12,235.44,X,none,220.0,220.0,220.0,,,False,234.061,234.0,0.061,"count_uncertain:2@240,2@230"
3,1,9,12,231.29,X,none,220.0,220.0,220.0,,,False,234.061,234.0,0.061,"count_uncertain:2@240,2@230"
3,1,10,12,229.85,X,none,220.0,220.0,220.0,,,False,234.061,234.0,0.061,"count_uncertain:2@240,2@230"
3,1,11,12,229.85,X,none,220.0,220.0,220.0,,,False,234.061,234.0,0.061,"count_uncertain:2@240,2@230"
3,1,12,12,200.01,X,none,220.0,220.0,220.0,,,False,234.061,234.0,0.061,"count_uncertain:2@240,2@230"
3,2,1,15,200.21,Y,none,220.0,220.0,220.0,,,False,217.039,217.0,0.039,"count_uncertain:4@220,4@220;unmatched_band:219.5"
3,2,2,15,223.05,Y,none,220.0,220.0,220.0,,,False,217.039,217.0,0.039,"count_uncertain:4@220,4@220;unmatched_band:219.5"
3,2,3,15,219.69,Y,none,220.0,220.0,220.0,,,False,217.039,217.0,0.039,"count_uncertain:4@220,4@220;unmatched_band:219.5"
3,2,4,15,219.69,Y,none,220.0,220.0,220.0,,,False,217.039,217.0,0.039,"count_uncertain:4@220,4@220;unmatched_band:219.5"
3,2,5,15,219.69,Y,none,220.0,220.0,220.0,,,False,217.039,217.0,0.039,"count_uncertain:4@220,4@220;unmatched_band:219.5"
3,2,6,15,219.69,Y,none,220.0,220.0,220.0,,,False,217.039,217.0,0.039,"count_uncertain:4@220,4@220;unmatched_band:219.5"
3,2,7,15,224.98,Y,none,220.0,220.0,220.0,,,False,217.039,217.0,0.039,"count_uncertain:4@220,4@220;unmatched_band:219.5"
3,2,8,15,219.72,Y,none,220.0,220.0,220.0,,,False,217.039,217.0,0.039,"count_uncertain:4@220,4@220;unmatched_band:219.5"
3,2,9,15,219.72,Y,none,220.0,220.0,220.0,,,False,217.039,217.0,0.039,"count_uncertain:4@220,4@220;unmatched_band:219.5"
3,2,10,15,219.72,Y,none,220.0,220.0,220.0,,,False,217.039,217.0,0.039,"count_uncertain:4@220,4@220;unmatched_band:219.5"
3,2,11,15,219.72,Y,none,220.0,220.0,220.0,,,False,217.039,217.0,0.039,"count_uncertain:4@220,4@220;unmatched_band:219.5"
3,2,12,15,214.84,Y,none,220.0,220.0,220.0,,,False,217.039,217.0,0.039,"count_uncertain:4@220,4@220;unmatched_band:219.5"
3,2,13,15,214.62,Y,none,220.0,220.0,220.0,,,False,217.039,217.0,0.039,"count_uncertain:4@220,4@220;unmatched_band:219.5"
3,2,14,15,210.13,Y,none,220.0,220.0,220.0,,,False,217.039,217.0,0.039,"count_uncertain:4@220,4@220;unmatched_band:219.5"
3,2,15,15,210.11,Y,none,220.0,220.0,220.0,,,False,217.039,217.0,0.039,"count_uncertain:4@220,4@220;unmatched_band:219.5"
3,3,1,14,200.03,Y,insider,220.0,175.0,220.0,seller,0.44372,True,189.637,189.0,0.637,ok
3,3,2,14,200.04,Y,insider,220.0,175.0,220.0,seller,0.44356,True,189.637,189.0,0.637,ok
3,3,3,14,210.0,Y,insider,220.0,175.0,220.0,seller,0.22219,True,189.637,189.0,0.637,ok
3,3,4,14,199.99,Y,insider,220.0,175.0,220.0,seller,0.4446,True,189.637,189.0,0.637,ok
3,3,5,14,200.09,Y,insider,220.0,175.0,220.0,seller,0.44248,True,189.637,189.0,0.637,ok
3,3,6,14,204.98,Y,insider,220.0,175.0,220.0,seller,0.33377,True,189.637,189.0,0.637,ok
3,3,7,14,194.79,Y,insider,220.0,175.0,220.0,seller,0.56024,True,189.637,189.0,0.637,ok
3,3,8,14,194.68,Y,insider,220.0,175.0,220.0,seller,0.56258,True,189.637,189.0,0.637,ok
3,3,9,14,189.98,Y,insider,220.0,175.0,220.0,seller,0.66713,True,189.637,189.0,0.637,ok
3,3,10,14,189.84,Y,insider,220.0,175.0,220.0,seller,0.67013,True,189.637,189.0,0.637,ok
3,3,11,14,170.39,Y,insider,220.0,175.0,220.0,seller,1.10247,True,189.637,189.0,0.637,ok
3,3,12,14,165.06,Y,insider,220.0,175.0,220.0,seller,1.22092,True,189.637,189.0,0.637,ok
3,3,13,14,164.95,Y,insider,220.0,175.0,220.0,seller,1.22333,True,189.637,189.0,0.637,ok
3,3,14,14,170.09,Y,insider,220.0,175.0,220.0,seller,1.10909,True,189.637,189.0,0.637,ok
3,4,1,19,260.24,X,insider,220.0,400.0,400.0,buyer,0.22353,False,332.888,333.0,-0.112,count_uncertain:2@350
3,4,2,19,274.8,X,insider,220.0,400.0,400.0,buyer,0.30444,False,332.888,333.0,-0.112,count_uncertain:2@350
3,4,3,19,274.83,X,insider,220.0,400.0,400.0,buyer,0.30463,False,332.888,333.0,-0.112,count_uncertain:2@350
3,4,4,19,280.04,X,insider,220.0,400.0,400.0,buyer,0.33356,False,332.888,333.0,-0.112,count_uncertain:2@350
3,4,5,19,289.85,X,insider,220.0,400.0,400.0,buyer,0.38803,False,332.888,333.0,-0.112,count_uncertain:2@350
3,4,6,19,300.12,X,insider,220.0,400.0,400.0,buyer,0.44512,False,332.888,333.0,-0.112,count_uncertain:2@350
3,4,7,19,310.0,X,insider,220.0,400.0,400.0,buyer,0.50002,False,332.888,333.0,-0.112,count_uncertain:2@350
3,4,8,19,339.39,X,insider,220.0,400.0,400.0,buyer,0.6633,False,332.888,333.0,-0.112,count_uncertain:2@350
3,4,9,19,321.21,X,insider,220.0,400.0,400.0,buyer,0.5623,False,332.888,333.0,-0.112,count_uncertain:2@350
3,4,10,19,349.81,X,insider,220.0,400.0,400.0,buyer,0.72116,False,332.888,333.0,-0.112,count_uncertain:2@350
3,4,11,19,349.81,X,insider,220.0,400.0,400.0,buyer,0.72116,False,332.888,333.0,-0.112,count_uncertain:2@350
3,4,12,19,359.63,X,insider,220.0,400.0,400.0,buyer,0.77572,False,332.888,333.0,-0.112,count_uncertain:2@350
3,4,13,19,359.78,X,insider,220.0,400.0,400.0,buyer,0.77653,False,332.888,333.0,-0.112,count_uncertain:2@350
3,4,14,19,359.81,X,insider,220.0,400.0,400.0,buyer,0.7767,False,332.888,333.0,-0.112,count_uncertain:2@350
3,4,15,19,359.92,X,insider,220.0,400.0,400.0,buyer,0.77733,False,332.888,333.0,-0.112,count_uncertain:2@350
3,4,16,19,365.31,X,insider,220.0,400.0,400.0,buyer,0.8073,False,332.888,333.0,-0.112,count_uncertain:2@350
3,4,17,19,385.17,X,insider,220.0,400.0,400.0,buyer,0.9176,False,332.888,333.0,-0.112,count_uncertain:2@350
3,4,18,19,390.02,X,insider,220.0,400.0,400.0,buyer,0.94457,False,332.888,333.0,-0.112,count_uncertain:2@350
3,4,19,19,395.13,X,insider,220.0,400.0,400.0,buyer,0.97295,False,332.888,333.0,-0.112,count_uncertain:2@350
3,5,1,15,149.91,Y,insider,220.0,175.0,220.0,seller,1.55751,True,162.747,163.0,-0.253,"count_uncertain:3@150,3@160,2@165"
3,5,2,15,149.91,Y,insider,220.0,175.0,220.0,seller,1.55751,True,162.747,163.0,-0.253,"count_uncertain:3@150,3@160,2@165"
3,5,3,15,149.91,Y,insider,220.0,175.0,220.0,seller,1.55751,True,162.747,163.0,-0.253,"count_uncertain:3@150,3@160,2@165"
3,5,4,15,174.69,Y,insider,220.0,175.0,220.0,seller,1.00694,True,162.747,163.0,-0.253,"count_uncertain:3@150,3@160,2@165"
3,5,5,15,174.87,Y,insider,220.0,175.0,220.0,seller,1.00282,True,162.747,163.0,-0.253,"count_uncertain:3@150,3@160,2@165"
3,5,6,15,170.21,Y,insider,220.0,175.0,220.0,seller,1.10654,True,162.747,163.0,-0.253,"count_uncertain:3@150,3@160,2@165"
3,5,7,15,159.83,Y,insider,220.0,175.0,220.0,seller,1.33721,True,162.747,163.0,-0.253,"count_uncertain:3@150,3@160,2@165"
3,5,8,15,159.83,Y,insider,220.0,175.0,220.0,seller,1.33721,True,162.747,163.0,-0.253,"count_uncertain:3@150,3@160,2@165"
3,5,9,15,159.83,Y,insider,220.0,175.0,220.0,seller,1.33721,True,162.747,163.0,-0.253,"count_uncertain:3@150,3@160,2@165"
3,5,10,15,164.52,Y,insider,220.0,175.0,220.0,seller,1.23299,True,162.747,163.0,-0.253,"count_uncertain:3@150,3@160,2@165"
3,5,11,15,164.62,Y,insider,220.0,175.0,220.0,seller,1.23064,True,162.747,163.0,-0.253,"count_uncertain:3@150,3@160,2@165"
3,5,12,15,164.61,Y,insider,220.0,175.0,220.0,seller,1.23085,True,162.747,163.0,-0.253,"count_uncertain:3@150,3@160,2@165"
3,5,13,15,164.84,Y,insider,220.0,175.0,220.0,seller,1.22581,True,162.747,163.0,-0.253,"count_uncertain:3@150,3@160,2@165"
3,5,14,15,164.84,Y,insider,220.0,175.0,220.0,seller,1.22581,True,162.747,163.0,-0.253,"count_uncertain:3@150,3@160,2@165"
3,5,15,15,168.8,Y,insider,220.0,175.0,220.0,seller,1.13783,True,162.747,163.0,-0.253,"count_uncertain:3@150,3@160,2@165"
3,6,1,14,199.6,Y,insider,220.0,175.0,220.0,seller,0.45333,True,172.748,173.0,-0.252,"count_uncertain:4@165,3@170"
3,6,2,14,190.32,Y,insider,220.0,175.0,220.0,seller,0.65945,True,172.748,173.0,-0.252,"count_uncertain:4@165,3@170"
3,6,3,14,175.51,Y,insider,220.0,175.0,220.0,seller,0.98862,True,172.748,173.0,-0.252,"count_uncertain:4@165,3@170"
3,6,4,14,179.98,Y,insider,220.0,175.0,220.0,seller,0.88943,True,172.748,173.0,-0.252,"count_uncertain:4@165,3@170"
3,6,5,14,174.91,Y,insider,220.0,175.0,220.0,seller,1.00209,True,172.748,173.0,-0.252,"count_uncertain:4@165,3@170"
3,6,6,14,160.44,Y,insider,220.0,175.0,220.0,seller,1.32356,True,172.748,173.0,-0.252,"count_uncertain:4@165,3@170"
3,6,7,14,164.88,Y,insider,220.0,175.0,220.0,seller,1.22487,True,172.748,173.0,-0.252,"count_uncertain:4@165,3@170"
3,6,8,14,164.88,Y,insider,220.0,175.0,220.0,seller,1.22487,True,172.748,173.0,-0.252,"count_uncertain:4@165,3@170"
3,6,9,14,164.88,Y,insider,220.0,175.0,220.0,seller,1.22487,True,172.748,173.0,-0.252,"count_uncertain:4@165,3@170"
3,6,10,14,164.88,Y,insider,220.0,175.0,220.0,seller,1.22487,True,172.748,173.0,-0.252,"count_uncertain:4@165,3@170"
3,6,11,14,169.34,Y,insider,220.0,175.0,220.0,seller,1.12582,True,172.748,173.0,-0.252,"count_uncertain:4@165,3@170"
3,6,12,14,169.62,Y,insider,220.0,175.0,220.0,seller,1.11962,True,172.748,173.0,-0.252,"count_uncertain:4@165,3@170"
3,6,13,14,169.62,Y,insider,220.0,175.0,220.0,seller,1.11962,True,172.748,173.0,-0.252,"count_uncertain:4@165,3@170"
3,6,14,14,169.62,Y,insider,220.0,175.0,220.0,seller,1.11962,True,172.748,173.0,-0.252,"count_uncertain:4@165,3@170"
3,7,1,19,200.28,X,insider,220.0,400.0,400.0,buyer,-0.10954,False,363.858,364.0,-0.142,"count_uncertain:2@395,5@395,3@399"
3,7,2,19,240.04,X,insider,220.0,400.0,400.0,buyer,0.11135,False,363.858,364.0,-0.142,"count_uncertain:2@395,5@395,3@399"
3,7,3,19,310.03,X,insider,220.0,400.0,400.0,buyer,0.50016,False,363.858,364.0,-0.142,"count_uncertain:2@395,5@395,3@399"
3,7,4,19,339.66,X,insider,220.0,400.0,400.0,buyer,0.6648,False,363.858,364.0,-0.142,"count_uncertain:2@395,5@395,3@399"
3,7,5,19,339.71,X,insider,220.0,400.0,400.0,buyer,0.66506,False,363.858,364.0,-0.142,"count_uncertain:2@395,5@395,3@399"
3,7,6,19,374.79,X,insider,220.0,400.0,400.0,buyer,0.85992,False,363.858,364.0,-0.142,"count_uncertain:2@395,5@395,3@399"
3,7,7,19,370.27,X,insider,220.0,400.0,400.0,buyer,0.83484,False,363.858,364.0,-0.142,"count_uncertain:2@395,5@395,3@399"
3,7,8,19,389.82,X,insider,220.0,400.0,400.0,buyer,0.94342,False,363.858,364.0,-0.142,"count_uncertain:2@395,5@395,3@399"
3,7,9,19,394.72,X,insider,220.0,400.0,400.0,buyer,0.97067,False,363.858,364.0,-0.142,"count_uncertain:2@395,5@395,3@399"
3,7,10,19,394.72,X,insider,220.0,400.0,400.0,buyer,0.97067,False,363.858,364.0,-0.142,"count_uncertain:2@395,5@395,3@399"
3,7,11,19,390.47,X,insider,220.0,400.0,400.0,buyer,0.94705,False,363.858,364.0,-0.142,"count_uncertain:2@395,5@395,3@399"
3,7,12,19,394.52,X,insider,220.0,400.0,400.0,buyer,0.96957,False,363.858,364.0,-0.142,"count_uncertain:2@395,5@395,3@399"
3,7,13,19,394.52,X,insider,220.0,400.0,400.0,buyer,0.96957,False,363.858,364.0,-0.142,"count_uncertain:2@395,5@395,3@399"
3,7,14,19,394.52,X,insider,220.0,400.0,400.0,buyer,0.96957,False,363.858,364.0,-0.142,"count_uncertain:2@395,5@395,3@399"
3,7,15,19,394.52,X,insider,220.0,400.0,400.0,buyer,0.96957,False,363.858,364.0,-0.142,"count_uncertain:2@395,5@395,3@399"
3,7,16,19,394.52,X,insider,220.0,400.0,400.0,buyer,0.96957,False,363.858,364.0,-0.142,"count_uncertain:2@395,5@395,3@399"
3,7,17,19,398.73,X,insider,220.0,400.0,400.0,buyer,0.99293,False,363.858,364.0,-0.142,"count_uncertain:2@395,5@395,3@399"
3,7,18,19,398.73,X,insider,220.0,400.0,400.0,buyer,0.99293,False,363.858,364.0,-0.142,"count_uncertain:2@395,5@395,3@399"
3,7,19,19,398.73,X,insider,220.0,400.0,400.0,buyer,0.99293,False,363.858,364.0,-0.142,"count_uncertain:2@395,5@395,3@399"
3,8,1,14,174.67,Y,insider,220.0,175.0,220.0,seller,1.00732,True,165.197,165.0,0.197,count_uncertain:2@165
3,8,2,14,165.61,Y,insider,220.0,175.0,220.0,seller,1.20859,True,165.197,165.0,0.197,count_uncertain:2@165
3,8,3,14,160.09,Y,insider,220.0,175.0,220.0,seller,1.33128,True,165.197,165.0,0.197,count_uncertain:2@165
3,8,4,14,150.12,Y,insider,220.0,175.0,220.0,seller,1.55289,True,165.197,165.0,0.197,count_uncertain:2@165
3,8,5,14,159.98,Y,insider,220.0,175.0,220.0,seller,1.33371,True,165.197,165.0,0.197,count_uncertain:2@165
3,8,6,14,164.65,Y,insider,220.0,175.0,220.0,seller,1.23009,True,165.197,165.0,0.197,count_uncertain:2@165
3,8,7,14,164.67,Y,insider,220.0,175.0,220.0,seller,1.22966,True,165.197,165.0,0.197,count_uncertain:2@165
3,8,8,14,164.81,Y,insider,220.0,175.0,220.0,seller,1.22637,True,165.197,165.0,0.197,count_uncertain:2@165
3,8,9,14,164.86,Y,insider,220.0,175.0,220.0,seller,1.22523,True,165.197,165.0,0.197,count_uncertain:2@165
3,8,10,14,164.86,Y,insider,220.0,175.0,220.0,seller,1.22523,True,165.197,165.0,0.197,count_uncertain:2@165
3,8,11,14,167.77,Y,insider,220.0,175.0,220.0,seller,1.16059,True,165.197,165.0,0.197,count_uncertain:2@165
3,8,12,14,169.7,Y,insider,220.0,175.0,220.0,seller,1.11774,True,165.197,165.0,0.197,count_uncertain:2@165
3,8,13,14,169.95,Y,insider,220.0,175.0,220.0,seller,1.11215,True,165.197,165.0,0.197,count_uncertain:2@165
3,8,14,14,171.0,Y,insider,220.0,175.0,220.0,seller,1.0889,True,165.197,165.0,0.197,count_uncertain:2@165
3,9,1,16,390.0,X,insider,220.0,400.0,400.0,buyer,0.94444,False,395.478,396.0,-0.522,"count_uncertain:3@395,2@397,2@394"
3,9,2,16,394.13,X,insider,220.0,400.0,400.0,buyer,0.96739,False,395.478,396.0,-0.522,"count_uncertain:3@395,2@397,2@394"
3,9,3,16,394.51,X,insider,220.0,400.0,400.0,buyer,0.96948,False,395.478,396.0,-0.522,"count_uncertain:3@395,2@397,2@394"
3,9,4,16,394.51,X,insider,220.0,400.0,400.0,buyer,0.96948,False,395.478,396.0,-0.522,"count_uncertain:3@395,2@397,2@394"
3,9,5,16,394.51,X,insider,220.0,400.0,400.0,buyer,0.96948,False,395.478,396.0,-0.522,"count_uncertain:3@395,2@397,2@394"
3,9,6,16,396.56,X,insider,220.0,400.0,400.0,buyer,0.98089,False,395.478,396.0,-0.522,"count_uncertain:3@395,2@397,2@394"
3,9,7,16,396.56,X,insider,220.0,400.0,400.0,buyer,0.98089,False,395.478,396.0,-0.522,"count_uncertain:3@395,2@397,2@394"
3,9,8,16,396.78,X,insider,220.0,400.0,400.0,buyer,0.9821,False,395.478,396.0,-0.522,"count_uncertain:3@395,2@397,2@394"
3,9,9,16,398.22,X,insider,220.0,400.0,400.0,buyer,0.99009,False,395.478,396.0,-0.522,"count_uncertain:3@395,2@397,2@394"
3,9,10,16,394.48,X,insider,220.0,400.0,400.0,buyer,0.96931,False,395.478,396.0,-0.522,"count_uncertain:3@395,2@397,2@394"
3,9,11,16,394.43,X,insider,220.0,400.0,400.0,buyer,0.96907,False,395.478,396.0,-0.522,"count_uncertain:3@395,2@397,2@394"
3,9,12,16,394.43,X,insider,220.0,400.0,400.0,buyer,0.96907,False,395.478,396.0,-0.522,"count_uncertain:3@395,2@397,2@394"
3,9,13,16,396.46,X,insider,220.0,400.0,400.0,buyer,0.98033,False,395.478,396.0,-0.522,"count_uncertain:3@395,2@397,2@394"
3,9,14,16,396.6,X,insider,220.0,400.0,400.0,buyer,0.98114,False,395.478,396.0,-0.522,"count_uncertain:3@395,2@397,2@394"
3,9,15,16,396.63,X,insider,220.0,400.0,400.0,buyer,0.98125,False,395.478,396.0,-0.522,"count_uncertain:3@395,2@397,2@394"
3,9,16,16,398.86,X,insider,220.0,400.0,400.0,buyer,0.99367,False,395.478,396.0,-0.522,"count_uncertain:3@395,2@397,2@394"
3,10,1,15,170.11,Y,insider,220.0,175.0,220.0,seller,1.10868,True,166.817,167.0,-0.183,"count_uncertain:8@165,2@171"
3,10,2,15,160.18,Y,insider,220.0,175.0,220.0,seller,1.32931,True,166.817,167.0,-0.183,"count_uncertain:8@165,2@171"
3,10,3,15,164.7,Y,insider,220.0,175.0,220.0,seller,1.22892,True,166.817,167.0,-0.183,"count_uncertain:8@165,2@171"
3,10,4,15,164.7,Y,insider,220.0,175.0,220.0,seller,1.22892,True,166.817,167.0,-0.183,"count_uncertain:8@165,2@171"
3,10,5,15,164.7,Y,insider,220.0,175.0,220.0,seller,1.22892,True,166.817,167.0,-0.183,"count_uncertain:8@165,2@171"
3,10,6,15,164.7,Y,insider,220.0,175.0,220.0,seller,1.22892,True,166.817,167.0,-0.183,"count_uncertain:8@165,2@171"
3,10,7,15,164.7,Y,insider,220.0,175.0,220.0,seller,1.22892,True,166.817,167.0,-0.183,"count_uncertain:8@165,2@171"
3,10,8,15,164.7,Y,insider,220.0,175.0,220.0,seller,1.22892,True,166.817,167.0,-0.183,"count_uncertain:8@165,2@171"
3,10,9,15,164.7,Y,insider,220.0,175.0,220.0,seller,1.22892,True,166.817,167.0,-0.183,"count_uncertain:8@165,2@171"
3,10,10,15,164.7,Y,insider,220.0,175.0,220.0,seller,1.22892,True,166.817,167.0,-0.183,"count_uncertain:8@165,2@171"
3,10,11,15,169.64,Y,insider,220.0,175.0,220.0,seller,1.11908,True,166.817,167.0,-0.183,"count_uncertain:8@165,2@171"
3,10,12,15,169.72,Y,insider,220.0,175.0,220.0,seller,1.11732,True,166.817,167.0,-0.183,"count_uncertain:8@165,2@171"
3,10,13,15,171.19,Y,insider,220.0,175.0,220.0,seller,1.08463,True,166.817,167.0,-0.183,"count_uncertain:8@165,2@171"
3,10,14,15,171.19,Y,insider,220.0,175.0,220.0,seller,1.08463,True,166.817,167.0,-0.183,"count_uncertain:8@165,2@171"
3,10,15,15,172.64,Y,insider,220.0,175.0,220.0,seller,1.05255,True,166.817,167.0,-0.183,"count_uncertain:8@165,2@171"
3,11,1,18,297.75,Y,all,220.0,175.0,175.0,seller,-1.7278,False,176.448,177.0,-0.552,"count_uncertain:2@170,7@170,2@172,3@171"
3,11,2,18,165.06,Y,all,220.0,175.0,175.0,seller,1.22094,False,176.448,177.0,-0.552,"count_uncertain:2@170,7@170,2@172,3@171"
3,11,3,18,164.86,Y,all,220.0,175.0,175.0,seller,1.22535,False,176.448,177.0,-0.552,"count_uncertain:2@170,7@170,2@172,3@171"
3,11,4,18,169.6,Y,all,220.0,175.0,175.0,seller,1.11998,False,176.448,177.0,-0.552,"count_uncertain:2@170,7@170,2@172,3@171"
3,11,5,18,169.6,Y,all,220.0,175.0,175.0,seller,1.11998,False,176.448,177.0,-0.552,"count_uncertain:2@170,7@170,2@172,3@171"
3,11,6,18,165.37,Y,all,220.0,175.0,175.0,seller,1.21394,False,176.448,177.0,-0.552,"count_uncertain:2@170,7@170,2@172,3@171"
3,11,7,18,169.64,Y,all,220.0,175.0,175.0,seller,1.11903,False,176.448,177.0,-0.552,"count_uncertain:2@170,7@170,2@172,3@171"
3,11,8,18,169.64,Y,all,220.0,175.0,175.0,seller,1.11903,False,176.448,177.0,-0.552,"count_uncertain:2@170,7@170,2@172,3@171"
3,11,9,18,169.64,Y,all,220.0,175.0,175.0,seller,1.11903,False,176.448,177.0,-0.552,"count_uncertain:2@170,7@170,2@172,3@171"
3,11,10,18,169.64,Y,all,220.0,175.0,175.0,seller,1.11903,False,176.448,177.0,-0.552,"count_uncertain:2@170,7@170,2@172,3@171"
3,11,11,18,169.64,Y,all,220.0,175.0,175.0,seller,1.11903,False,176.448,177.0,-0.552,"count_uncertain:2@170,7@170,2@172,3@171"
3,11,12,18,169.64,Y,all,220.0,175.0,175.0,seller,1.11903,False,176.448,177.0,-0.552,"count_uncertain:2@170,7@170,2@172,3@171"
3,11,13,18,169.64,Y,all,220.0,175.0,175.0,seller,1.11903,False,176.448,177.0,-0.552,"count_uncertain:2@170,7@170,2@172,3@171"
3,11,14,18,172.0,Y,all,220.0,175.0,175.0,seller,1.0667,False,176.448,177.0,-0.552,"count_uncertain:2@170,7@170,2@172,3@171"
3,11,15,18,172.0,Y,all,220.0,175.0,175.0,seller,1.0667,False,176.448,177.0,-0.552,"count_uncertain:2@170,7@170,2@172,3@171"
3,11,16,18,170.77,Y,all,220.0,175.0,175.0,seller,1.09389,False,176.448,177.0,-0.552,"count_uncertain:2@170,7@170,2@172,3@171"
3,11,17,18,170.77,Y,all,220.0,175.0,175.0,seller,1.09389,False,176.448,177.0,-0.552,"count_uncertain:2@170,7@170,2@172,3@171"
3,11,18,18,170.77,Y,all,220.0,175.0,175.0,seller,1.09389,False,176.448,177.0,-0.552,"count_uncertain:2@170,7@170,2@172,3@171"
3,12,1,16,389.55,X,all,220.0,400.0,400.0,buyer,0.94194,False,393.999,395.0,-1.001,"count_uncertain:2@390,10@395"
3,12,2,16,389.55,X,all,220.0,400.0,400.0,buyer,0.94194,False,393.999,395.0,-1.001,"count_uncertain:2@390,10@395"
3,12,3,16,394.66,X,all,220.0,400.0,400.0,buyer,0.97032,False,393.999,395.0,-1.001,"count_uncertain:2@390,10@395"
3,12,4,16,389.94,X,all,220.0,400.0,400.0,buyer,0.94412,False,393.999,395.0,-1.001,"count_uncertain:2@390,10@395"
3,12,5,16,394.55,X,all,220.0,400.0,400.0,buyer,0.9697,False,393.999,395.0,-1.001,"count_uncertain:2@390,10@395"
3,12,6,16,394.55,X,all,220.0,400.0,400.0,buyer,0.9697,False,393.999,395.0,-1.001,"count_uncertain:2@390,10@395"
3,12,7,16,394.55,X,all,220.0,400.0,400.0,buyer,0.9697,False,393.999,395.0,-1.001,"count_uncertain:2@390,10@395"
3,12,8,16,394.55,X,all,220.0,400.0,400.0,buyer,0.9697,False,393.999,395.0,-1.001,"count_uncertain:2@390,10@395"
3,12,9,16,394.55,X,all,220.0,400.0,400.0,buyer,0.9697,False,393.999,395.0,-1.001,"count_uncertain:2@390,10@395"
3,12,10,16,394.55,X,all,220.0,400.0,400.0,buyer,0.9697,False,393.999,395.0,-1.001,"count_uncertain:2@390,10@395"
3,12,11,16,394.55,X,all,220.0,400.0,400.0,buyer,0.9697,False,393.999,395.0,-1.001,"count_uncertain:2@390,10@395"
3,12,12,16,394.55,X,all,220.0,400.0,400.0,buyer,0.9697,False,393.999,395.0,-1.001,"count_uncertain:2@390,10@395"
3,12,13,16,394.55,X,all,220.0,400.0,400.0,buyer,0.9697,False,393.999,395.0,-1.001,"count_uncertain:2@390,10@395"
3,12,14,16,394.55,X,all,220.0,400.0,400.0,buyer,0.9697,False,393.999,395.0,-1.001,"count_uncertain:2@390,10@395"
3,12,15,16,398.09,X,all,220.0,400.0,400.0,buyer,0.98942,False,393.999,395.0,-1.001,"count_uncertain:2@390,10@395"
3,12,16,16,396.73,X,all,220.0,400.0,400.0,buyer,0.98182,False,393.999,395.0,-1.001,"count_uncertain:2@390,10@395"
4,1,1,3,410.34,X,none,210.0,210.0,210.0,,,False,262.17,784.0,-521.83,source_inconsistent
4,1,2,3,175.94,X,none,210.0,210.0,210.0,,,False,262.17,784.0,-521.83,source_inconsistent
4,1,3,3,200.23,X,none,210.0,210.0,210.0,,,False,262.17,784.0,-521.83,source_inconsistent
4,2,1,14,149.9,Y,none,210.0,210.0,210.0,,,False,180.304,180.0,0.304,count_uncertain:2@201
4,2,2,14,150.0,Y,none,210.0,210.0,210.0,,,False,180.304,180.0,0.304,count_uncertain:2@201
4,2,3,14,200.43,Y,none,210.0,210.0,210.0,,,False,180.304,180.0,0.304,count_uncertain:2@201
4,2,4,14,200.5,Y,none,210.0,210.0,210.0,,,False,180.304,180.0,0.304,count_uncertain:2@201
4,2,5,14,200.56,Y,none,210.0,210.0,210.0,,,False,180.304,180.0,0.304,count_uncertain:2@201
4,2,6,14,200.56,Y,none,210.0,210.0,210.0,,,False,180.304,180.0,0.304,count_uncertain:2@201
4,2,7,14,180.55,Y,none,210.0,210.0,210.0,,,False,180.304,180.0,0.304,count_uncertain:2@201
4,2,8,14,190.75,Y,none,210.0,210.0,210.0,,,False,180.304,180.0,0.304,count_uncertain:2@201
4,2,9,14,190.69,Y,none,210.0,210.0,210.0,,,False,180.304,180.0,0.304,count_uncertain:2@201
4,2,10,14,154.08,Y,none,210.0,210.0,210.0,,,False,180.304,180.0,0.304,count_uncertain:2@201
4,2,11,14,185.24,Y,none,210.0,210.0,210.0,,,False,180.304,180.0,0.304,count_uncertain:2@201
4,2,12,14,170.23,Y,none,210.0,210.0,210.0,,,False,180.304,180.0,0.304,count_uncertain:2@201
4,2,13,14,175.3,Y,none,210.0,210.0,210.0,,,False,180.304,180.0,0.304,count_uncertain:2@201
4,2,14,14,175.46,Y,none,210.0,210.0,210.0,,,False,180.304,180.0,0.304,count_uncertain:2@201
4,3,1,16,149.92,Y,none,210.0,210.0,210.0,,,False,153.926,154.0,-0.074,"count_uncertain:2@155,2@160"
4,3,2,16,149.91,Y,none,210.0,210.0,210.0,,,False,153.926,154.0,-0.074,"count_uncertain:2@155,2@160"
4,3,3,16,150.01,Y,none,210.0,210.0,210.0,,,False,153.926,154.0,-0.074,"count_uncertain:2@155,2@160"
4,3,4,16,150.06,Y,none,210.0,210.0,210.0,,,False,153.926,154.0,-0.074,"count_uncertain:2@155,2@160"
4,3,5,16,150.18,Y,none,210.0,210.0,210.0,,,False,153.926,154.0,-0.074,"count_uncertain:2@155,2@160"
4,3,6,16,150.19,Y,none,210.0,210.0,210.0,,,False,153.926,154.0,-0.074,"count_uncertain:2@155,2@160"
4,3,7,16,155.37,Y,none,210.0,210.0,210.0,,,False,153.926,154.0,-0.074,"count_uncertain:2@155,2@160"
4,3,8,16,150.4,Y,none,210.0,210.0,210.0,,,False,153.926,154.0,-0.074,"count_uncertain:2@155,2@160"
4,3,9,16,155.35,Y,none,210.0,210.0,210.0,,,False,153.926,154.0,-0.074,"count_uncertain:2@155,2@160"
4,3,10,16,155.35,Y,none,210.0,210.0,210.0,,,False,153.926,154.0,-0.074,"count_uncertain:2@155,2@160"
4,3,11,16,155.3,Y,none,210.0,210.0,210.0,,,False,153.926,154.0,-0.074,"count_uncertain:2@155,2@160"
4,3,12,16,155.42,Y,none,210.0,210.0,210.0,,,False,153.926,154.0,-0.074,"count_uncertain:2@155,2@160"
4,3,13,16,160.05,Y,none,210.0,210.0,210.0,,,False,153.926,154.0,-0.074,"count_uncertain:2@155,2@160"
4,3,14,16,160.05,Y,none,210.0,210.0,210.0,,,False,153.926,154.0,-0.074,"count_uncertain:2@155,2@160"
4,3,15,16,160.04,Y,none,210.0,210.0,210.0,,,False,153.926,154.0,-0.074,"count_uncertain:2@155,2@160"
4,3,16,16,155.22,Y,none,210.0,210.0,210.0,,,False,153.926,154.0,-0.074,"count_uncertain:2@155,2@160"
4,4,1,14,155.05,X,none,210.0,210.0,210.0,,,False,158.171,158.0,0.171,count_uncertain:2@155
4,4,2,14,160.56,X,none,210.0,210.0,210.0,,,False,158.171,158.0,0.171,count_uncertain:2@155
4,4,3,14,155.27,X,none,210.0,210.0,210.0,,,False,158.171,158.0,0.171,count_uncertain:2@155
4,4,4,14,155.25,X,none,210.0,210.0,210.0,,,False,158.171,158.0,0.171,count_uncertain:2@155
4,4,5,14,155.25,X,none,210.0,210.0,210.0,,,False,158.171,158.0,0.171,count_uncertain:2@155
4,4,6,14,155.32,X,none,210.0,210.0,210.0,,,False,158.171,158.0,0.171,count_uncertain:2@155
4,4,7,14,160.53,X,none,210.0,210.0,210.0,,,False,158.171,158.0,0.171,count_uncertain:2@155
4,4,8,14,158.3,X,none,210.0,210.0,210.0,,,False,158.171,158.0,0.171,count_uncertain:2@155
4,4,9,14,158.33,X,none,210.0,210.0,210.0,,,False,158.171,158.0,0.171,count_uncertain:2@155
4,4,10,14,160.3,X,none,210.0,210.0,210.0,,,False,158.171,158.0,0.171,count_uncertain:2@155
4,4,11,14,160.37,X,none,210.0,210.0,210.0,,,False,158.171,158.0,0.171,count_uncertain:2@155
4,4,12,14,160.37,X,none,210.0,210.0,210.0,,,False,158.171,158.0,0.171,count_uncertain:2@155
4,4,13,14,158.98,X,none,210.0,210.0,210.0,,,False,158.171,158.0,0.171,count_uncertain:2@155
4,4,14,14,160.52,X,none,210.0,210.0,210.0,,,False,158.171,158.0,0.171,count_uncertain:2@155
4,5,1,17,150.17,Y,insider,210.0,175.0,210.0,seller,1.70942,True,157.82,157.0,0.82,"count_uncertain:2@158,3@160"
4,5,2,17,155.63,Y,insider,210.0,175.0,210.0,seller,1.5533,True,157.82,157.0,0.82,"count_uncertain:2@158,3@160"
4,5,3,17,155.61,Y,insider,210.0,175.0,210.0,seller,1.55396,True,157.82,157.0,0.82,"count_uncertain:2@158,3@160"
4,5,4,17,155.5,Y,insider,210.0,175.0,210.0,seller,1.55727,True,157.82,157.0,0.82,"count_uncertain:2@158,3@160"
4,5,5,17,155.49,Y,insider,210.0,175.0,210.0,seller,1.55753,True,157.82,157.0,0.82,"count_uncertain:2@158,3@160"
4,5,6,17,155.49,Y,insider,210.0,175.0,210.0,seller,1.55736,True,157.82,157.0,0.82,"count_uncertain:2@158,3@160"
4,5,7,17,160.1,Y,insider,210.0,175.0,210.0,seller,1.42577,True,157.82,157.0,0.82,"count_uncertain:2@158,3@160"
4,5,8,17,159.97,Y,insider,210.0,175.0,210.0,seller,1.4294,True,157.82,157.0,0.82,"count_uncertain:2@158,3@160"
4,5,9,17,155.47,Y,insider,210.0,175.0,210.0,seller,1.55787,True,157.82,157.0,0.82,"count_uncertain:2@158,3@160"
4,5,10,17,158.18,Y,insider,210.0,175.0,210.0,seller,1.48059,True,157.82,157.0,0.82,"count_uncertain:2@158,3@160"
4,5,11,17,158.18,Y,insider,210.0,175.0,210.0,seller,1.48059,True,157.82,157.0,0.82,"count_uncertain:2@158,3@160"
4,5,12,17,160.48,Y,insider,210.0,175.0,210.0,seller,1.41484,True,157.82,157.0,0.82,"count_uncertain:2@158,3@160"
4,5,13,17,160.48,Y,insider,210.0,175.0,210.0,seller,1.41484,True,157.82,157.0,0.82,"count_uncertain:2@158,3@160"
4,5,14,17,160.48,Y,insider,210.0,175.0,210.0,seller,1.41484,True,157.82,157.0,0.82,"count_uncertain:2@158,3@160"
4,5,15,17,160.54,Y,insider,210.0,175.0,210.0,seller,1.41306,True,157.82,157.0,0.82,"count_uncertain:2@158,3@160"
4,5,16,17,160.59,Y,insider,210.0,175.0,210.0,seller,1.41184,True,157.82,157.0,0.82,"count_uncertain:2@158,3@160"
4,5,17,17,160.57,Y,insider,210.0,175.0,210.0,seller,1.41215,True,157.82,157.0,0.82,"count_uncertain:2@158,3@160"
4,6,1,23,170.38,X,insider,210.0,375.0,375.0,buyer,-0.24012,False,254.051,254.0,0.051,count_uncertain:2@281
4,6,2,23,170.44,X,insider,210.0,375.0,375.0,buyer,-0.23976,False,254.051,254.0,0.051,count_uncertain:2@281
4,6,3,23,180.25,X,insider,210.0,375.0,375.0,buyer,-0.18032,False,254.051,254.0,0.051,count_uncertain:2@281
4,6,4,23,180.28,X,insider,210.0,375.0,375.0,buyer,-0.18012,False,254.051,254.0,0.051,count_uncertain:2@281
4,6,5,23,180.37,X,insider,210.0,375.0,375.0,buyer,-0.17957,False,254.051,254.0,0.051,count_uncertain:2@281
4,6,6,23,200.29,X,insider,210.0,375.0,375.0,buyer,-0.05882,False,254.051,254.0,0.051,count_uncertain:2@281
4,6,7,23,200.37,X,insider,210.0,375.0,375.0,buyer,-0.05834,False,254.051,254.0,0.051,count_uncertain:2@281
4,6,8,23,280.77,X,insider,210.0,375.0,375.0,buyer,0.42888,False,254.051,254.0,0.051,count_uncertain:2@281
4,6,9,23,280.82,X,insider,210.0,375.0,375.0,buyer,0.42919,False,254.051,254.0,0.051,count_uncertain:2@281
4,6,10,23,280.84,X,insider,210.0,375.0,375.0,buyer,0.42935,False,254.051,254.0,0.051,count_uncertain:2@281
4,6,11,23,280.92,X,insider,210.0,375.0,375.0,buyer,0.42982,False,254.051,254.0,0.051,count_uncertain:2@281
4,6,12,23,280.96,X,insider,210.0,375.0,375.0,buyer,0.43005,False,254.051,254.0,0.051,count_uncertain:2@281
4,6,13,23,280.9,X,insider,210.0,375.0,375.0,buyer,0.42968,False,254.051,254.0,0.051,count_uncertain:2@281
4,6,14,23,280.95,X,insider,210.0,375.0,375.0,buyer,0.42999,False,254.051,254.0,0.051,count_uncertain:2@281
4,6,15,23,270.96,X,insider,210.0,375.0,375.0,buyer,0.36946,False,254.051,254.0,0.051,count_uncertain:2@281
4,6,16,23,274.82,X,insider,210.0,375.0,375.0,buyer,0.39285,False,254.051,254.0,0.051,count_uncertain:2@281
4,6,17,23,280.4,X,insider,210.0,375.0,375.0,buyer,0.42668,False,254.051,254.0,0.051,count_uncertain:2@281
4,6,18,23,280.69,X,insider,210.0,375.0,375.0,buyer,0.42843,False,254.051,254.0,0.051,count_uncertain:2@281
4,6,19,23,280.82,X,insider,210.0,375.0,375.0,buyer,0.42923,False,254.051,254.0,0.051,count_uncertain:2@281
4,6,20,23,280.86,X,insider,210.0,375.0,375.0,buyer,0.42946,False,254.051,254.0,0.051,count_uncertain:2@281
4,6,21,23,280.86,X,insider,210.0,375.0,375.0,buyer,0.42946,False,254.051,254.0,0.051,count_uncertain:2@281
4,6,22,23,285.0,X,insider,210.0,375.0,375.0,buyer,0.45454,False,254.051,254.0,0.051,count_uncertain:2@281
4,6,23,23,360.22,X,insider,210.0,375.0,375.0,buyer,0.91042,False,254.051,254.0,0.051,count_uncertain:2@281
4,7,1,17,170.58,Y,insider,210.0,175.0,210.0,seller,1.12628,True,171.155,161.0,10.155,"source_inconsistent;count_uncertain:2@166,2@170"
4,7,2,17,165.73,Y,insider,210.0,175.0,210.0,seller,1.26494,True,171.155,161.0,10.155,"source_inconsistent;count_uncertain:2@166,2@170"
4,7,3,17,165.53,Y,insider,210.0,175.0,210.0,seller,1.27066,True,171.155,161.0,10.155,"source_inconsistent;count_uncertain:2@166,2@170"
4,7,4,17,165.53,Y,insider,210.0,175.0,210.0,seller,1.27066,True,171.155,161.0,10.155,"source_inconsistent;count_uncertain:2@166,2@170"
4,7,5,17,170.23,Y,insider,210.0,175.0,210.0,seller,1.13641,True,171.155,161.0,10.155,"source_inconsistent;count_uncertain:2@166,2@170"
4,7,6,17,170.23,Y,insider,210.0,175.0,210.0,seller,1.13641,True,171.155,161.0,10.155,"source_inconsistent;count_uncertain:2@166,2@170"
4,7,7,17,170.36,Y,insider,210.0,175.0,210.0,seller,1.1327,True,171.155,161.0,10.155,"source_inconsistent;count_uncertain:2@166,2@170"
4,7,8,17,170.36,Y,insider,210.0,175.0,210.0,seller,1.13258,True,171.155,161.0,10.155,"source_inconsistent;count_uncertain:2@166,2@170"
4,7,9,17,170.48,Y,insider,210.0,175.0,210.0,seller,1.12905,True,171.155,161.0,10.155,"source_inconsistent;count_uncertain:2@166,2@170"
4,7,10,17,170.54,Y,insider,210.0,175.0,210.0,seller,1.12741,True,171.155,161.0,10.155,"source_inconsistent;count_uncertain:2@166,2@170"
4,7,11,17,170.63,Y,insider,210.0,175.0,210.0,seller,1.12494,True,171.155,161.0,10.155,"source_inconsistent;count_uncertain:2@166,2@170"
4,7,12,17,170.67,Y,insider,210.0,175.0,210.0,seller,1.12362,True,171.155,161.0,10.155,"source_inconsistent;count_uncertain:2@166,2@170"
4,7,13,17,170.66,Y,insider,210.0,175.0,210.0,seller,1.12395,True,171.155,161.0,10.155,"source_inconsistent;count_uncertain:2@166,2@170"
4,7,14,17,170.74,Y,insider,210.0,175.0,210.0,seller,1.12178,True,171.155,161.0,10.155,"source_inconsistent;count_uncertain:2@166,2@170"
4,7,15,17,175.72,Y,insider,210.0,175.0,210.0,seller,0.97935,True,171.155,161.0,10.155,"source_inconsistent;count_uncertain:2@166,2@170"
4,7,16,17,180.79,Y,insider,210.0,175.0,210.0,seller,0.83443,True,171.155,161.0,10.155,"source_inconsistent;count_uncertain:2@166,2@170"
4,7,17,17,180.86,Y,insider,210.0,175.0,210.0,seller,0.83245,True,171.155,161.0,10.155,"source_inconsistent;count_uncertain:2@166,2@170"
4,8,1,10,170.75,Y,insider,210.0,175.0,210.0,seller,1.12155,True,174.667,164.0,10.667,"source_inconsistent;count_uncertain:2@171,3@171,2@181"
4,8,2,10,170.75,Y,insider,210.0,175.0,210.0,seller,1.12155,True,174.667,164.0,10.667,"source_inconsistent;count_uncertain:2@171,3@171,2@181"
4,8,3,10,170.55,Y,insider,210.0,175.0,210.0,seller,1.12708,True,174.667,164.0,10.667,"source_inconsistent;count_uncertain:2@171,3@171,2@181"
4,8,4,10,170.55,Y,insider,210.0,175.0,210.0,seller,1.12708,True,174.667,164.0,10.667,"source_inconsistent;count_uncertain:2@171,3@171,2@181"
4,8,5,10,170.55,Y,insider,210.0,175.0,210.0,seller,1.12708,True,174.667,164.0,10.667,"source_inconsistent;count_uncertain:2@171,3@171,2@181"
4,8,6,10,175.6,Y,insider,210.0,175.0,210.0,seller,0.98278,True,174.667,164.0,10.667,"source_inconsistent;count_uncertain:2@171,3@171,2@181"
4,8,7,10,175.59,Y,insider,210.0,175.0,210.0,seller,0.98309,True,174.667,164.0,10.667,"source_inconsistent;count_uncertain:2@171,3@171,2@181"
4,8,8,10,180.76,Y,insider,210.0,175.0,210.0,seller,0.83543,True,174.667,164.0,10.667,"source_inconsistent;count_uncertain:2@171,3@171,2@181"
4,8,9,10,180.76,Y,insider,210.0,175.0,210.0,seller,0.83543,True,174.667,164.0,10.667,"source_inconsistent;count_uncertain:2@171,3@171,2@181"
4,8,10,10,180.81,Y,insider,210.0,175.0,210.0,seller,0.83412,True,174.667,164.0,10.667,"source_inconsistent;count_uncertain:2@171,3@171,2@181"
4,9,1,20,270.55,X,insider,210.0,375.0,375.0,buyer,0.36695,False,301.615,301.0,0.615,"count_uncertain:2@301,3@311,2@321"
4,9,2,20,251.1,X,insider,210.0,375.0,375.0,buyer,0.24912,False,301.615,301.0,0.615,"count_uncertain:2@301,3@311,2@321"
4,9,3,20,270.74,X,insider,210.0,375.0,375.0,buyer,0.3681,False,301.615,301.0,0.615,"count_uncertain:2@301,3@311,2@321"
4,9,4,20,275.88,X,insider,210.0,375.0,375.0,buyer,0.39925,False,301.615,301.0,0.615,"count_uncertain:2@301,3@311,2@321"
4,9,5,20,300.93,X,insider,210.0,375.0,375.0,buyer,0.55106,False,301.615,301.0,0.615,"count_uncertain:2@301,3@311,2@321"
4,9,6,20,301.03,X,insider,210.0,375.0,375.0,buyer,0.55172,False,301.615,301.0,0.615,"count_uncertain:2@301,3@311,2@321"
4,9,7,20,301.11,X,insider,210.0,375.0,375.0,buyer,0.5522,False,301.615,301.0,0.615,"count_uncertain:2@301,3@311,2@321"
4,9,8,20,301.08,X,insider,210.0,375.0,375.0,buyer,0.55202,False,301.615,301.0,0.615,"count_uncertain:2@301,3@311,2@321"
4,9,9,20,301.26,X,insider,210.0,375.0,375.0,buyer,0.55308,False,301.615,301.0,0.615,"count_uncertain:2@301,3@311,2@321"
4,9,10,20,301.26,X,insider,210.0,375.0,375.0,buyer,0.55308,False,301.615,301.0,0.615,"count_uncertain:2@301,3@311,2@321"
4,9,11,20,310.92,X,insider,210.0,375.0,375.0,buyer,0.61166,False,301.615,301.0,0.615,"count_uncertain:2@301,3@311,2@321"
4,9,12,20,311.05,X,insider,210.0,375.0,375.0,buyer,0.61243,False,301.615,301.0,0.615,"count_uncertain:2@301,3@311,2@321"
4,9,13,20,311.1,X,insider,210.0,375.0,375.0,buyer,0.6127,False,301.615,301.0,0.615,"count_uncertain:2@301,3@311,2@321"
4,9,14,20,311.1,X,insider,210.0,375.0,375.0,buyer,0.6127,False,301.615,301.0,0.615,"count_uncertain:2@301,3@311,2@321"
4,9,15,20,311.1,X,insider,210.0,375.0,375.0,buyer,0.6127,False,301.615,301.0,0.615,"count_uncertain:2@301,3@311,2@321"
4,9,16,20,315.71,X,insider,210.0,375.0,375.0,buyer,0.64066,False,301.615,301.0,0.615,"count_uncertain:2@301,3@311,2@321"
4,9,17,20,319.39,X,insider,210.0,375.0,375.0,buyer,0.663,False,301.615,301.0,0.615,"count_uncertain:2@301,3@311,2@321"
4,9,18,20,320.78,X,insider,210.0,375.0,375.0,buyer,0.6714,False,301.615,301.0,0.615,"count_uncertain:2@301,3@311,2@321"
4,9,19,20,320.78,X,insider,210.0,375.0,375.0,buyer,0.6714,False,301.615,301.0,0.615,"count_uncertain:2@301,3@311,2@321"
4,9,20,20,325.44,X,insider,210.0,375.0,375.0,buyer,0.69962,False,301.615,301.0,0.615,"count_uncertain:2@301,3@311,2@321"
4,10,1,15,150.84,Y,insider,210.0,175.0,210.0,seller,1.69021,True,167.517,167.0,0.517,count_uncertain:3@165
4,10,2,15,160.1,Y,insider,210.0,175.0,210.0,seller,1.42559,True,167.517,167.0,0.517,count_uncertain:3@165
4,10,3,15,165.37,Y,insider,210.0,175.0,210.0,seller,1.27507,True,167.517,167.0,0.517,count_uncertain:3@165
4,10,4,15,165.37,Y,insider,210.0,175.0,210.0,seller,1.27507,True,167.517,167.0,0.517,count_uncertain:3@165
4,10,5,15,165.37,Y,insider,210.0,175.0,210.0,seller,1.27507,True,167.517,167.0,0.517,count_uncertain:3@165
4,10,6,15,170.44,Y,insider,210.0,175.0,210.0,seller,1.13032,True,167.517,167.0,0.517,count_uncertain:3@165
4,10,7,15,170.45,Y,insider,210.0,175.0,210.0,seller,1.1299,True,167.517,167.0,0.517,count_uncertain:3@165
4,10,8,15,170.47,Y,insider,210.0,175.0,210.0,seller,1.12938,True,167.517,167.0,0.517,count_uncertain:3@165
4,10,9,15,170.46,Y,insider,210.0,175.0,210.0,seller,1.12969,True,167.517,167.0,0.517,count_uncertain:3@165
4,10,10,15,170.53,Y,insider,210.0,175.0,210.0,seller,1.12767,True,167.517,167.0,0.517,count_uncertain:3@165
4,10,11,15,170.62,Y,insider,210.0,175.0,210.0,seller,1.1252,True,167.517,167.0,0.517,count_uncertain:3@165
4,10,12,15,170.63,Y,insider,210.0,175.0,210.0,seller,1.12477,True,167.517,167.0,0.517,count_uncertain:3@165
4,10,13,15,170.62,Y,insider,210.0,175.0,210.0,seller,1.12513,True,167.517,167.0,0.517,count_uncertain:3@165
4,10,14,15,170.72,Y,insider,210.0,175.0,210.0,seller,1.12226,True,167.517,167.0,0.517,count_uncertain:3@165
4,10,15,15,170.74,Y,insider,210.0,175.0,210.0,seller,1.12164,True,167.517,167.0,0.517,count_uncertain:3@165
4,11,1,20,281.08,X,insider,210.0,375.0,375.0,buyer,0.43079,False,323.458,323.0,0.458,ok
4,11,2,20,300.9,X,insider,210.0,375.0,375.0,buyer,0.5509,False,323.458,323.0,0.458,ok
4,11,3,20,301.08,X,insider,210.0,375.0,375.0,buyer,0.552,False,323.458,323.0,0.458,ok
4,11,4,20,305.68,X,insider,210.0,375.0,375.0,buyer,0.57987,False,323.458,323.0,0.458,ok
4,11,5,20,305.74,X,insider,210.0,375.0,375.0,buyer,0.58022,False,323.458,323.0,0.458,ok
4,11,6,20,305.92,X,insider,210.0,375.0,375.0,buyer,0.58133,False,323.458,323.0,0.458,ok
4,11,7,20,310.91,X,insider,210.0,375.0,375.0,buyer,0.61155,False,323.458,323.0,0.458,ok
4,11,8,20,310.95,X,insider,210.0,375.0,375.0,buyer,0.61183,False,323.458,323.0,0.458,ok
4,11,9,20,311.18,X,insider,210.0,375.0,375.0,buyer,0.61319,False,323.458,323.0,0.458,ok
4,11,10,20,320.79,X,insider,210.0,375.0,375.0,buyer,0.67145,False,323.458,323.0,0.458,ok
4,11,11,20,320.91,X,insider,210.0,375.0,375.0,buyer,0.6722,False,323.458,323.0,0.458,ok
4,11,12,20,320.99,X,insider,210.0,375.0,375.0,buyer,0.6727,False,323.458,323.0,0.458,ok
4,11,13,20,321.01,X,insider,210.0,375.0,375.0,buyer,0.67277,False,323.458,323.0,0.458,ok
4,11,14,20,321.09,X,insider,210.0,375.0,375.0,buyer,0.67327,False,323.458,323.0,0.458,ok
4,11,15,20,331.24,X,insider,210.0,375.0,375.0,buyer,0.73479,False,323.458,323.0,0.458,ok
4,11,16,20,341.27,X,insider,210.0,375.0,375.0,buyer,0.79557,False,323.458,323.0,0.458,ok
4,11,17,20,350.78,X,insider,210.0,375.0,375.0,buyer,0.85322,False,323.458,323.0,0.458,ok
4,11,18,20,366.16,X,insider,210.0,375.0,375.0,buyer,0.94644,False,323.458,323.0,0.458,ok
4,11,19,20,370.61,X,insider,210.0,375.0,375.0,buyer,0.97338,False,323.458,323.0,0.458,ok
4,11,20,20,370.88,X,insider,210.0,375.0,375.0,buyer,0.97506,False,323.458,323.0,0.458,ok
4,12,1,18,170.86,Y,insider,210.0,175.0,210.0,seller,1.11831,True,171.679,171.0,0.679,ok
4,12,2,18,175.36,Y,insider,210.0,175.0,210.0,seller,0.9898,True,171.679,171.0,0.679,ok
4,12,3,18,175.48,Y,insider,210.0,175.0,210.0,seller,0.98622,True,171.679,171.0,0.679,ok
4,12,4,18,175.47,Y,insider,210.0,175.0,210.0,seller,0.98654,True,171.679,171.0,0.679,ok
4,12,5,18,170.54,Y,insider,210.0,175.0,210.0,seller,1.12731,True,171.679,171.0,0.679,ok
4,12,6,18,170.49,Y,insider,210.0,175.0,210.0,seller,1.12877,True,171.679,171.0,0.679,ok
4,12,7,18,170.52,Y,insider,210.0,175.0,210.0,seller,1.1279,True,171.679,171.0,0.679,ok
4,12,8,18,172.91,Y,insider,210.0,175.0,210.0,seller,1.05984,True,171.679,171.0,0.679,ok
4,12,9,18,170.72,Y,insider,210.0,175.0,210.0,seller,1.12222,True,171.679,171.0,0.679,ok
4,12,10,18,170.55,Y,insider,210.0,175.0,210.0,seller,1.12711,True,171.679,171.0,0.679,ok
4,12,11,18,170.38,Y,insider,210.0,175.0,210.0,seller,1.13199,True,171.679,171.0,0.679,ok
4,12,12,18,170.31,Y,insider,210.0,175.0,210.0,seller,1.13395,True,171.679,171.0,0.679,ok
4,12,13,18,170.32,Y,insider,210.0,175.0,210.0,seller,1.13371,True,171.679,171.0,0.679,ok
4,12,14,18,170.24,Y,insider,210.0,175.0,210.0,seller,1.13587,True,171.679,171.0,0.679,ok
4,12,15,18,174.73,Y,insider,210.0,175.0,210.0,seller,1.00762,True,171.679,171.0,0.679,ok
4,12,16,18,170.54,Y,insider,210.0,175.0,210.0,seller,1.12749,True,171.679,171.0,0.679,ok
4,12,17,18,170.38,Y,insider,210.0,175.0,210.0,seller,1.1319,True,171.679,171.0,0.679,ok
4,12,18,18,170.4,Y,insider,210.0,175.0,210.0,seller,1.13138,True,171.679,171.0,0.679,ok
4,13,1,21,310.36,X,insider,210.0,375.0,375.0,buyer,0.60827,False,344.51,344.0,0.51,"count_uncertain:2@341,2@371"
4,13,2,21,321.16,X,insider,210.0,375.0,375.0,buyer,0.6737,False,344.51,344.0,0.51,"count_uncertain:2@341,2@371"
4,13,3,21,321.19,X,insider,210.0,375.0,375.0,buyer,0.67391,False,344.51,344.0,0.51,"count_uncertain:2@341,2@371"
4,13,4,21,325.76,X,insider,210.0,375.0,375.0,buyer,0.70155,False,344.51,344.0,0.51,"count_uncertain:2@341,2@371"
4,13,5,21,331.07,X,insider,210.0,375.0,375.0,buyer,0.73378,False,344.51,344.0,0.51,"count_uncertain:2@341,2@371"
4,13,6,21,331.24,X,insider,210.0,375.0,375.0,buyer,0.73477,False,344.51,344.0,0.51,"count_uncertain:2@341,2@371"
4,13,7,21,331.28,X,insider,210.0,375.0,375.0,buyer,0.73506,False,344.51,344.0,0.51,"count_uncertain:2@341,2@371"
4,13,8,21,340.86,X,insider,210.0,375.0,375.0,buyer,0.79307,False,344.51,344.0,0.51,"count_uncertain:2@341,2@371"
4,13,9,21,341.03,X,insider,210.0,375.0,375.0,buyer,0.79411,False,344.51,344.0,0.51,"count_uncertain:2@341,2@371"
4,13,10,21,341.11,X,insider,210.0,375.0,375.0,buyer,0.79462,False,344.51,344.0,0.51,"count_uncertain:2@341,2@371"
4,13,11,21,341.11,X,insider,210.0,375.0,375.0,buyer,0.79462,False,344.51,344.0,0.51,"count_uncertain:2@341,2@371"
4,13,12,21,345.74,X,insider,210.0,375.0,375.0,buyer,0.82269,False,344.51,344.0,0.51,"count_uncertain:2@341,2@371"
4,13,13,21,345.94,X,insider,210.0,375.0,375.0,buyer,0.8239,False,344.51,344.0,0.51,"count_uncertain:2@341,2@371"
4,13,14,21,346.14,X,insider,210.0,375.0,375.0,buyer,0.82508,False,344.51,344.0,0.51,"count_uncertain:2@341,2@371"
4,13,15,21,351.24,X,insider,210.0,375.0,375.0,buyer,0.85598,False,344.51,344.0,0.51,"count_uncertain:2@341,2@371"
4,13,16,21,360.93,X,insider,210.0,375.0,375.0,buyer,0.91475,False,344.51,344.0,0.51,"count_uncertain:2@341,2@371"
4,13,17,21,365.86,X,insider,210.0,375.0,375.0,buyer,0.94459,False,344.51,344.0,0.51,"count_uncertain:2@341,2@371"
4,13,18,21,365.99,X,insider,210.0,375.0,375.0,buyer,0.94538,False,344.51,344.0,0.51,"count_uncertain:2@341,2@371"
4,13,19,21,370.96,X,insider,210.0,375.0,375.0,buyer,0.97549,False,344.51,344.0,0.51,"count_uncertain:2@341,2@371"
4,13,20,21,370.96,X,insider,210.0,375.0,375.0,buyer,0.97549,False,344.51,344.0,0.51,"count_uncertain:2@341,2@371"
4,13,21,21,374.77,X,insider,210.0,375.0,375.0,buyer,0.99861,False,344.51,344.0,0.51,"count_uncertain:2@341,2@371"
4,14,1,13,170.46,Y,none,210.0,210.0,210.0,,,False,159.416,159.0,0.416,count_uncertain:3@166
4,14,2,13,170.27,Y,none,210.0,210.0,210.0,,,False,159.416,159.0,0.416,count_uncertain:3@166
4,14,3,13,165.56,Y,none,210.0,210.0,210.0,,,False,159.416,159.0,0.416,count_uncertain:3@166
4,14,4,13,165.56,Y,none,210.0,210.0,210.0,,,False,159.416,159.0,0.416,count_uncertain:3@166
4,14,5,13,165.56,Y,none,210.0,210.0,210.0,,,False,159.416,159.0,0.416,count_uncertain:3@166
4,14,6,13,160.69,Y,none,210.0,210.0,210.0,,,False,159.416,159.0,0.416,count_uncertain:3@166
4,14,7,13,155.57,Y,none,210.0,210.0,210.0,,,False,159.416,159.0,0.416,count_uncertain:3@166
4,14,8,13,150.54,Y,none,210.0,210.0,210.0,,,False,159.416,159.0,0.416,count_uncertain:3@166
4,14,9,13,150.56,Y,none,210.0,210.0,210.0,,,False,159.416,159.0,0.416,count_uncertain:3@166
4,14,10,13,155.5,Y,none,210.0,210.0,210.0,,,False,159.416,159.0,0.416,count_uncertain:3@166
4,14,11,13,150.71,Y,none,210.0,210.0,210.0,,,False,159.416,159.0,0.416,count_uncertain:3@166
4,14,12,13,155.67,Y,none,210.0,210.0,210.0,,,False,159.416,159.0,0.416,count_uncertain:3@166
4,14,13,13,155.78,Y,none,210.0,210.0,210.0,,,False,159.416,159.0,0.416,count_uncertain:3@166
5,1,1,10,150.14,Z,none,212.5,212.0,212.0,,124.71604,False,164.491,165.0,-0.509,ok
5,1,2,10,192.34,Z,none,212.5,212.0,212.0,,40.32044,False,164.491,165.0,-0.509,ok
5,1,3,10,160.42,Z,none,212.5,212.0,212.0,,104.16457,False,164.491,165.0,-0.509,ok
5,1,4,10,160.39,Z,none,212.5,212.0,212.0,,104.22405,False,164.491,165.0,-0.509,ok
5,1,5,10,160.26,Z,none,212.5,212.0,212.0,,104.47125,False,164.491,165.0,-0.509,ok
5,1,6,10,160.2,Z,none,212.5,212.0,212.0,,104.60871,False,164.491,165.0,-0.509,ok
5,1,7,10,160.2,Z,none,212.5,212.0,212.0,,104.60672,False,164.491,165.0,-0.509,ok
5,1,8,10,165.35,Z,none,212.5,212.0,212.0,,94.29046,False,164.491,165.0,-0.509,ok
5,1,9,10,165.56,Z,none,212.5,212.0,212.0,,93.88366,False,164.491,165.0,-0.509,ok
5,1,10,10,170.06,Z,none,212.5,212.0,212.0,,84.8889,False,164.491,165.0,-0.509,ok
5,2,1,17,165.33,X,none,212.5,212.0,212.0,,94.34487,False,172.565,172.0,0.565,ok
5,2,2,17,165.4,X,none,212.5,212.0,212.0,,94.20428,False,172.565,172.0,0.565,ok
5,2,3,17,165.35,X,none,212.5,212.0,212.0,,94.29468,False,172.565,172.0,0.565,ok
5,2,4,17,169.95,X,none,212.5,212.0,212.0,,85.10482,False,172.565,172.0,0.565,ok
5,2,5,17,170.08,X,none,212.5,212.0,212.0,,84.84327,False,172.565,172.0,0.565,ok
5,2,6,17,170.13,X,none,212.5,212.0,212.0,,84.73711,False,172.565,172.0,0.565,ok
5,2,7,17,170.26,X,none,212.5,212.0,212.0,,84.47462,False,172.565,172.0,0.565,ok
5,2,8,17,175.26,X,none,212.5,212.0,212.0,,74.48981,False,172.565,172.0,0.565,ok
5,2,9,17,175.36,X,none,212.5,212.0,212.0,,74.27507,False,172.565,172.0,0.565,ok
5,2,10,17,175.23,X,none,212.5,212.0,212.0,,74.53182,False,172.565,172.0,0.565,ok
5,2,11,17,175.11,X,none,212.5,212.0,212.0,,74.77689,False,172.565,172.0,0.565,ok
5,2,12,17,175.11,X,none,212.5,212.0,212.0,,74.783,False,172.565,172.0,0.565,ok
5,2,13,17,175.11,X,none,212.5,212.0,212.0,,74.77929,False,172.565,172.0,0.565,ok
5,2,14,17,175.14,X,none,212.5,212.0,212.0,,74.72326,False,172.565,172.0,0.565,ok
5,2,15,17,175.32,X,none,212.5,212.0,212.0,,74.36422,False,172.565,172.0,0.565,ok
5,2,16,17,179.85,X,none,212.5,212.0,212.0,,65.30218,False,172.565,172.0,0.565,ok
5,2,17,17,175.62,X,none,212.5,212.0,212.0,,73.75954,False,172.565,172.0,0.565,ok
5,3,1,18,170.7,Z,none,212.5,212.0,212.0,,83.59922,False,175.076,175.0,0.076,unmatched_band:175.3
5,3,2,18,175.11,Z,none,212.5,212.0,212.0,,74.78524,False,175.076,175.0,0.076,unmatched_band:175.3
5,3,3,18,175.24,Z,none,212.5,212.0,212.0,,74.52103,False,175.076,175.0,0.076,unmatched_band:175.3
5,3,4,18,175.24,Z,none,212.5,212.0,212.0,,74.52768,False,175.076,175.0,0.076,unmatched_band:175.3
5,3,5,18,175.23,Z,none,212.5,212.0,212.0,,74.54101,False,175.076,175.0,0.076,unmatched_band:175.3
5,3,6,18,175.43,Z,none,212.5,212.0,212.0,,74.14777,False,175.076,175.0,0.076,unmatched_band:175.3
5,3,7,18,175.42,Z,none,212.5,212.0,212.0,,74.15434,False,175.076,175.0,0.076,unmatched_band:175.3
5,3,8,18,175.42,Z,none,212.5,212.0,212.0,,74.16092,False,175.076,175.0,0.076,unmatched_band:175.3
5,3,9,18,175.36,Z,none,212.5,212.0,212.0,,74.28452,False,175.076,175.0,0.076,unmatched_band:175.3
5,3,10,18,175.34,Z,none,212.5,212.0,212.0,,74.32017,False,175.076,175.0,0.076,unmatched_band:175.3
5,3,11,18,175.34,Z,none,212.5,212.0,212.0,,74.32653,False,175.076,175.0,0.076,unmatched_band:175.3
5,3,12,18,175.33,Z,none,212.5,212.0,212.0,,74.33237,False,175.076,175.0,0.076,unmatched_band:175.3
5,3,13,18,175.28,Z,none,212.5,212.0,212.0,,74.43687,False,175.076,175.0,0.076,unmatched_band:175.3
5,3,14,18,175.28,Z,none,212.5,212.0,212.0,,74.44373,False,175.076,175.0,0.076,unmatched_band:175.3
5,3,15,18,175.34,Z,none,212.5,212.0,212.0,,74.32502,False,175.076,175.0,0.076,unmatched_band:175.3
5,3,16,18,175.39,Z,none,212.5,212.0,212.0,,74.21023,False,175.076,175.0,0.076,unmatched_band:175.3
5,3,17,18,175.4,Z,none,212.5,212.0,212.0,,74.19561,False,175.076,175.0,0.076,unmatched_band:175.3
5,3,18,18,175.52,Z,none,212.5,212.0,212.0,,73.95721,False,175.076,175.0,0.076,unmatched_band:175.3
5,4,1,15,180.17,X,insider,212.5,180.0,212.0,seller,0.99467,True,176.237,176.0,0.237,unmatched_band:175.4
5,4,2,15,175.44,X,insider,212.5,180.0,212.0,seller,1.14043,True,176.237,176.0,0.237,unmatched_band:175.4
5,4,3,15,175.38,X,insider,212.5,180.0,212.0,seller,1.14228,True,176.237,176.0,0.237,unmatched_band:175.4
5,4,4,15,175.58,X,insider,212.5,180.0,212.0,seller,1.13608,True,176.237,176.0,0.237,unmatched_band:175.4
5,4,5,15,175.46,X,insider,212.5,180.0,212.0,seller,1.13975,True,176.237,176.0,0.237,unmatched_band:175.4
5,4,6,15,175.51,X,insider,212.5,180.0,212.0,seller,1.13803,True,176.237,176.0,0.237,unmatched_band:175.4
5,4,7,15,175.58,X,insider,212.5,180.0,212.0,seller,1.13586,True,176.237,176.0,0.237,unmatched_band:175.4
5,4,8,15,175.5,X,insider,212.5,180.0,212.0,seller,1.13855,True,176.237,176.0,0.237,unmatched_band:175.4
5,4,9,15,175.49,X,insider,212.5,180.0,212.0,seller,1.13879,True,176.237,176.0,0.237,unmatched_band:175.4
5,4,10,15,175.56,X,insider,212.5,180.0,212.0,seller,1.13662,True,176.237,176.0,0.237,unmatched_band:175.4
5,4,11,15,175.51,X,insider,212.5,180.0,212.0,seller,1.13807,True,176.237,176.0,0.237,unmatched_band:175.4
5,4,12,15,175.63,X,insider,212.5,180.0,212.0,seller,1.13441,True,176.237,176.0,0.237,unmatched_band:175.4
5,4,13,15,175.71,X,insider,212.5,180.0,212.0,seller,1.13191,True,176.237,176.0,0.237,unmatched_band:175.4
5,4,14,15,180.02,X,insider,212.5,180.0,212.0,seller,0.99939,True,176.237,176.0,0.237,unmatched_band:175.4
5,4,15,15,177.01,X,insider,212.5,180.0,212.0,seller,1.09203,True,176.237,176.0,0.237,unmatched_band:175.4
5,5,1,16,175.42,X,insider,212.5,180.0,212.0,seller,1.14084,True,175.588,175.0,0.588,unmatched_band:175.7
5,5,2,16,175.43,X,insider,212.5,180.0,212.0,seller,1.14053,True,175.588,175.0,0.588,unmatched_band:175.7
5,5,3,16,175.48,X,insider,212.5,180.0,212.0,seller,1.13895,True,175.588,175.0,0.588,unmatched_band:175.7
5,5,4,16,175.54,X,insider,212.5,180.0,212.0,seller,1.13711,True,175.588,175.0,0.588,unmatched_band:175.7
5,5,5,16,175.64,X,insider,212.5,180.0,212.0,seller,1.13417,True,175.588,175.0,0.588,unmatched_band:175.7
5,5,6,16,175.61,X,insider,212.5,180.0,212.0,seller,1.13502,True,175.588,175.0,0.588,unmatched_band:175.7
5,5,7,16,175.67,X,insider,212.5,180.0,212.0,seller,1.13336,True,175.588,175.0,0.588,unmatched_band:175.7
5,5,8,16,175.6,X,insider,212.5,180.0,212.0,seller,1.13553,True,175.588,175.0,0.588,unmatched_band:175.7
5,5,9,16,175.61,X,insider,212.5,180.0,212.0,seller,1.13498,True,175.588,175.0,0.588,unmatched_band:175.7
5,5,10,16,175.59,X,insider,212.5,180.0,212.0,seller,1.13573,True,175.588,175.0,0.588,unmatched_band:175.7
5,5,11,16,175.52,X,insider,212.5,180.0,212.0,seller,1.13776,True,175.588,175.0,0.588,unmatched_band:175.7
5,5,12,16,175.55,X,insider,212.5,180.0,212.0,seller,1.13695,True,175.588,175.0,0.588,unmatched_band:175.7
5,5,13,16,175.56,X,insider,212.5,180.0,212.0,seller,1.13666,True,175.588,175.0,0.588,unmatched_band:175.7
5,5,14,16,175.73,X,insider,212.5,180.0,212.0,seller,1.13126,True,175.588,175.0,0.588,unmatched_band:175.7
5,5,15,16,175.73,X,insider,212.5,180.0,212.0,seller,1.13136,True,175.588,175.0,0.588,unmatched_band:175.7
5,5,16,16,175.71,X,insider,212.5,180.0,212.0,seller,1.13192,True,175.588,175.0,0.588,unmatched_band:175.7
5,6,1,17,175.63,Y,insider,212.5,245.0,245.0,buyer,-1.13449,False,237.937,237.0,0.937,ok
5,6,2,17,200.44,Y,insider,212.5,245.0,245.0,buyer,-0.37119,False,237.937,237.0,0.937,ok
5,6,3,17,250.63,Y,insider,212.5,245.0,245.0,buyer,1.17322,False,237.937,237.0,0.937,ok
5,6,4,17,250.81,Y,insider,212.5,245.0,245.0,buyer,1.17879,False,237.937,237.0,0.937,ok
5,6,5,17,241.33,Y,insider,212.5,245.0,245.0,buyer,0.88712,False,237.937,237.0,0.937,ok
5,6,6,17,241.32,Y,insider,212.5,245.0,245.0,buyer,0.88681,False,237.937,237.0,0.937,ok
5,6,7,17,250.51,Y,insider,212.5,245.0,245.0,buyer,1.16944,False,237.937,237.0,0.937,ok
5,6,8,17,245.49,Y,insider,212.5,245.0,245.0,buyer,1.01518,False,237.937,237.0,0.937,ok
5,6,9,17,241.14,Y,insider,212.5,245.0,245.0,buyer,0.88133,False,237.937,237.0,0.937,ok
5,6,10,17,241.14,Y,insider,212.5,245.0,245.0,buyer,0.88124,False,237.937,237.0,0.937,ok
5,6,11,17,241.15,Y,insider,212.5,245.0,245.0,buyer,0.88148,False,237.937,237.0,0.937,ok
5,6,12,17,241.21,Y,insider,212.5,245.0,245.0,buyer,0.88333,False,237.937,237.0,0.937,ok
5,6,13,17,241.16,Y,insider,212.5,245.0,245.0,buyer,0.88194,False,237.937,237.0,0.937,ok
5,6,14,17,241.24,Y,insider,212.5,245.0,245.0,buyer,0.88428,False,237.937,237.0,0.937,ok
5,6,15,17,245.42,Y,insider,212.5,245.0,245.0,buyer,1.01307,False,237.937,237.0,0.937,ok
5,6,16,17,245.69,Y,insider,212.5,245.0,245.0,buyer,1.02116,False,237.937,237.0,0.937,ok
5,6,17,17,250.62,Y,insider,212.5,245.0,245.0,buyer,1.17301,False,237.937,237.0,0.937,ok
5,7,1,20,175.32,Z,insider,212.5,320.0,320.0,buyer,-0.34582,False,207.094,206.0,1.094,ok
5,7,2,20,170.94,Z,insider,212.5,320.0,320.0,buyer,-0.38657,False,207.094,206.0,1.094,ok
5,7,3,20,175.46,Z,insider,212.5,320.0,320.0,buyer,-0.34458,False,207.094,206.0,1.094,ok
5,7,4,20,190.35,Z,insider,212.5,320.0,320.0,buyer,-0.20604,False,207.094,206.0,1.094,ok
5,7,5,20,186.59,Z,insider,212.5,320.0,320.0,buyer,-0.24102,False,207.094,206.0,1.094,ok
5,7,6,20,195.71,Z,insider,212.5,320.0,320.0,buyer,-0.15619,False,207.094,206.0,1.094,ok
5,7,7,20,195.79,Z,insider,212.5,320.0,320.0,buyer,-0.15544,False,207.094,206.0,1.094,ok
5,7,8,20,191.95,Z,insider,212.5,320.0,320.0,buyer,-0.19113,False,207.094,206.0,1.094,ok
5,7,9,20,200.51,Z,insider,212.5,320.0,320.0,buyer,-0.11151,False,207.094,206.0,1.094,ok
5,7,10,20,200.67,Z,insider,212.5,320.0,320.0,buyer,-0.11006,False,207.094,206.0,1.094,ok
5,7,11,20,200.69,Z,insider,212.5,320.0,320.0,buyer,-0.10986,False,207.094,206.0,1.094,ok
5,7,12,20,200.69,Z,insider,212.5,320.0,320.0,buyer,-0.10988,False,207.094,206.0,1.094,ok
5,7,13,20,206.0,Z,insider,212.5,320.0,320.0,buyer,-0.06044,False,207.094,206.0,1.094,ok
5,7,14,20,201.01,Z,insider,212.5,320.0,320.0,buyer,-0.10686,False,207.094,206.0,1.094,ok
5,7,15,20,210.83,Z,insider,212.5,320.0,320.0,buyer,-0.0155,False,207.094,206.0,1.094,ok
5,7,16,20,221.24,Z,insider,212.5,320.0,320.0,buyer,0.08127,False,207.094,206.0,1.094,ok
5,7,17,20,230.81,Z,insider,212.5,320.0,320.0,buyer,0.17036,False,207.094,206.0,1.094,ok
5,7,18,20,240.98,Z,insider,212.5,320.0,320.0,buyer,0.26495,False,207.094,206.0,1.094,ok
5,7,19,20,270.68,Z,insider,212.5,320.0,320.0,buyer,0.5412,False,207.094,206.0,1.094,ok
5,7,20,20,275.65,Z,insider,212.5,320.0,320.0,buyer,0.58746,False,207.094,206.0,1.094,ok
5,8,1,23,250.62,Z,insider,212.5,320.0,320.0,buyer,0.35464,False,278.402,277.0,1.402,ok
5,8,2,23,250.62,Z,insider,212.5,320.0,320.0,buyer,0.35461,False,278.402,277.0,1.402,ok
5,8,3,23,250.54,Z,insider,212.5,320.0,320.0,buyer,0.3539,False,278.402,277.0,1.402,ok
5,8,4,23,250.69,Z,insider,212.5,320.0,320.0,buyer,0.35524,False,278.402,277.0,1.402,ok
5,8,5,23,260.49,Z,insider,212.5,320.0,320.0,buyer,0.44639,False,278.402,277.0,1.402,ok
5,8,6,23,260.63,Z,insider,212.5,320.0,320.0,buyer,0.44773,False,278.402,277.0,1.402,ok
5,8,7,23,270.95,Z,insider,212.5,320.0,320.0,buyer,0.54369,False,278.402,277.0,1.402,ok
5,8,8,23,276.14,Z,insider,212.5,320.0,320.0,buyer,0.59199,False,278.402,277.0,1.402,ok
5,8,9,23,276.25,Z,insider,212.5,320.0,320.0,buyer,0.59299,False,278.402,277.0,1.402,ok
5,8,10,23,280.71,Z,insider,212.5,320.0,320.0,buyer,0.63455,False,278.402,277.0,1.402,ok
5,8,11,23,280.97,Z,insider,212.5,320.0,320.0,buyer,0.63695,False,278.402,277.0,1.402,ok
5,8,12,23,281.05,Z,insider,212.5,320.0,320.0,buyer,0.63766,False,278.402,277.0,1.402,ok
5,8,13,23,285.95,Z,insider,212.5,320.0,320.0,buyer,0.68323,False,278.402,277.0,1.402,ok
5,8,14,23,286.18,Z,insider,212.5,320.0,320.0,buyer,0.6854,False,278.402,277.0,1.402,ok
5,8,15,23,290.8,Z,insider,212.5,320.0,320.0,buyer,0.72833,False,278.402,277.0,1.402,ok
5,8,16,23,290.82,Z,insider,212.5,320.0,320.0,buyer,0.72853,False,278.402,277.0,1.402,ok
5,8,17,23,291.01,Z,insider,212.5,320.0,320.0,buyer,0.73033,False,278.402,277.0,1.402,ok
5,8,18,23,291.03,Z,insider,212.5,320.0,320.0,buyer,0.73053,False,278.402,277.0,1.402,ok
5,8,19,23,291.09,Z,insider,212.5,320.0,320.0,buyer,0.73105,False,278.402,277.0,1.402,ok
5,8,20,23,296.48,Z,insider,212.5,320.0,320.0,buyer,0.78119,False,278.402,277.0,1.402,ok
5,8,21,23,296.7,Z,insider,212.5,320.0,320.0,buyer,0.78322,False,278.402,277.0,1.402,ok
5,8,22,23,296.77,Z,insider,212.5,320.0,320.0,buyer,0.78388,False,278.402,277.0,1.402,ok
5,8,23,23,296.76,Z,insider,212.5,320.0,320.0,buyer,0.78385,False,278.402,277.0,1.402,ok
5,9,1,21,241.19,Y,insider,212.5,245.0,245.0,buyer,0.88273,False,241.224,240.0,1.224,ok
5,9,2,21,241.31,Y,insider,212.5,245.0,245.0,buyer,0.88642,False,241.224,240.0,1.224,ok
5,9,3,21,250.95,Y,insider,212.5,245.0,245.0,buyer,1.18299,False,241.224,240.0,1.224,ok
5,9,4,21,250.94,Y,insider,212.5,245.0,245.0,buyer,1.1829,False,241.224,240.0,1.224,ok
5,9,5,21,241.3,Y,insider,212.5,245.0,245.0,buyer,0.88631,False,241.224,240.0,1.224,ok
5,9,6,21,241.21,Y,insider,212.5,245.0,245.0,buyer,0.88354,False,241.224,240.0,1.224,ok
5,9,7,21,241.19,Y,insider,212.5,245.0,245.0,buyer,0.88291,False,241.224,240.0,1.224,ok
5,9,8,21,241.17,Y,insider,212.5,245.0,245.0,buyer,0.88205,False,241.224,240.0,1.224,ok
5,9,9,21,241.1,Y,insider,212.5,245.0,245.0,buyer,0.88015,False,241.224,240.0,1.224,ok
5,9,10,21,236.22,Y,insider,212.5,245.0,245.0,buyer,0.72993,False,241.224,240.0,1.224,ok
5,9,11,21,236.15,Y,insider,212.5,245.0,245.0,buyer,0.72757,False,241.224,240.0,1.224,ok
5,9,12,21,236.16,Y,insider,212.5,245.0,245.0,buyer,0.72804,False,241.224,240.0,1.224,ok
5,9,13,21,236.25,Y,insider,212.5,245.0,245.0,buyer,0.73062,False,241.224,240.0,1.224,ok
5,9,14,21,241.15,Y,insider,212.5,245.0,245.0,buyer,0.88147,False,241.224,240.0,1.224,ok
5,9,15,21,241.27,Y,insider,212.5,245.0,245.0,buyer,0.88527,False,241.224,240.0,1.224,ok
5,9,16,21,241.27,Y,insider,212.5,245.0,245.0,buyer,0.88517,False,241.224,240.0,1.224,ok
5,9,17,21,241.29,Y,insider,212.5,245.0,245.0,buyer,0.88573,False,241.224,240.0,1.224,ok
5,9,18,21,241.36,Y,insider,212.5,245.0,245.0,buyer,0.8879,False,241.224,240.0,1.224,ok
5,9,19,21,241.41,Y,insider,212.5,245.0,245.0,buyer,0.88951,False,241.224,240.0,1.224,ok
5,9,20,21,241.39,Y,insider,212.5,245.0,245.0,buyer,0.88886,False,241.224,240.0,1.224,ok
5,9,21,21,241.42,Y,insider,212.5,245.0,245.0,buyer,0.8899,False,241.224,240.0,1.224,ok
5,10,1,20,241.23,Y,insider,212.5,245.0,245.0,buyer,0.88401,False,241.23,240.0,1.23,unmatched_band:241.2
5,10,2,20,241.26,Y,insider,212.5,245.0,245.0,buyer,0.88505,False,241.23,240.0,1.23,unmatched_band:241.2
5,10,3,20,241.3,Y,insider,212.5,245.0,245.0,buyer,0.8861,False,241.23,240.0,1.23,unmatched_band:241.2
5,10,4,20,241.17,Y,insider,212.5,245.0,245.0,buyer,0.88215,False,241.23,240.0,1.23,unmatched_band:241.2
5,10,5,20,241.33,Y,insider,212.5,245.0,245.0,buyer,0.88704,False,241.23,240.0,1.23,unmatched_band:241.2
5,10,6,20,241.33,Y,insider,212.5,245.0,245.0,buyer,0.88694,False,241.23,240.0,1.23,unmatched_band:241.2
5,10,7,20,241.2,Y,insider,212.5,245.0,245.0,buyer,0.88306,False,241.23,240.0,1.23,unmatched_band:241.2
5,10,8,20,241.3,Y,insider,212.5,245.0,245.0,buyer,0.88629,False,241.23,240.0,1.23,unmatched_band:241.2
5,10,9,20,241.21,Y,insider,212.5,245.0,245.0,buyer,0.88325,False,241.23,240.0,1.23,unmatched_band:241.2
5,10,10,20,241.18,Y,insider,212.5,245.0,245.0,buyer,0.88247,False,241.23,240.0,1.23,unmatched_band:241.2
5,10,11,20,241.12,Y,insider,212.5,245.0,245.0,buyer,0.88056,False,241.23,240.0,1.23,unmatched_band:241.2
5,10,12,20,241.13,Y,insider,212.5,245.0,245.0,buyer,0.88106,False,241.23,240.0,1.23,unmatched_band:241.2
5,10,13,20,241.18,Y,insider,212.5,245.0,245.0,buyer,0.88248,False,241.23,240.0,1.23,unmatched_band:241.2
5,10,14,20,241.28,Y,insider,212.5,245.0,245.0,buyer,0.8854,False,241.23,240.0,1.23,unmatched_band:241.2
5,10,15,20,241.22,Y,insider,212.5,245.0,245.0,buyer,0.88379,False,241.23,240.0,1.23,unmatched_band:241.2
5,10,16,20,241.18,Y,insider,212.5,245.0,245.0,buyer,0.88256,False,241.23,240.0,1.23,unmatched_band:241.2
5,10,17,20,241.33,Y,insider,212.5,245.0,245.0,buyer,0.88722,False,241.23,240.0,1.23,unmatched_band:241.2
5,10,18,20,241.29,Y,insider,212.5,245.0,245.0,buyer,0.88578,False,241.23,240.0,1.23,unmatched_band:241.2
5,10,19,20,241.18,Y,insider,212.5,245.0,245.0,buyer,0.88251,False,241.23,240.0,1.23,unmatched_band:241.2
5,10,20,20,241.18,Y,insider,212.5,245.0,245.0,buyer,0.88257,False,241.23,240.0,1.23,unmatched_band:241.2
5,11,1,18,211.03,X,insider,212.5,180.0,212.0,seller,0.04511,True,181.19,180.0,1.19,unmatched_band:176.0
5,11,2,18,210.99,X,insider,212.5,180.0,212.0,seller,0.0464,True,181.19,180.0,1.19,unmatched_band:176.0
5,11,3,18,201.05,X,insider,212.5,180.0,212.0,seller,0.35219,True,181.19,180.0,1.19,unmatched_band:176.0
5,11,4,18,176.02,X,insider,212.5,180.0,212.0,seller,1.12248,True,181.19,180.0,1.19,unmatched_band:176.0
5,11,5,18,175.91,X,insider,212.5,180.0,212.0,seller,1.1257,True,181.19,180.0,1.19,unmatched_band:176.0
5,11,6,18,175.87,X,insider,212.5,180.0,212.0,seller,1.12719,True,181.19,180.0,1.19,unmatched_band:176.0
5,11,7,18,175.85,X,insider,212.5,180.0,212.0,seller,1.12766,True,181.19,180.0,1.19,unmatched_band:176.0
5,11,8,18,175.79,X,insider,212.5,180.0,212.0,seller,1.12964,True,181.19,180.0,1.19,unmatched_band:176.0
5,11,9,18,175.78,X,insider,212.5,180.0,212.0,seller,1.12974,True,181.19,180.0,1.19,unmatched_band:176.0
5,11,10,18,175.8,X,insider,212.5,180.0,212.0,seller,1.12908,True,181.19,180.0,1.19,unmatched_band:176.0
5,11,11,18,175.83,X,insider,212.5,180.0,212.0,seller,1.12842,True,181.19,180.0,1.19,unmatched_band:176.0
5,11,12,18,175.73,X,insider,212.5,180.0,212.0,seller,1.13154,True,181.19,180.0,1.19,unmatched_band:176.0
5,11,13,18,175.81,X,insider,212.5,180.0,212.0,seller,1.12892,True,181.19,180.0,1.19,unmatched_band:176.0
5,11,14,18,175.76,X,insider,212.5,180.0,212.0,seller,1.1306,True,181.19,180.0,1.19,unmatched_band:176.0
5,11,15,18,175.77,X,insider,212.5,180.0,212.0,seller,1.13014,True,181.19,180.0,1.19,unmatched_band:176.0
5,11,16,18,175.69,X,insider,212.5,180.0,212.0,seller,1.13268,True,181.19,180.0,1.19,unmatched_band:176.0
5,11,17,18,175.76,X,insider,212.5,180.0,212.0,seller,1.1305,True,181.19,180.0,1.19,unmatched_band:176.0
5,11,18,18,176.98,X,insider,212.5,180.0,212.0,seller,1.0928,True,181.19,180.0,1.19,unmatched_band:176.0
5,12,1,18,241.18,Y,insider,212.5,245.0,245.0,buyer,0.88251,False,241.215,240.0,1.215,unmatched_band:241.3
5,12,2,18,241.1,Y,insider,212.5,245.0,245.0,buyer,0.88015,False,241.215,240.0,1.215,unmatched_band:241.3
5,12,3,18,241.14,Y,insider,212.5,245.0,245.0,buyer,0.88118,False,241.215,240.0,1.215,unmatched_band:241.3
5,12,4,18,241.14,Y,insider,212.5,245.0,245.0,buyer,0.88109,False,241.215,240.0,1.215,unmatched_band:241.3
5,12,5,18,241.07,Y,insider,212.5,245.0,245.0,buyer,0.87918,False,241.215,240.0,1.215,unmatched_band:241.3
5,12,6,18,241.13,Y,insider,212.5,245.0,245.0,buyer,0.88089,False,241.215,240.0,1.215,unmatched_band:241.3
5,12,7,18,241.06,Y,insider,212.5,245.0,245.0,buyer,0.87885,False,241.215,240.0,1.215,unmatched_band:241.3
5,12,8,18,241.22,Y,insider,212.5,245.0,245.0,buyer,0.88373,False,241.215,240.0,1.215,unmatched_band:241.3
5,12,9,18,241.27,Y,insider,212.5,245.0,245.0,buyer,0.88514,False,241.215,240.0,1.215,unmatched_band:241.3
5,12,10,18,241.15,Y,insider,212.5,245.0,245.0,buyer,0.88163,False,241.215,240.0,1.215,unmatched_band:241.3
5,12,11,18,241.08,Y,insider,212.5,245.0,245.0,buyer,0.87927,False,241.215,240.0,1.215,unmatched_band:241.3
5,12,12,18,241.14,Y,insider,212.5,245.0,245.0,buyer,0.88123,False,241.215,240.0,1.215,unmatched_band:241.3
5,12,13,18,242.39,Y,insider,212.5,245.0,245.0,buyer,0.91973,False,241.215,240.0,1.215,unmatched_band:241.3
5,12,14,18,241.05,Y,insider,212.5,245.0,245.0,buyer,0.87861,False,241.215,240.0,1.215,unmatched_band:241.3
5,12,15,18,241.06,Y,insider,212.5,245.0,245.0,buyer,0.8789,False,241.215,240.0,1.215,unmatched_band:241.3
5,12,16,18,241.12,Y,insider,212.5,245.0,245.0,buyer,0.88058,False,241.215,240.0,1.215,unmatched_band:241.3
5,12,17,18,241.28,Y,insider,212.5,245.0,245.0,buyer,0.8855,False,241.215,240.0,1.215,unmatched_band:241.3
5,12,18,18,241.28,Y,insider,212.5,245.0,245.0,buyer,0.8854,False,241.215,240.0,1.215,unmatched_band:241.3
5,13,1,16,286.3,Z,insider,212.5,320.0,320.0,buyer,0.68651,False,296.813,296.0,0.813,ok
5,13,2,16,286.24,Z,insider,212.5,320.0,320.0,buyer,0.68591,False,296.813,296.0,0.813,ok
5,13,3,16,291.05,Z,insider,212.5,320.0,320.0,buyer,0.73067,False,296.813,296.0,0.813,ok
5,13,4,16,291.12,Z,insider,212.5,320.0,320.0,buyer,0.73132,False,296.813,296.0,0.813,ok
5,13,5,16,291.13,Z,insider,212.5,320.0,320.0,buyer,0.73143,False,296.813,296.0,0.813,ok
5,13,6,16,291.23,Z,insider,212.5,320.0,320.0,buyer,0.73241,False,296.813,296.0,0.813,ok
5,13,7,16,295.97,Z,insider,212.5,320.0,320.0,buyer,0.77648,False,296.813,296.0,0.813,ok
5,13,8,16,296.1,Z,insider,212.5,320.0,320.0,buyer,0.77769,False,296.813,296.0,0.813,ok
5,13,9,16,291.57,Z,insider,212.5,320.0,320.0,buyer,0.73558,False,296.813,296.0,0.813,ok
5,13,10,16,296.04,Z,insider,212.5,320.0,320.0,buyer,0.77708,False,296.813,296.0,0.813,ok
5,13,11,16,296.3,Z,insider,212.5,320.0,320.0,buyer,0.77957,False,296.813,296.0,0.813,ok
5,13,12,16,301.3,Z,insider,212.5,320.0,320.0,buyer,0.82605,False,296.813,296.0,0.813,ok
5,13,13,16,301.33,Z,insider,212.5,320.0,320.0,buyer,0.82636,False,296.813,296.0,0.813,ok
5,13,14,16,301.39,Z,insider,212.5,320.0,320.0,buyer,0.82688,False,296.813,296.0,0.813,ok
5,13,15,16,315.87,Z,insider,212.5,320.0,320.0,buyer,0.96158,False,296.813,296.0,0.813,ok
5,13,16,16,316.06,Z,insider,212.5,320.0,320.0,buyer,0.96338,False,296.813,296.0,0.813,ok
