market,period,txn,price,wp_page,printed_period_avg,recon_period_avg,period_validated
1,1,1,275,81,239,239.412,yes
1,1,2,285,81,239,239.412,yes
1,1,3,250,81,239,239.412,yes
1,1,4,225,81,239,239.412,yes
1,1,5,200,81,239,239.412,yes
1,1,6,210,81,239,239.412,yes
1,1,7,250,81,239,239.412,yes
1,1,8,200,81,239,239.412,yes
1,1,9,200,81,239,239.412,yes
1,1,10,250,81,239,239.412,yes
1,1,11,250,81,239,239.412,yes
1,1,12,240,81,239,239.412,yes
1,1,13,250,81,239,239.412,yes
1,1,14,260,81,239,239.412,yes
1,1,15,250,81,239,239.412,yes
1,1,16,250,81,239,239.412,yes
1,1,17,225,81,239,239.412,yes
1,2,1,250,81,269,263.929,NO
1,2,2,255,81,269,263.929,NO
1,2,3,265,81,269,263.929,NO
1,2,4,260,81,269,263.929,NO
1,2,5,255,81,269,263.929,NO
1,2,6,260,81,269,263.929,NO
1,2,7,260,81,269,263.929,NO
1,2,8,275,81,269,263.929,NO
1,2,9,275,81,269,263.929,NO
1,2,10,275,81,269,263.929,NO
1,2,11,260,81,269,263.929,NO
1,2,12,275,81,269,263.929,NO
1,2,13,270,81,269,263.929,NO
1,2,14,260,81,269,263.929,NO
1,3,1,260,81,272,271.786,yes
1,3,2,260,81,272,271.786,yes
1,3,3,250,81,272,271.786,yes
1,3,4,260,81,272,271.786,yes
1,3,5,265,81,272,271.786,yes
1,3,6,270,81,272,271.786,yes
1,3,7,275,81,272,271.786,yes
1,3,8,280,81,272,271.786,yes
1,3,9,280,81,272,271.786,yes
1,3,10,280,81,272,271.786,yes
1,3,11,280,81,272,271.786,yes
1,3,12,280,81,272,271.786,yes
1,3,13,285,81,272,271.786,yes
1,3,14,280,81,272,271.786,yes
1,4,1,275,81,280,279.5,yes
1,4,2,275,81,280,279.5,yes
1,4,3,280,81,280,279.5,yes
1,4,4,280,81,280,279.5,yes
1,4,5,280,81,280,279.5,yes
1,4,6,280,81,280,279.5,yes
1,4,7,280,81,280,279.5,yes
1,4,8,285,81,280,279.5,yes
1,4,9,280,81,280,279.5,yes
1,4,10,280,81,280,279.5,yes
1,5,1,285,82,289,289.412,yes
1,5,2,290,82,289,289.412,yes
1,5,3,290,82,289,289.412,yes
1,5,4,285,82,289,289.412,yes
1,5,5,280,82,289,289.412,yes
1,5,6,285,82,289,289.412,yes
1,5,7,290,82,289,289.412,yes
1,5,8,290,82,289,289.412,yes
1,5,9,285,82,289,289.412,yes
1,5,10,290,82,289,289.412,yes
1,5,11,290,82,289,289.412,yes
1,5,12,290,82,289,289.412,yes
1,5,13,290,82,289,289.412,yes
1,5,14,290,82,289,289.412,yes
1,5,15,295,82,289,289.412,yes
1,5,16,295,82,289,289.412,yes
1,5,17,300,82,289,289.412,yes
1,6,1,290,82,290,289.583,yes
1,6,2,290,82,290,289.583,yes
1,6,3,290,82,290,289.583,yes
1,6,4,290,82,290,289.583,yes
1,6,5,290,82,290,289.583,yes
1,6,6,290,82,290,289.583,yes
1,6,7,290,82,290,289.583,yes
1,6,8,290,82,290,289.583,yes
1,6,9,290,82,290,289.583,yes
1,6,10,285,82,290,289.583,yes
1,6,11,290,82,290,289.583,yes
1,6,12,290,82,290,289.583,yes
1,7,1,290,82,301,300.714,yes
1,7,2,295,82,301,300.714,yes
1,7,3,300,82,301,300.714,yes
1,7,4,300,82,301,300.714,yes
1,7,5,300,82,301,300.714,yes
1,7,6,300,82,301,300.714,yes
1,7,7,300,82,301,300.714,yes
1,7,8,300,82,301,300.714,yes
1,7,9,300,82,301,300.714,yes
1,7,10,305,82,301,300.714,yes
1,7,11,305,82,301,300.714,yes
1,7,12,305,82,301,300.714,yes
1,7,13,305,82,301,300.714,yes
1,7,14,305,82,301,300.714,yes
1,8,1,290,82,289,289.5,yes
1,8,2,290,82,289,289.5,yes
1,8,3,290,82,289,289.5,yes
1,8,4,290,82,289,289.5,yes
1,8,5,290,82,289,289.5,yes
1,8,6,290,82,289,289.5,yes
1,8,7,290,82,289,289.5,yes
1,8,8,285,82,289,289.5,yes
1,8,9,285,82,289,289.5,yes
1,8,10,295,82,289,289.5,yes
1,9,1,300,83,310,309.688,yes
1,9,2,300,83,310,309.688,yes
1,9,3,300,83,310,309.688,yes
1,9,4,300,83,310,309.688,yes
1,9,5,300,83,310,309.688,yes
1,9,6,300,83,310,309.688,yes
1,9,7,300,83,310,309.688,yes
1,9,8,305,83,310,309.688,yes
1,9,9,305,83,310,309.688,yes
1,9,10,305,83,310,309.688,yes
1,9,11,305,83,310,309.688,yes
1,9,12,305,83,310,309.688,yes
1,9,13,310,83,310,309.688,yes
1,9,14,340,83,310,309.688,yes
1,9,15,340,83,310,309.688,yes
1,9,16,340,83,310,309.688,yes
1,10,1,300,83,328,327.941,yes
1,10,2,310,83,328,327.941,yes
1,10,3,315,83,328,327.941,yes
1,10,4,315,83,328,327.941,yes
1,10,5,315,83,328,327.941,yes
1,10,6,325,83,328,327.941,yes
1,10,7,325,83,328,327.941,yes
1,10,8,330,83,328,327.941,yes
1,10,9,330,83,328,327.941,yes
1,10,10,330,83,328,327.941,yes
1,10,11,335,83,328,327.941,yes
1,10,12,335,83,328,327.941,yes
1,10,13,340,83,328,327.941,yes
1,10,14,340,83,328,327.941,yes
1,10,15,340,83,328,327.941,yes
1,10,16,345,83,328,327.941,yes
1,10,17,345,83,328,327.941,yes
1,11,1,300,83,347,346.579,yes
1,11,2,345,83,347,346.579,yes
1,11,3,350,83,347,346.579,yes
1,11,4,350,83,347,346.579,yes
1,11,5,350,83,347,346.579,yes
1,11,6,350,83,347,346.579,yes
1,11,7,350,83,347,346.579,yes
1,11,8,355,83,347,346.579,yes
1,11,9,350,83,347,346.579,yes
1,11,10,350,83,347,346.579,yes
1,11,11,345,83,347,346.579,yes
1,11,12,350,83,347,346.579,yes
1,11,13,350,83,347,346.579,yes
1,11,14,350,83,347,346.579,yes
1,11,15,350,83,347,346.579,yes
1,11,16,350,83,347,346.579,yes
1,11,17,345,83,347,346.579,yes
1,11,18,350,83,347,346.579,yes
1,11,19,345,83,347,346.579,yes
2,1,1,350,84,255,255.0,yes
2,1,2,300,84,255,255.0,yes
2,1,3,250,84,255,255.0,yes
2,1,4,240,84,255,255.0,yes
2,1,5,225,84,255,255.0,yes
2,1,6,200,84,255,255.0,yes
2,1,7,250,84,255,255.0,yes
2,1,8,250,84,255,255.0,yes
2,1,9,250,84,255,255.0,yes
2,1,10,240,84,255,255.0,yes
2,1,11,250,84,255,255.0,yes
2,2,1,250,84,251,250.875,yes
2,2,2,240,84,251,250.875,yes
2,2,3,250,84,251,250.875,yes
2,2,4,250,84,251,250.875,yes
2,2,5,250,84,251,250.875,yes
2,2,6,253,84,251,250.875,yes
2,2,7,254,84,251,250.875,yes
2,2,8,260,84,251,250.875,yes
2,3,1,255,84,258,258.214,yes
2,3,2,255,84,258,258.214,yes
2,3,3,255,84,258,258.214,yes
2,3,4,255,84,258,258.214,yes
2,3,5,255,84,258,258.214,yes
2,3,6,257,84,258,258.214,yes
2,3,7,257,84,258,258.214,yes
2,3,8,257,84,258,258.214,yes
2,3,9,257,84,258,258.214,yes
2,3,10,260,84,258,258.214,yes
2,3,11,262,84,258,258.214,yes
2,3,12,265,84,258,258.214,yes
2,3,13,265,84,258,258.214,yes
2,3,14,260,84,258,258.214,yes
2,4,1,260,85,265,264.667,yes
2,4,2,260,85,265,264.667,yes
2,4,3,264,85,265,264.667,yes
2,4,4,260,85,265,264.667,yes
2,4,5,265,85,265,264.667,yes
2,4,6,265,85,265,264.667,yes
2,4,7,267,85,265,264.667,yes
2,4,8,267,85,265,264.667,yes
2,4,9,267,85,265,264.667,yes
2,4,10,268,85,265,264.667,yes
2,4,11,267,85,265,264.667,yes
2,4,12,266,85,265,264.667,yes
2,5,1,260,85,304,303.5,yes
2,5,2,272,85,304,303.5,yes
2,5,3,290,85,304,303.5,yes
2,5,4,300,85,304,303.5,yes
2,5,5,300,85,304,303.5,yes
2,5,6,310,85,304,303.5,yes
2,5,7,305,85,304,303.5,yes
2,5,8,310,85,304,303.5,yes
2,5,9,305,85,304,303.5,yes
2,5,10,310,85,304,303.5,yes
2,5,11,310,85,304,303.5,yes
2,5,12,310,85,304,303.5,yes
2,5,13,310,85,304,303.5,yes
2,5,14,310,85,304,303.5,yes
2,5,15,311,85,304,303.5,yes
2,5,16,310,85,304,303.5,yes
2,5,17,310,85,304,303.5,yes
2,5,18,310,85,304,303.5,yes
2,5,19,312,85,304,303.5,yes
2,5,20,315,85,304,303.5,yes
2,6,1,330,85,337,336.938,yes
2,6,2,325,85,337,336.938,yes
2,6,3,325,85,337,336.938,yes
2,6,4,325,85,337,336.938,yes
2,6,5,330,85,337,336.938,yes
2,6,6,335,85,337,336.938,yes
2,6,7,335,85,337,336.938,yes
2,6,8,335,85,337,336.938,yes
2,6,9,340,85,337,336.938,yes
2,6,10,340,85,337,336.938,yes
2,6,11,345,85,337,336.938,yes
2,6,12,343,85,337,336.938,yes
2,6,13,346,85,337,336.938,yes
2,6,14,345,85,337,336.938,yes
2,6,15,347,85,337,336.938,yes
2,6,16,345,85,337,336.938,yes
2,7,1,320,85,307,307.409,yes
2,7,2,320,85,307,307.409,yes
2,7,3,320,85,307,307.409,yes
2,7,4,310,85,307,307.409,yes
2,7,5,300,85,307,307.409,yes
2,7,6,305,85,307,307.409,yes
2,7,7,310,85,307,307.409,yes
2,7,8,310,85,307,307.409,yes
2,7,9,310,85,307,307.409,yes
2,7,10,310,85,307,307.409,yes
2,7,11,310,85,307,307.409,yes
2,7,12,310,85,307,307.409,yes
2,7,13,310,85,307,307.409,yes
2,7,14,305,85,307,307.409,yes
2,7,15,303,85,307,307.409,yes
2,7,16,300,85,307,307.409,yes
2,7,17,300,85,307,307.409,yes
2,7,18,300,85,307,307.409,yes
2,7,19,300,85,307,307.409,yes
2,7,20,300,85,307,307.409,yes
2,7,21,300,85,307,307.409,yes
2,7,22,310,85,307,307.409,yes
2,8,1,320,86,328,328.368,yes
2,8,2,325,86,328,328.368,yes
2,8,3,325,86,328,328.368,yes
2,8,4,325,86,328,328.368,yes
2,8,5,330,86,328,328.368,yes
2,8,6,330,86,328,328.368,yes
2,8,7,330,86,328,328.368,yes
2,8,8,332,86,328,328.368,yes
2,8,9,335,86,328,328.368,yes
2,8,10,337,86,328,328.368,yes
2,8,11,340,86,328,328.368,yes
2,8,12,340,86,328,328.368,yes
2,8,13,335,86,328,328.368,yes
2,8,14,335,86,328,328.368,yes
2,8,15,330,86,328,328.368,yes
2,8,16,330,86,328,328.368,yes
2,8,17,315,86,328,328.368,yes
2,8,18,315,86,328,328.368,yes
2,8,19,310,86,328,328.368,yes
2,9,1,325,86,267,267.059,yes
2,9,2,320,86,267,267.059,yes
2,9,3,315,86,267,267.059,yes
2,9,4,300,86,267,267.059,yes
2,9,5,300,86,267,267.059,yes
2,9,6,295,86,267,267.059,yes
2,9,7,285,86,267,267.059,yes
2,9,8,280,86,267,267.059,yes
2,9,9,260,86,267,267.059,yes
2,9,10,230,86,267,267.059,yes
2,9,11,230,86,267,267.059,yes
2,9,12,230,86,267,267.059,yes
2,9,13,230,86,267,267.059,yes
2,9,14,240,86,267,267.059,yes
2,9,15,240,86,267,267.059,yes
2,9,16,230,86,267,267.059,yes
2,9,17,230,86,267,267.059,yes
2,10,1,320,86,327,327.316,yes
2,10,2,320,86,327,327.316,yes
2,10,3,320,86,327,327.316,yes
2,10,4,322,86,327,327.316,yes
2,10,5,320,86,327,327.316,yes
2,10,6,320,86,327,327.316,yes
2,10,7,325,86,327,327.316,yes
2,10,8,335,86,327,327.316,yes
2,10,9,342,86,327,327.316,yes
2,10,10,340,86,327,327.316,yes
2,10,11,340,86,327,327.316,yes
2,10,12,340,86,327,327.316,yes
2,10,13,335,86,327,327.316,yes
2,10,14,330,86,327,327.316,yes
2,10,15,330,86,327,327.316,yes
2,10,16,325,86,327,327.316,yes
2,10,17,320,86,327,327.316,yes
2,10,18,320,86,327,327.316,yes
2,10,19,315,86,327,327.316,yes
2,11,1,325,87,335,334.8,yes
2,11,2,325,87,335,334.8,yes
2,11,3,325,87,335,334.8,yes
2,11,4,325,87,335,334.8,yes
2,11,5,330,87,335,334.8,yes
2,11,6,330,87,335,334.8,yes
2,11,7,330,87,335,334.8,yes
2,11,8,330,87,335,334.8,yes
2,11,9,335,87,335,334.8,yes
2,11,10,340,87,335,334.8,yes
2,11,11,340,87,335,334.8,yes
2,11,12,340,87,335,334.8,yes
2,11,13,340,87,335,334.8,yes
2,11,14,340,87,335,334.8,yes
2,11,15,340,87,335,334.8,yes
2,11,16,340,87,335,334.8,yes
2,11,17,340,87,335,334.8,yes
2,11,18,341,87,335,334.8,yes
2,11,19,340,87,335,334.8,yes
2,11,20,340,87,335,334.8,yes
3,1,1,250,87,234,234.25,yes
3,1,2,230,87,234,234.25,yes
3,1,3,250,87,234,234.25,yes
3,1,4,240,87,234,234.25,yes
3,1,5,240,87,234,234.25,yes
3,1,6,235,87,234,234.25,yes
3,1,7,240,87,234,234.25,yes
3,1,8,235,87,234,234.25,yes
3,1,9,231,87,234,234.25,yes
3,1,10,230,87,234,234.25,yes
3,1,11,230,87,234,234.25,yes
3,1,12,200,87,234,234.25,yes
3,2,1,200,87,217,217.333,yes
3,2,2,225,87,217,217.333,yes
3,2,3,220,87,217,217.333,yes
3,2,4,220,87,217,217.333,yes
3,2,5,220,87,217,217.333,yes
3,2,6,220,87,217,217.333,yes
3,2,7,225,87,217,217.333,yes
3,2,8,220,87,217,217.333,yes
3,2,9,220,87,217,217.333,yes
3,2,10,220,87,217,217.333,yes
3,2,11,220,87,217,217.333,yes
3,2,12,215,87,217,217.333,yes
3,2,13,215,87,217,217.333,yes
3,2,14,210,87,217,217.333,yes
3,2,15,210,87,217,217.333,yes
3,3,1,200,87,189,188.667,yes
3,3,2,200,87,189,188.667,yes
3,3,3,210,87,189,188.667,yes
3,3,4,200,87,189,188.667,yes
3,3,5,200,87,189,188.667,yes
3,3,6,205,87,189,188.667,yes
3,3,7,195,87,189,188.667,yes
3,3,8,195,87,189,188.667,yes
3,3,9,190,87,189,188.667,yes
3,3,10,190,87,189,188.667,yes
3,3,11,175,87,189,188.667,yes
3,3,12,170,87,189,188.667,yes
3,3,13,165,87,189,188.667,yes
3,3,14,165,87,189,188.667,yes
3,3,15,170,87,189,188.667,yes
3,4,1,260,88,333,332.895,yes
3,4,2,275,88,333,332.895,yes
3,4,3,275,88,333,332.895,yes
3,4,4,280,88,333,332.895,yes
3,4,5,290,88,333,332.895,yes
3,4,6,300,88,333,332.895,yes
3,4,7,310,88,333,332.895,yes
3,4,8,340,88,333,332.895,yes
3,4,9,320,88,333,332.895,yes
3,4,10,350,88,333,332.895,yes
3,4,11,350,88,333,332.895,yes
3,4,12,360,88,333,332.895,yes
3,4,13,360,88,333,332.895,yes
3,4,14,360,88,333,332.895,yes
3,4,15,360,88,333,332.895,yes
3,4,16,365,88,333,332.895,yes
3,4,17,385,88,333,332.895,yes
3,4,18,390,88,333,332.895,yes
3,4,19,395,88,333,332.895,yes
3,5,1,150,88,163,162.933,yes
3,5,2,150,88,163,162.933,yes
3,5,3,150,88,163,162.933,yes
3,5,4,175,88,163,162.933,yes
3,5,5,175,88,163,162.933,yes
3,5,6,170,88,163,162.933,yes
3,5,7,160,88,163,162.933,yes
3,5,8,160,88,163,162.933,yes
3,5,9,160,88,163,162.933,yes
3,5,10,165,88,163,162.933,yes
3,5,11,165,88,163,162.933,yes
3,5,12,165,88,163,162.933,yes
3,5,13,165,88,163,162.933,yes
3,5,14,165,88,163,162.933,yes
3,5,15,169,88,163,162.933,yes
3,6,1,200,88,173,172.857,yes
3,6,2,190,88,173,172.857,yes
3,6,3,175,88,173,172.857,yes
3,6,4,180,88,173,172.857,yes
3,6,5,175,88,173,172.857,yes
3,6,6,160,88,173,172.857,yes
3,6,7,165,88,173,172.857,yes
3,6,8,165,88,173,172.857,yes
3,6,9,165,88,173,172.857,yes
3,6,10,165,88,173,172.857,yes
3,6,11,170,88,173,172.857,yes
3,6,12,170,88,173,172.857,yes
3,6,13,170,88,173,172.857,yes
3,6,14,170,88,173,172.857,yes
3,7,1,200,89,364,364.053,yes
3,7,2,240,89,364,364.053,yes
3,7,3,310,89,364,364.053,yes
3,7,4,340,89,364,364.053,yes
3,7,5,340,89,364,364.053,yes
3,7,6,375,89,364,364.053,yes
3,7,7,370,89,364,364.053,yes
3,7,8,390,89,364,364.053,yes
3,7,9,395,89,364,364.053,yes
3,7,10,395,89,364,364.053,yes
3,7,11,390,89,364,364.053,yes
3,7,12,395,89,364,364.053,yes
3,7,13,395,89,364,364.053,yes
3,7,14,395,89,364,364.053,yes
3,7,15,395,89,364,364.053,yes
3,7,16,395,89,364,364.053,yes
3,7,17,399,89,364,364.053,yes
3,7,18,399,89,364,364.053,yes
3,7,19,399,89,364,364.053,yes
3,8,1,175,89,165,165.286,yes
3,8,2,165,89,165,165.286,yes
3,8,3,160,89,165,165.286,yes
3,8,4,150,89,165,165.286,yes
3,8,5,160,89,165,165.286,yes
3,8,6,165,89,165,165.286,yes
3,8,7,165,89,165,165.286,yes
3,8,8,165,89,165,165.286,yes
3,8,9,165,89,165,165.286,yes
3,8,10,165,89,165,165.286,yes
3,8,11,168,89,165,165.286,yes
3,8,12,170,89,165,165.286,yes
3,8,13,170,89,165,165.286,yes
3,8,14,171,89,165,165.286,yes
3,9,1,390,89,396,395.875,yes
3,9,2,395,89,396,395.875,yes
3,9,3,395,89,396,395.875,yes
3,9,4,395,89,396,395.875,yes
3,9,5,395,89,396,395.875,yes
3,9,6,397,89,396,395.875,yes
3,9,7,397,89,396,395.875,yes
3,9,8,397,89,396,395.875,yes
3,9,9,398,89,396,395.875,yes
3,9,10,395,89,396,395.875,yes
3,9,11,395,89,396,395.875,yes
3,9,12,395,89,396,395.875,yes
3,9,13,397,89,396,395.875,yes
3,9,14,397,89,396,395.875,yes
3,9,15,397,89,396,395.875,yes
3,9,16,399,89,396,395.875,yes
3,10,1,170,89,167,167.067,yes
3,10,2,160,89,167,167.067,yes
3,10,3,165,89,167,167.067,yes
3,10,4,165,89,167,167.067,yes
3,10,5,165,89,167,167.067,yes
3,10,6,165,89,167,167.067,yes
3,10,7,165,89,167,167.067,yes
3,10,8,165,89,167,167.067,yes
3,10,9,165,89,167,167.067,yes
3,10,10,165,89,167,167.067,yes
3,10,11,170,89,167,167.067,yes
3,10,12,170,89,167,167.067,yes
3,10,13,171,89,167,167.067,yes
3,10,14,172,89,167,167.067,yes
3,10,15,173,89,167,167.067,yes
3,11,1,300,89,177,176.778,yes
3,11,2,165,89,177,176.778,yes
3,11,3,165,89,177,176.778,yes
3,11,4,170,89,177,176.778,yes
3,11,5,170,89,177,176.778,yes
3,11,6,165,89,177,176.778,yes
3,11,7,170,89,177,176.778,yes
3,11,8,170,89,177,176.778,yes
3,11,9,170,89,177,176.778,yes
3,11,10,170,89,177,176.778,yes
3,11,11,170,89,177,176.778,yes
3,11,12,170,89,177,176.778,yes
3,11,13,170,89,177,176.778,yes
3,11,14,172,89,177,176.778,yes
3,11,15,172,89,177,176.778,yes
3,11,16,171,89,177,176.778,yes
3,11,17,171,89,177,176.778,yes
3,11,18,171,89,177,176.778,yes
3,12,1,390,90,395,394.722,yes
3,12,2,390,90,395,394.722,yes
3,12,3,395,90,395,394.722,yes
3,12,4,390,90,395,394.722,yes
3,12,5,395,90,395,394.722,yes
3,12,6,395,90,395,394.722,yes
3,12,7,395,90,395,394.722,yes
3,12,8,395,90,395,394.722,yes
3,12,9,395,90,395,394.722,yes
3,12,10,395,90,395,394.722,yes
3,12,11,395,90,395,394.722,yes
3,12,12,395,90,395,394.722,yes
3,12,13,395,90,395,394.722,yes
3,12,14,395,90,395,394.722,yes
3,12,15,396,90,395,394.722,yes
3,12,16,398,90,395,394.722,yes
3,12,17,397,90,395,394.722,yes
3,12,18,399,90,395,394.722,yes
4,1,1,1000,90,784,784.375,yes
4,1,2,1500,90,784,784.375,yes
4,1,3,1000,90,784,784.375,yes
4,1,4,1000,90,784,784.375,yes
4,1,5,900,90,784,784.375,yes
4,1,6,500,90,784,784.375,yes
4,1,7,175,90,784,784.375,yes
4,1,8,200,90,784,784.375,yes
4,2,1,150,91,180,179.643,yes
4,2,2,150,91,180,179.643,yes
4,2,3,200,91,180,179.643,yes
4,2,4,200,91,180,179.643,yes
4,2,5,200,91,180,179.643,yes
4,2,6,200,91,180,179.643,yes
4,2,7,180,91,180,179.643,yes
4,2,8,190,91,180,179.643,yes
4,2,9,190,91,180,179.643,yes
4,2,10,150,91,180,179.643,yes
4,2,11,185,91,180,179.643,yes
4,2,12,170,91,180,179.643,yes
4,2,13,175,91,180,179.643,yes
4,2,14,175,91,180,179.643,yes
4,3,1,150,91,154,153.75,yes
4,3,2,150,91,154,153.75,yes
4,3,3,150,91,154,153.75,yes
4,3,4,150,91,154,153.75,yes
4,3,5,150,91,154,153.75,yes
4,3,6,150,91,154,153.75,yes
4,3,7,155,91,154,153.75,yes
4,3,8,150,91,154,153.75,yes
4,3,9,155,91,154,153.75,yes
4,3,10,155,91,154,153.75,yes
4,3,11,155,91,154,153.75,yes
4,3,12,155,91,154,153.75,yes
4,3,13,160,91,154,153.75,yes
4,3,14,160,91,154,153.75,yes
4,3,15,160,91,154,153.75,yes
4,3,16,155,91,154,153.75,yes
4,4,1,155,91,158,158.062,yes
4,4,2,160,91,158,158.062,yes
4,4,3,155,91,158,158.062,yes
4,4,4,155,91,158,158.062,yes
4,4,5,155,91,158,158.062,yes
4,4,6,155,91,158,158.062,yes
4,4,7,155,91,158,158.062,yes
4,4,8,160,91,158,158.062,yes
4,4,9,158,91,158,158.062,yes
4,4,10,158,91,158,158.062,yes
4,4,11,160,91,158,158.062,yes
4,4,12,160,91,158,158.062,yes
4,4,13,160,91,158,158.062,yes
4,4,14,158,91,158,158.062,yes
4,4,15,160,91,158,158.062,yes
4,4,16,165,91,158,158.062,yes
4,5,1,150,91,157,157.412,yes
4,5,2,155,91,157,157.412,yes
4,5,3,155,91,157,157.412,yes
4,5,4,155,91,157,157.412,yes
4,5,5,155,91,157,157.412,yes
4,5,6,155,91,157,157.412,yes
4,5,7,160,91,157,157.412,yes
4,5,8,160,91,157,157.412,yes
4,5,9,155,91,157,157.412,yes
4,5,10,158,91,157,157.412,yes
4,5,11,158,91,157,157.412,yes
4,5,12,160,91,157,157.412,yes
4,5,13,160,91,157,157.412,yes
4,5,14,160,91,157,157.412,yes
4,5,15,160,91,157,157.412,yes
4,5,16,160,91,157,157.412,yes
4,5,17,160,91,157,157.412,yes
4,6,1,170,92,254,253.478,yes
4,6,2,170,92,254,253.478,yes
4,6,3,180,92,254,253.478,yes
4,6,4,180,92,254,253.478,yes
4,6,5,180,92,254,253.478,yes
4,6,6,200,92,254,253.478,yes
4,6,7,200,92,254,253.478,yes
4,6,8,280,92,254,253.478,yes
4,6,9,280,92,254,253.478,yes
4,6,10,280,92,254,253.478,yes
4,6,11,280,92,254,253.478,yes
4,6,12,280,92,254,253.478,yes
4,6,13,280,92,254,253.478,yes
4,6,14,280,92,254,253.478,yes
4,6,15,270,92,254,253.478,yes
4,6,16,275,92,254,253.478,yes
4,6,17,280,92,254,253.478,yes
4,6,18,280,92,254,253.478,yes
4,6,19,280,92,254,253.478,yes
4,6,20,280,92,254,253.478,yes
4,6,21,280,92,254,253.478,yes
4,6,22,285,92,254,253.478,yes
4,6,23,360,92,254,253.478,yes
4,7,1,160,92,161,160.588,yes
4,7,2,155,92,161,160.588,yes
4,7,3,155,92,161,160.588,yes
4,7,4,155,92,161,160.588,yes
4,7,5,160,92,161,160.588,yes
4,7,6,160,92,161,160.588,yes
4,7,7,160,92,161,160.588,yes
4,7,8,160,92,161,160.588,yes
4,7,9,160,92,161,160.588,yes
4,7,10,160,92,161,160.588,yes
4,7,11,160,92,161,160.588,yes
4,7,12,160,92,161,160.588,yes
4,7,13,160,92,161,160.588,yes
4,7,14,160,92,161,160.588,yes
4,7,15,165,92,161,160.588,yes
4,7,16,170,92,161,160.588,yes
4,7,17,170,92,161,160.588,yes
4,8,1,160,92,164,164.167,yes
4,8,2,160,92,164,164.167,yes
4,8,3,160,92,164,164.167,yes
4,8,4,160,92,164,164.167,yes
4,8,5,160,92,164,164.167,yes
4,8,6,165,92,164,164.167,yes
4,8,7,165,92,164,164.167,yes
4,8,8,165,92,164,164.167,yes
4,8,9,165,92,164,164.167,yes
4,8,10,170,92,164,164.167,yes
4,8,11,170,92,164,164.167,yes
4,8,12,170,92,164,164.167,yes
4,9,1,270,92,301,300.7,yes
4,9,2,250,92,301,300.7,yes
4,9,3,270,92,301,300.7,yes
4,9,4,275,92,301,300.7,yes
4,9,5,300,92,301,300.7,yes
4,9,6,300,92,301,300.7,yes
4,9,7,300,92,301,300.7,yes
4,9,8,300,92,301,300.7,yes
4,9,9,300,92,301,300.7,yes
4,9,10,300,92,301,300.7,yes
4,9,11,310,92,301,300.7,yes
4,9,12,310,92,301,300.7,yes
4,9,13,310,92,301,300.7,yes
4,9,14,310,92,301,300.7,yes
4,9,15,310,92,301,300.7,yes
4,9,16,315,92,301,300.7,yes
4,9,17,319,92,301,300.7,yes
4,9,18,320,92,301,300.7,yes
4,9,19,320,92,301,300.7,yes
4,9,20,325,92,301,300.7,yes
4,10,1,150,93,167,166.786,yes
4,10,2,160,93,167,166.786,yes
4,10,3,165,93,167,166.786,yes
4,10,4,165,93,167,166.786,yes
4,10,5,165,93,167,166.786,yes
4,10,6,170,93,167,166.786,yes
4,10,7,170,93,167,166.786,yes
4,10,8,170,93,167,166.786,yes
4,10,9,170,93,167,166.786,yes
4,10,10,170,93,167,166.786,yes
4,10,11,170,93,167,166.786,yes
4,10,12,170,93,167,166.786,yes
4,10,13,170,93,167,166.786,yes
4,10,14,170,93,167,166.786,yes
4,11,1,280,93,323,323.095,yes
4,11,2,300,93,323,323.095,yes
4,11,3,300,93,323,323.095,yes
4,11,4,305,93,323,323.095,yes
4,11,5,305,93,323,323.095,yes
4,11,6,305,93,323,323.095,yes
4,11,7,310,93,323,323.095,yes
4,11,8,310,93,323,323.095,yes
4,11,9,310,93,323,323.095,yes
4,11,10,320,93,323,323.095,yes
4,11,11,320,93,323,323.095,yes
4,11,12,320,93,323,323.095,yes
4,11,13,320,93,323,323.095,yes
4,11,14,320,93,323,323.095,yes
4,11,15,325,93,323,323.095,yes
4,11,16,340,93,323,323.095,yes
4,11,17,340,93,323,323.095,yes
4,11,18,350,93,323,323.095,yes
4,11,19,365,93,323,323.095,yes
4,11,20,370,93,323,323.095,yes
4,11,21,370,93,323,323.095,yes
4,12,1,170,93,171,171.222,yes
4,12,2,175,93,171,171.222,yes
4,12,3,175,93,171,171.222,yes
4,12,4,175,93,171,171.222,yes
4,12,5,170,93,171,171.222,yes
4,12,6,170,93,171,171.222,yes
4,12,7,170,93,171,171.222,yes
4,12,8,172,93,171,171.222,yes
4,12,9,170,93,171,171.222,yes
4,12,10,170,93,171,171.222,yes
4,12,11,170,93,171,171.222,yes
4,12,12,170,93,171,171.222,yes
4,12,13,170,93,171,171.222,yes
4,12,14,170,93,171,171.222,yes
4,12,15,175,93,171,171.222,yes
4,12,16,170,93,171,171.222,yes
4,12,17,170,93,171,171.222,yes
4,12,18,170,93,171,171.222,yes
4,13,1,310,94,344,343.476,yes
4,13,2,320,94,344,343.476,yes
4,13,3,320,94,344,343.476,yes
4,13,4,325,94,344,343.476,yes
4,13,5,330,94,344,343.476,yes
4,13,6,330,94,344,343.476,yes
4,13,7,330,94,344,343.476,yes
4,13,8,340,94,344,343.476,yes
4,13,9,340,94,344,343.476,yes
4,13,10,340,94,344,343.476,yes
4,13,11,340,94,344,343.476,yes
4,13,12,345,94,344,343.476,yes
4,13,13,345,94,344,343.476,yes
4,13,14,345,94,344,343.476,yes
4,13,15,350,94,344,343.476,yes
4,13,16,360,94,344,343.476,yes
4,13,17,365,94,344,343.476,yes
4,13,18,365,94,344,343.476,yes
4,13,19,370,94,344,343.476,yes
4,13,20,370,94,344,343.476,yes
4,13,21,373,94,344,343.476,yes
4,14,1,170,94,159,158.846,yes
4,14,2,170,94,159,158.846,yes
4,14,3,165,94,159,158.846,yes
4,14,4,165,94,159,158.846,yes
4,14,5,165,94,159,158.846,yes
4,14,6,160,94,159,158.846,yes
4,14,7,155,94,159,158.846,yes
4,14,8,150,94,159,158.846,yes
4,14,9,150,94,159,158.846,yes
4,14,10,155,94,159,158.846,yes
4,14,11,150,94,159,158.846,yes
4,14,12,155,94,159,158.846,yes
4,14,13,155,94,159,158.846,yes
5,1,1,150,94,165,165.0,yes
5,1,2,200,94,165,165.0,yes
5,1,3,160,94,165,165.0,yes
5,1,4,160,94,165,165.0,yes
5,1,5,160,94,165,165.0,yes
5,1,6,160,94,165,165.0,yes
5,1,7,160,94,165,165.0,yes
5,1,8,165,94,165,165.0,yes
5,1,9,165,94,165,165.0,yes
5,1,10,170,94,165,165.0,yes
5,2,1,165,94,172,172.353,yes
5,2,2,165,94,172,172.353,yes
5,2,3,165,94,172,172.353,yes
5,2,4,170,94,172,172.353,yes
5,2,5,170,94,172,172.353,yes
5,2,6,170,94,172,172.353,yes
5,2,7,170,94,172,172.353,yes
5,2,8,175,94,172,172.353,yes
5,2,9,175,94,172,172.353,yes
5,2,10,175,94,172,172.353,yes
5,2,11,175,94,172,172.353,yes
5,2,12,175,94,172,172.353,yes
5,2,13,175,94,172,172.353,yes
5,2,14,175,94,172,172.353,yes
5,2,15,175,94,172,172.353,yes
5,2,16,180,94,172,172.353,yes
5,2,17,175,94,172,172.353,yes
5,3,1,170,95,175,174.722,yes
5,3,2,175,95,175,174.722,yes
5,3,3,175,95,175,174.722,yes
5,3,4,175,95,175,174.722,yes
5,3,5,175,95,175,174.722,yes
5,3,6,175,95,175,174.722,yes
5,3,7,175,95,175,174.722,yes
5,3,8,175,95,175,174.722,yes
5,3,9,175,95,175,174.722,yes
5,3,10,175,95,175,174.722,yes
5,3,11,175,95,175,174.722,yes
5,3,12,175,95,175,174.722,yes
5,3,13,175,95,175,174.722,yes
5,3,14,175,95,175,174.722,yes
5,3,15,175,95,175,174.722,yes
5,3,16,175,95,175,174.722,yes
5,3,17,175,95,175,174.722,yes
5,3,18,175,95,175,174.722,yes
5,4,1,180,95,176,175.733,yes
5,4,2,175,95,176,175.733,yes
5,4,3,175,95,176,175.733,yes
5,4,4,175,95,176,175.733,yes
5,4,5,175,95,176,175.733,yes
5,4,6,175,95,176,175.733,yes
5,4,7,175,95,176,175.733,yes
5,4,8,175,95,176,175.733,yes
5,4,9,175,95,176,175.733,yes
5,4,10,175,95,176,175.733,yes
5,4,11,175,95,176,175.733,yes
5,4,12,175,95,176,175.733,yes
5,4,13,175,95,176,175.733,yes
5,4,14,180,95,176,175.733,yes
5,4,15,176,95,176,175.733,yes
5,5,1,175,95,175,175.0,yes
5,5,2,175,95,175,175.0,yes
5,5,3,175,95,175,175.0,yes
5,5,4,175,95,175,175.0,yes
5,5,5,175,95,175,175.0,yes
5,5,6,175,95,175,175.0,yes
5,5,7,175,95,175,175.0,yes
5,5,8,175,95,175,175.0,yes
5,5,9,175,95,175,175.0,yes
5,5,10,175,95,175,175.0,yes
5,5,11,175,95,175,175.0,yes
5,5,12,175,95,175,175.0,yes
5,5,13,175,95,175,175.0,yes
5,5,14,175,95,175,175.0,yes
5,5,15,175,95,175,175.0,yes
5,5,16,175,95,175,175.0,yes
5,6,1,175,95,237,237.059,yes
5,6,2,200,95,237,237.059,yes
5,6,3,250,95,237,237.059,yes
5,6,4,250,95,237,237.059,yes
5,6,5,240,95,237,237.059,yes
5,6,6,240,95,237,237.059,yes
5,6,7,250,95,237,237.059,yes
5,6,8,240,95,237,237.059,yes
5,6,9,240,95,237,237.059,yes
5,6,10,240,95,237,237.059,yes
5,6,11,240,95,237,237.059,yes
5,6,12,240,95,237,237.059,yes
5,6,13,240,95,237,237.059,yes
5,6,14,245,95,237,237.059,yes
5,6,15,245,95,237,237.059,yes
5,6,16,245,95,237,237.059,yes
5,6,17,250,95,237,237.059,yes
5,7,1,175,95,206,206.25,yes
5,7,2,170,95,206,206.25,yes
5,7,3,175,95,206,206.25,yes
5,7,4,190,95,206,206.25,yes
5,7,5,185,95,206,206.25,yes
5,7,6,195,95,206,206.25,yes
5,7,7,195,95,206,206.25,yes
5,7,8,190,95,206,206.25,yes
5,7,9,200,95,206,206.25,yes
5,7,10,200,95,206,206.25,yes
5,7,11,200,95,206,206.25,yes
5,7,12,200,95,206,206.25,yes
5,7,13,205,95,206,206.25,yes
5,7,14,200,95,206,206.25,yes
5,7,15,210,95,206,206.25,yes
5,7,16,220,95,206,206.25,yes
5,7,17,230,95,206,206.25,yes
5,7,18,240,95,206,206.25,yes
5,7,19,270,95,206,206.25,yes
5,7,20,275,95,206,206.25,yes
5,8,1,250,96,277,277.391,yes
5,8,2,250,96,277,277.391,yes
5,8,3,250,96,277,277.391,yes
5,8,4,250,96,277,277.391,yes
5,8,5,260,96,277,277.391,yes
5,8,6,260,96,277,277.391,yes
5,8,7,270,96,277,277.391,yes
5,8,8,275,96,277,277.391,yes
5,8,9,275,96,277,277.391,yes
5,8,10,280,96,277,277.391,yes
5,8,11,280,96,277,277.391,yes
5,8,12,280,96,277,277.391,yes
5,8,13,285,96,277,277.391,yes
5,8,14,285,96,277,277.391,yes
5,8,15,290,96,277,277.391,yes
5,8,16,290,96,277,277.391,yes
5,8,17,290,96,277,277.391,yes
5,8,18,290,96,277,277.391,yes
5,8,19,290,96,277,277.391,yes
5,8,20,295,96,277,277.391,yes
5,8,21,295,96,277,277.391,yes
5,8,22,295,96,277,277.391,yes
5,8,23,295,96,277,277.391,yes
5,9,1,240,96,240,240.0,yes
5,9,2,240,96,240,240.0,yes
5,9,3,250,96,240,240.0,yes
5,9,4,250,96,240,240.0,yes
5,9,5,240,96,240,240.0,yes
5,9,6,240,96,240,240.0,yes
5,9,7,240,96,240,240.0,yes
5,9,8,240,96,240,240.0,yes
5,9,9,240,96,240,240.0,yes
5,9,10,235,96,240,240.0,yes
5,9,11,235,96,240,240.0,yes
5,9,12,235,96,240,240.0,yes
5,9,13,235,96,240,240.0,yes
5,9,14,240,96,240,240.0,yes
5,9,15,240,96,240,240.0,yes
5,9,16,240,96,240,240.0,yes
5,9,17,240,96,240,240.0,yes
5,9,18,240,96,240,240.0,yes
5,9,19,240,96,240,240.0,yes
5,9,20,240,96,240,240.0,yes
5,9,21,240,96,240,240.0,yes
5,10,1,240,96,240,240.0,yes
5,10,2,240,96,240,240.0,yes
5,10,3,240,96,240,240.0,yes
5,10,4,240,96,240,240.0,yes
5,10,5,240,96,240,240.0,yes
5,10,6,240,96,240,240.0,yes
5,10,7,240,96,240,240.0,yes
5,10,8,240,96,240,240.0,yes
5,10,9,240,96,240,240.0,yes
5,10,10,240,96,240,240.0,yes
5,10,11,240,96,240,240.0,yes
5,10,12,240,96,240,240.0,yes
5,10,13,240,96,240,240.0,yes
5,10,14,240,96,240,240.0,yes
5,10,15,240,96,240,240.0,yes
5,10,16,240,96,240,240.0,yes
5,10,17,240,96,240,240.0,yes
5,10,18,240,96,240,240.0,yes
5,10,19,240,96,240,240.0,yes
5,10,20,240,96,240,240.0,yes
5,11,1,210,97,180,180.333,yes
5,11,2,210,97,180,180.333,yes
5,11,3,200,97,180,180.333,yes
5,11,4,175,97,180,180.333,yes
5,11,5,175,97,180,180.333,yes
5,11,6,175,97,180,180.333,yes
5,11,7,175,97,180,180.333,yes
5,11,8,175,97,180,180.333,yes
5,11,9,175,97,180,180.333,yes
5,11,10,175,97,180,180.333,yes
5,11,11,175,97,180,180.333,yes
5,11,12,175,97,180,180.333,yes
5,11,13,175,97,180,180.333,yes
5,11,14,175,97,180,180.333,yes
5,11,15,175,97,180,180.333,yes
5,11,16,175,97,180,180.333,yes
5,11,17,175,97,180,180.333,yes
5,11,18,176,97,180,180.333,yes
5,12,1,240,97,240,240.056,yes
5,12,2,240,97,240,240.056,yes
5,12,3,240,97,240,240.056,yes
5,12,4,240,97,240,240.056,yes
5,12,5,240,97,240,240.056,yes
5,12,6,240,97,240,240.056,yes
5,12,7,240,97,240,240.056,yes
5,12,8,240,97,240,240.056,yes
5,12,9,240,97,240,240.056,yes
5,12,10,240,97,240,240.056,yes
5,12,11,240,97,240,240.056,yes
5,12,12,240,97,240,240.056,yes
5,12,13,241,97,240,240.056,yes
5,12,14,240,97,240,240.056,yes
5,12,15,240,97,240,240.056,yes
5,12,16,240,97,240,240.056,yes
5,12,17,240,97,240,240.056,yes
5,12,18,240,97,240,240.056,yes
5,13,1,285,97,296,295.625,yes
5,13,2,285,97,296,295.625,yes
5,13,3,290,97,296,295.625,yes
5,13,4,290,97,296,295.625,yes
5,13,5,290,97,296,295.625,yes
5,13,6,290,97,296,295.625,yes
5,13,7,295,97,296,295.625,yes
5,13,8,295,97,296,295.625,yes
5,13,9,290,97,296,295.625,yes
5,13,10,295,97,296,295.625,yes
5,13,11,295,97,296,295.625,yes
5,13,12,300,97,296,295.625,yes
5,13,13,300,97,296,295.625,yes
5,13,14,300,97,296,295.625,yes
5,13,15,315,97,296,295.625,yes
5,13,16,315,97,296,295.625,yes
