sample,side,n,D_first,p_first_vs_1,w_first_vs_1,D_last,slope,p_slope_vs_0,francs_moved
all,seller,13,1.0397926176387715,0.7741062650978427,0.339599609375,1.0889769888231426,0.034428111749593066,0.7798089493298661,-2.223846153846151
all,buyer,14,0.3167391626461394,0.000897529127081018,0.0001220703125,0.9077590290846104,0.42021894590149245,0.0007895043668723309,70.90285714285713
all,between-side contrast,27,0.7230534549926322,0.0020202214128724424,,,,,
k>=2,seller,10,1.036932844932845,0.8126380323355784,0.322265625,1.0543304029304028,-0.025683502129105827,0.8375261827093505,-0.620999999999998
k>=2,buyer,10,0.5931235937189425,0.003993300313335231,0.001953125,0.9064892782927666,0.25444123600975443,0.018151481573628656,49.25899999999999
k>=2,between-side contrast,20,0.44380925121390247,0.028717641759788002,,,,,
k>=3,seller,7,0.9349377289377289,0.7572279038497476,0.8125,1.062993546136403,0.04283157569247804,0.8062179741816728,-5.095714285714288
k>=3,buyer,6,0.7394079856405438,0.02393269543303276,0.03125,0.9497753112520555,0.17744769224045376,0.07853700773929284,32.14666666666667
k>=3,between-side contrast,13,0.1955297432971851,0.39408783870587105,,,,,
