market,period,state,info,side,vbar,re_price,second_val,span_francs,band_lo_price,band_hi_price,band_lo_D,band_hi_D,band_width_D,band_width_francs,dot_quality_flag,count_uncertain,flagged,mean_printed,mean_digitized,mean_residual,n_trades,D_first,D_last,D_mean,D_min,D_max,D_change,p_first,p_last,p_mean,francs_first,francs_last,francs_change,gap_francs_first,gap_francs_last,slope_D_per_trade,p_slope_trade,slope_D_per_norm,p_slope_norm,slope_francs_per_trade,slope_D_norm_h1,p_slope_h1,slope_D_norm_h2,p_slope_h2,slope_D_trade_h1,slope_D_trade_h2,D_h1_mean,D_h2_mean,D_dec1,D_dec2,D_dec3,D_dec4,D_dec5,D_dec6,D_dec7,D_dec8,D_dec9,D_dec10,D_qui1,D_qui2,D_qui3,D_qui4,D_qui5,n_in_band,frac_in_band,ttb_index,ttb_frac,reached_band,ended_in_band,tt80_index,tt80_frac,reached_D80,ended_D80,ttn_index,ttn_frac,reached_near,ended_near,n_beyond_RE,frac_beyond_RE,any_beyond_RE,k_side,k_state,layer,source,band_degenerate
1,1,Y,none,,283.3333333333333,283.3333333333333,283.3333333333333,0.0,283.3333333333333,283.3333333333333,,,,0.0,ok,False,False,239.0,239.392,0.392,17,,,,,,,,,,,,,,,,,,,,,,,,,,,,,,,,,,,,,,,,,,,,,,,,,,,,,,,,,,,,,,L2_human_digitized,out/human_trades.csv,False
1,2,Y,none,,283.3333333333333,283.3333333333333,283.3333333333333,0.0,283.3333333333333,283.3333333333333,,,,0.0,mean_mismatch,False,True,269.0,265.66,-3.34,13,,,,,,,,,,,,,,,,,,,,,,,,,,,,,,,,,,,,,,,,,,,,,,,,,,,,,,,,,,,,,,L2_human_digitized,out/human_trades.csv,False
1,3,X,none,,283.3333333333333,283.3333333333333,283.3333333333333,0.0,283.3333333333333,283.3333333333333,,,,0.0,ok,False,False,272.0,273.86,1.86,16,,,,,,,,,,,,,,,,,,,,,,,,,,,,,,,,,,,,,,,,,,,,,,,,,,,,,,,,,,,,,,L2_human_digitized,out/human_trades.csv,False
1,4,Y,none,,283.3333333333333,283.3333333333333,283.3333333333333,0.0,283.3333333333333,283.3333333333333,,,,0.0,count_uncertain:2@284,True,False,280.0,280.507,0.507,12,,,,,,,,,,,,,,,,,,,,,,,,,,,,,,,,,,,,,,,,,,,,,,,,,,,,,,,,,,,,,,L2_human_digitized,out/human_trades.csv,False
1,5,Y,insider,buyer,283.3333333333333,320.12835472578763,292.5320886814469,36.795021392454316,292.5320886814469,320.12835472578763,0.2500000000000004,1.0,0.7499999999999996,27.596266044340723,ok,False,False,289.0,289.903,0.903,15,0.03768625792811963,0.46464619450317174,0.17855676532769615,-0.0639579281183922,0.46464619450317174,0.4269599365750521,284.72,300.43,289.90333333333336,1.386666666666713,17.096666666666692,15.70999999999998,35.4083547257876,19.698354725787624,0.021331496149199585,0.0026600419865551316,0.2986409460887942,0.0026600419865551277,0.7848928571428556,0.09566511627906718,0.691296621447965,0.7876065539112053,0.0010286747781081812,0.006833222591361942,0.05625761099365752,0.11004659090909157,0.256854107520387,0.11677304439746411,0.19749048625792914,-0.0018571353065529941,0.06296141649048613,0.19287029598308728,0.13416670190274838,0.197762262156449,0.20170301268498972,0.32821469344608983,0.398740539112051,0.14367885835095245,0.01974904862579338,0.15373456659619467,0.2003894291754761,0.3752319238900639,3.0,0.2,13.0,0.8666666666666667,True,True,,,False,False,13.0,0.8666666666666667,True,True,0.0,0.0,False,1.0,,L2_human_digitized,out/human_trades.csv,False
1,6,X,insider,seller,283.3333333333333,272.2361553582322,238.9446214329289,-11.09717797510109,238.9446214329289,272.2361553582322,1.0,4.000000000000005,3.0000000000000053,33.29153392530333,unmatched_band:290.6,False,False,290.0,290.22,0.22,12,-0.6530188740710592,-0.6539200040720763,-0.6205781940344118,-0.6683380840883669,-0.23759794360175557,-0.0009011300010171031,290.58,290.59,290.22,7.24666666666667,7.256666666666661,0.009999999999990905,18.34384464176776,18.35384464176775,0.010637114977051953,0.31439181592468246,0.1170082647475715,0.3143918159246825,-0.1180419580419588,-0.005664245720690622,0.7532657805332452,0.11894916013438503,0.8217681414930307,-0.0005149314291536929,0.010813560012216809,-0.6578249007431568,-0.5833314873256666,-0.6530188740710592,-0.6683380840883669,-0.660227914079207,-0.6557222640741158,-0.656623394075133,-0.6431064440598648,-0.6584256540771675,-0.6539200040720763,-0.23759794360175557,-0.6534694390715677,-0.6581252774101617,-0.6579750890766614,-0.649864919067499,-0.6561728290746218,-0.5148456072482971,0.0,0.0,,,False,False,,,False,False,1.0,0.08333333333333333,True,True,0.0,0.0,False,1.0,,L2_human_digitized,out/human_trades.csv,False
1,7,Y,insider,buyer,283.3333333333333,320.12835472578763,292.5320886814469,36.795021392454316,292.5320886814469,320.12835472578763,0.2500000000000004,1.0,0.7499999999999996,27.596266044340723,ok,False,False,301.0,301.38,0.38,13,0.20944862579281281,0.6043390063424947,0.49044399902423186,0.20944862579281281,0.6043390063424947,0.3948903805496819,291.04,305.57,301.3792307692308,7.706666666666706,22.23666666666668,14.529999999999973,29.08835472578761,14.558354725787638,0.026961065097692975,5.005620476112903e-05,0.3235327811723157,5.005620476112903e-05,0.9920329670329665,0.4494785110238593,0.034222244087065846,0.2320189670794323,0.1368461270842592,0.03745654258532161,0.019334913923286026,0.4130864240410756,0.5806945031712476,0.2734518498942924,0.46654862579281214,0.46682040169133193,0.47171236786469367,0.4719841437632135,0.4699458245243132,0.5991752642706132,0.6016212473572948,0.6024365750528543,0.6043390063424947,0.33781744186046564,0.4692663847780128,0.4706252642706133,0.600398255813954,0.6037048625792812,12.0,0.9230769230769231,2.0,0.15384615384615385,True,True,,,False,False,2.0,0.15384615384615385,True,True,0.0,0.0,False,2.0,,L2_human_digitized,out/human_trades.csv,False
1,8,Y,insider,seller,283.3333333333333,261.548480972553,253.8060761097877,-21.78485236078029,253.8060761097877,261.548480972553,1.0,1.3554031367549737,0.3554031367549737,7.742404862765312,ok,False,False,289.0,290.191,1.191,10,-0.34182773164315966,-0.5640004560593959,-0.3147446929229997,-0.5640004560593959,-0.11231045435366097,-0.2221727244162362,290.78,295.62,290.18999999999994,7.446666666666658,12.28666666666669,4.840000000000032,29.23151902744695,34.07151902744698,0.0041452211292284345,0.7872391305668767,0.0373069901630559,0.7872391305668767,-0.09030303030302844,0.012807064072751773,0.2585649607279476,-0.20697868065966968,0.7557780234774045,0.0014230071191946416,-0.02299763118440773,-0.3370537722755388,-0.2924356135704606,-0.34182773164315966,-0.338614489761107,-0.33448317876989714,-0.33264704055158023,-0.3376964206519498,-0.3381554552065284,-0.33402414421531856,-0.11368755801739931,-0.11231045435366097,-0.5640004560593959,-0.34022111070213334,-0.3335651096607387,-0.3379259379292391,-0.22385585111635894,-0.3381554552065284,0.0,0.0,,,False,False,,,False,False,,,False,False,0.0,0.0,False,2.0,,L2_human_digitized,out/human_trades.csv,False
1,9,Y,all,buyer,283.3333333333333,337.64478764478764,296.91119691119695,54.31145431145433,296.91119691119695,337.64478764478764,0.25000000000000105,1.0,0.7499999999999989,40.73359073359069,ok,False,False,310.0,310.404,0.404,16,0.3186559241706161,1.0588312796208528,0.4983947126777253,0.31736706161137457,1.0588312796208528,0.7401753554502366,300.64,340.84,310.401875,17.306666666666672,57.50666666666666,40.19999999999999,37.004787644787655,3.195212355212334,0.04688670790354055,0.000268877630645237,0.703300618553108,0.00026887763064523844,2.546485294117647,0.11754295023696731,0.1149900979507641,1.7500254739336476,0.0041151687284536834,0.007836196682464488,0.11666836492890985,0.3310151954976305,0.66577422985782,0.31801149289099534,0.3197606635071091,0.32077334123222767,0.3195765402843604,0.3656073459715642,0.41016516587677776,0.4104413507109007,0.4151364928909954,0.7820020142180092,1.0580027251184831,0.31859454976303325,0.3203744075829386,0.3804599526066354,0.4120063981042656,0.9200023696682462,13.0,0.8125,1.0,0.0625,True,False,14.0,0.875,True,True,1.0,0.0625,True,True,3.0,0.1875,True,,,L2_human_digitized,out/human_trades.csv,False
1,10,X,all,buyer,283.3333333333333,320.12835472578763,292.5320886814469,36.795021392454316,292.5320886814469,320.12835472578763,0.2500000000000004,1.0,0.7499999999999996,27.596266044340723,ok,False,False,328.0,328.687,0.687,17,0.48095274841437585,1.6949756871035935,1.23260494963313,0.48095274841437585,1.6949756871035935,1.2140229386892176,301.03,345.7,328.68705882352936,17.69666666666666,62.366666666666674,44.670000000000016,19.098354725787658,25.571645274212358,0.06827570109439123,8.209186880890303e-11,1.0924112175102596,8.209186880890303e-11,2.512205882352941,1.526945708245243,3.973249584882478e-05,0.8655415282392027,0.000132789041679468,0.09543410676532768,0.05409634551495017,0.9730181113460183,1.5246401427061307,0.6153459302325581,0.8743483615221987,0.8777455602536998,1.157674735729387,1.2922038054968286,1.2931550211416487,1.4238792283298094,1.5560982029598298,1.5577288583509512,1.691986152219873,0.7448471458773784,1.0643650105708247,1.292837949260042,1.4679522198731494,1.6248575052854122,5.0,0.29411764705882354,1.0,0.058823529411764705,True,False,3.0,0.17647058823529413,True,True,1.0,0.058823529411764705,True,True,12.0,0.7058823529411765,True,,,L2_human_digitized,out/human_trades.csv,False
1,11,Y,all,buyer,283.3333333333333,349.30795847750863,299.8269896193772,65.97462514417532,299.8269896193772,349.30795847750863,0.25000000000000044,1.0,0.7499999999999996,49.48096885813146,ok,False,False,347.0,344.946,-2.054,11,0.2673250000000007,0.9466770979020984,0.9338622536554357,0.2673250000000007,1.0961284965034963,0.6793520979020977,300.97,345.79,344.94454545454545,17.636666666666713,62.456666666666706,44.81999999999999,48.33795847750861,3.517958477508614,0.028845801017164663,0.1944429667857781,0.28845801017164663,0.1944429667857782,1.9030909090909098,1.203146553446553,0.10651296787648765,-0.08018234265734235,0.5965680247106383,0.12031465534465528,-0.008018234265734238,0.8990830419580421,0.9755973076923082,0.2673250000000007,0.958348251748252,1.0217059440559444,1.0247374125874127,1.0961284965034963,1.0262531468531475,1.021402797202798,0.9465255244755243,0.9475865384615391,0.9812358391608397,0.6128366258741264,1.0232216783216785,1.061190821678322,0.9839641608391612,0.9700194055944061,5.0,0.45454545454545453,1.0,0.09090909090909091,True,True,2.0,0.18181818181818182,True,True,1.0,0.09090909090909091,True,True,6.0,0.5454545454545454,True,,,L2_human_digitized,out/human_trades.csv,False
2,1,X,none,,266.66666666666663,266.66666666666663,266.66666666666663,0.0,266.66666666666663,266.66666666666663,,,,0.0,ok,False,False,255.0,256.311,1.311,9,,,,,,,,,,,,,,,,,,,,,,,,,,,,,,,,,,,,,,,,,,,,,,,,,,,,,,,,,,,,,,L2_human_digitized,out/human_trades.csv,False
2,2,X,none,,266.66666666666663,266.66666666666663,266.66666666666663,0.0,266.66666666666663,266.66666666666663,,,,0.0,ok,False,False,251.0,250.057,-0.943,7,,,,,,,,,,,,,,,,,,,,,,,,,,,,,,,,,,,,,,,,,,,,,,,,,,,,,,,,,,,,,,L2_human_digitized,out/human_trades.csv,False
2,3,Y,none,,266.66666666666663,266.66666666666663,266.66666666666663,0.0,266.66666666666663,266.66666666666663,,,,0.0,ok,False,False,258.0,258.97,0.97,8,,,,,,,,,,,,,,,,,,,,,,,,,,,,,,,,,,,,,,,,,,,,,,,,,,,,,,,,,,,,,,L2_human_digitized,out/human_trades.csv,False
2,4,Y,none,,266.66666666666663,266.66666666666663,266.66666666666663,0.0,266.66666666666663,266.66666666666663,,,,0.0,ok,False,False,265.0,263.277,-1.723,8,,,,,,,,,,,,,,,,,,,,,,,,,,,,,,,,,,,,,,,,,,,,,,,,,,,,,,,,,,,,,,L2_human_digitized,out/human_trades.csv,False
2,5,Y,all,buyer,266.66666666666663,350.0,300.0,83.33333333333337,300.0,350.0,0.4000000000000003,1.0,0.5999999999999996,50.0,ok,False,False,304.0,304.457,0.457,15,0.0632800000000004,0.5765199999999999,0.4534880000000002,0.0632800000000004,0.5765199999999999,0.5132399999999995,271.94,314.71,304.45733333333334,5.273333333333369,48.04333333333335,42.76999999999998,78.06,35.29000000000002,0.02310300000000001,0.0005530788613287537,0.3234420000000002,0.0005530788613287537,1.9252500000000015,0.7166999999999996,0.011208141973705187,0.10968000000000033,0.04301858295218753,0.05119285714285712,0.007834285714285738,0.3851650000000001,0.5315714285714288,0.16948000000000027,0.39508,0.45532000000000006,0.4586800000000001,0.51568,0.4897600000000001,0.5173599999999999,0.5235400000000004,0.5197600000000004,0.5597800000000002,0.24468000000000015,0.45644,0.4984,0.5214800000000003,0.5464400000000003,11.0,0.7333333333333333,5.0,0.3333333333333333,True,True,,,False,False,5.0,0.3333333333333333,True,True,0.0,0.0,False,,,L2_human_digitized,out/human_trades.csv,False
2,6,Y,all,buyer,266.66666666666663,350.0,300.0,83.33333333333337,300.0,350.0,0.4000000000000003,1.0,0.5999999999999996,50.0,ok,False,False,337.0,337.284,0.284,15,0.6980799999999998,0.9390400000000002,0.8474160000000002,0.6980799999999998,0.9702399999999998,0.2409600000000004,324.84,344.92,337.2846666666667,58.173333333333346,78.25333333333339,20.08000000000004,25.160000000000025,5.079999999999984,0.020990999999999982,1.6134924843871858e-08,0.2938739999999998,1.6134924843871623e-08,1.7492499999999993,0.37868,0.0002653991334196044,0.13793999999999998,0.0657765179164667,0.027048571428571432,0.009852857142857139,0.7729900000000001,0.9324742857142857,0.6981400000000001,0.6983200000000003,0.78742,0.8198800000000002,0.8200000000000001,0.87616,0.9365199999999998,0.9325000000000001,0.9387999999999997,0.9546399999999999,0.6982000000000003,0.7982400000000002,0.8574400000000001,0.93384,0.94936,15.0,1.0,1.0,0.06666666666666667,True,True,5.0,0.3333333333333333,True,True,1.0,0.06666666666666667,True,True,0.0,0.0,False,,,L2_human_digitized,out/human_trades.csv,False
2,7,X,insider,seller,266.66666666666663,240.0,200.0,-26.66666666666663,200.0,240.0,1.0,2.500000000000002,1.5000000000000022,40.0,ok,False,False,307.0,307.922,0.922,18,-1.983875000000004,-1.6205000000000036,-1.547083333333337,-1.9842500000000036,-1.2428750000000033,0.36337500000000045,319.57,309.88,307.9222222222222,52.903333333333364,43.21333333333337,-9.689999999999998,79.57,69.88,0.035077399380805,0.0005912395471073524,0.5963157894736849,0.0005912395471073567,-0.9353973168214653,0.9395687500000022,0.07344517126718295,0.43126875000000336,0.2865153218063105,0.05526875000000013,0.0253687500000002,-1.6971666666666703,-1.3970000000000036,-1.9840625000000038,-1.7982500000000041,-1.4309375000000029,-1.6178750000000037,-1.6150625000000032,-1.6115000000000044,-1.4255000000000038,-1.2869375000000036,-1.243062500000003,-1.432250000000003,-1.8911562500000039,-1.4932500000000033,-1.6132812500000038,-1.3331250000000037,-1.3376562500000029,0.0,0.0,,,False,False,,,False,False,,,False,False,0.0,0.0,False,1.0,1.0,L2_human_digitized,out/human_trades.csv,False
2,8,Y,insider,buyer,266.66666666666663,350.0,300.0,83.33333333333337,300.0,350.0,0.4000000000000003,1.0,0.5999999999999996,50.0,ok,False,False,328.0,328.009,0.009,19,0.6390400000000004,0.5132800000000002,0.7361010526315791,0.5132800000000002,0.8746000000000002,-0.1257600000000002,319.92,309.44,328.00842105263155,53.25333333333339,42.77333333333337,-10.480000000000018,30.079999999999984,40.56,-0.003326315789473688,0.4524604206448273,-0.05987368421052635,0.4524604206448274,-0.27719298245614066,0.3478909090909094,2.558549424916709e-06,-0.8691120000000001,7.347715125454521e-05,0.019327272727272752,-0.048283999999999994,0.7423480000000002,0.72916,0.6668800000000003,0.6968799999999999,0.7556800000000004,0.7680400000000003,0.8146000000000002,0.8531800000000003,0.8483800000000001,0.78784,0.6652,0.5435800000000002,0.68188,0.7618600000000003,0.8403200000000002,0.8181100000000001,0.6043900000000002,19.0,1.0,1.0,0.05263157894736842,True,True,9.0,0.47368421052631576,True,False,1.0,0.05263157894736842,True,True,0.0,0.0,False,1.0,1.0,L2_human_digitized,out/human_trades.csv,False
2,9,X,insider,seller,266.66666666666663,240.0,200.0,-26.66666666666663,200.0,240.0,1.0,2.500000000000002,1.5000000000000022,40.0,ok,False,False,267.0,269.797,2.797,12,-1.967375000000004,1.3795000000000006,-0.11737500000000141,-1.967375000000004,1.3806250000000007,3.3468750000000047,319.13,229.88,269.7966666666667,52.46333333333337,-36.78666666666663,-89.25,79.13,10.120000000000005,0.3466442307692312,2.7163538482298012e-08,3.8130865384615436,2.7163538482298012e-08,-9.243846153846153,3.465589285714289,0.00018302318563402387,3.1874464285714335,0.034244396109467834,0.31505357142857177,0.2897678571428576,-1.2003125000000028,0.9655624999999999,-1.8811250000000035,-1.245500000000003,-1.056500000000002,-0.6522500000000024,-0.4853750000000026,0.02012499999999878,0.26649999999999885,1.372,1.3746250000000009,1.3800625000000006,-1.6692500000000035,-0.8543750000000022,-0.2326250000000019,0.8192499999999995,1.3782500000000006,4.0,0.3333333333333333,9.0,0.75,True,True,9.0,0.75,True,True,6.0,0.5,True,True,4.0,0.3333333333333333,True,2.0,2.0,L2_human_digitized,out/human_trades.csv,False
2,10,Y,insider,buyer,266.66666666666663,350.0,300.0,83.33333333333337,300.0,350.0,0.4000000000000003,1.0,0.5999999999999996,50.0,ok,False,False,327.0,327.895,0.895,17,0.6346000000000003,0.5704,0.7347576470588235,0.5704,0.8960799999999998,-0.06420000000000026,319.55,314.2,327.89647058823533,52.88333333333338,47.53333333333336,-5.350000000000023,30.44999999999999,35.80000000000001,-0.000981176470588241,0.859693291396587,-0.015698823529411855,0.859693291396587,-0.08176470588235353,0.615968,0.0006295142826257448,-0.6554742857142851,4.784345392776883e-06,0.038498,-0.04096714285714282,0.7476933333333335,0.7202050000000001,0.6473200000000003,0.6374200000000001,0.69568,0.85606,0.8759200000000004,0.8765800000000001,0.78778,0.7564,0.6714400000000003,0.60484,0.6423700000000002,0.8026,0.8763600000000001,0.77732,0.6381400000000002,17.0,1.0,1.0,0.058823529411764705,True,True,6.0,0.35294117647058826,True,False,1.0,0.058823529411764705,True,True,0.0,0.0,False,2.0,2.0,L2_human_digitized,out/human_trades.csv,False
2,11,Y,insider,buyer,266.66666666666663,350.0,300.0,83.33333333333337,300.0,350.0,0.4000000000000003,1.0,0.5999999999999996,50.0,ok,False,False,335.0,334.57,-0.43,20,0.6929200000000004,0.8766400000000004,0.8148340000000001,0.6929200000000004,0.8906799999999999,0.18372,324.41,339.72,334.56950000000006,57.743333333333396,73.0533333333334,15.310000000000002,25.589999999999975,10.279999999999973,0.011938015037593973,3.382144056787631e-08,0.22682228571428548,3.382144056787608e-08,0.9948345864661648,0.34541309090909095,0.00022033363654580423,0.005886545454546102,0.5430485109298625,0.018179636363636367,0.00030981818181821576,0.7507000000000003,0.8789680000000001,0.6934600000000003,0.6961599999999999,0.7597600000000003,0.7582600000000004,0.8458600000000001,0.8768799999999999,0.8790399999999998,0.87778,0.88456,0.8765800000000001,0.69481,0.7590100000000004,0.86137,0.8784099999999999,0.8805700000000001,20.0,1.0,1.0,0.05,True,True,9.0,0.45,True,True,1.0,0.05,True,True,0.0,0.0,False,3.0,3.0,L2_human_digitized,out/human_trades.csv,False
3,1,X,none,,220.0,220.0,210.0,0.0,210.0,220.0,,,,10.0,"count_uncertain:2@240,2@230",True,False,234.0,234.061,0.061,12,,,,,,,,,,,,,,,,,,,,,,,,,,,,,,,,,,,,,,,,,,,,,,,,,,,,,,,,,,,,,,L2_human_digitized,out/human_trades.csv,False
3,2,Y,none,,220.0,220.0,210.0,0.0,210.0,220.0,,,,10.0,"count_uncertain:4@220,4@220;unmatched_band:219.5",True,False,217.0,217.039,0.039,15,,,,,,,,,,,,,,,,,,,,,,,,,,,,,,,,,,,,,,,,,,,,,,,,,,,,,,,,,,,,,,L2_human_digitized,out/human_trades.csv,False
3,3,Y,insider,seller,220.0,175.0,150.0,-45.0,150.0,175.0,1.0,1.5555555555555556,0.5555555555555556,25.0,ok,False,False,189.0,189.637,0.637,14,0.44377777777777777,1.109111111111111,0.6747460317460318,0.2222222222222222,1.2233333333333336,0.6653333333333331,200.03,170.09,189.63642857142855,-19.97,-49.91,-29.939999999999998,25.03,4.909999999999997,0.07244102564102564,2.8699712647577856e-05,0.9417333333333333,2.8699712647577856e-05,-3.2598461538461536,0.16250000000000026,0.5833869760462325,1.5332777777777777,0.009088985604267725,0.012500000000000018,0.11794444444444445,0.412952380952381,0.9365396825396826,0.44366666666666676,0.2222222222222222,0.4446666666666665,0.3881111111111112,0.5602222222222224,0.5626666666666665,0.6686666666666667,1.1024444444444448,1.220888888888889,1.1662222222222223,0.3698518518518519,0.40696296296296297,0.5614444444444444,0.8132592592592595,1.1844444444444446,4.0,0.2857142857142857,11.0,0.7857142857142857,True,True,11.0,0.7857142857142857,True,True,4.0,0.2857142857142857,True,True,4.0,0.2857142857142857,True,1.0,1.0,L2_human_digitized,out/human_trades.csv,False
3,4,X,insider,buyer,220.0,400.0,300.0,180.0,300.0,400.0,0.4444444444444444,1.0,0.5555555555555556,100.0,count_uncertain:2@350,True,False,333.0,332.888,-0.112,19,0.22355555555555562,0.9729444444444444,0.6271549707602339,0.22355555555555562,0.9729444444444444,0.7493888888888888,260.24,395.13,332.8878947368421,40.24000000000001,175.13,134.89,139.76,4.8700000000000045,0.0412017543859649,7.141595917763634e-13,0.7416315789473683,7.141595917763024e-13,7.416315789473683,0.9417878787878786,1.0255381147154888e-05,0.5478833333333334,0.00035786810620864866,0.05232154882154882,0.03043796296296296,0.4446055555555556,0.8299876543209876,0.26400000000000007,0.31908333333333333,0.4165833333333334,0.5816388888888888,0.5622777777777777,0.7211666666666667,0.7761388888888888,0.7770277777777779,0.8624444444444445,0.95875,0.2915416666666667,0.49911111111111117,0.6682037037037037,0.7765833333333333,0.9105972222222222,14.0,0.7368421052631579,6.0,0.3157894736842105,True,True,16.0,0.8421052631578947,True,True,6.0,0.3157894736842105,True,True,0.0,0.0,False,1.0,1.0,L2_human_digitized,out/human_trades.csv,False
3,5,Y,insider,seller,220.0,175.0,150.0,-45.0,150.0,175.0,1.0,1.5555555555555556,0.5555555555555556,25.0,"count_uncertain:3@150,3@160,2@165",True,False,163.0,162.747,-0.253,15,1.5575555555555556,1.1377777777777776,1.2722666666666667,1.0028888888888887,1.5575555555555556,-0.419777777777778,149.91,168.8,162.74800000000005,-70.09,-51.19999999999999,18.890000000000015,25.090000000000003,6.199999999999989,-0.016984920634920655,0.11763513938711607,-0.2377888888888892,0.11763513938711619,0.7643214285714295,-0.6671111111111115,0.2280421315383215,-0.30855555555555564,0.02248506631524568,-0.04765079365079369,-0.02203968253968254,1.3078888888888889,1.2315555555555553,1.5575555555555556,1.5575555555555556,1.004888888888889,1.1064444444444443,1.337111111111111,1.337111111111111,1.2328888888888887,1.2307777777777775,1.2257777777777776,1.1817777777777776,1.5575555555555554,1.0387407407407407,1.337111111111111,1.2314814814814812,1.1964444444444442,12.0,0.8,4.0,0.26666666666666666,True,True,1.0,0.06666666666666667,True,True,1.0,0.06666666666666667,True,True,15.0,1.0,True,2.0,2.0,L2_human_digitized,out/human_trades.csv,False
3,6,Y,insider,seller,220.0,175.0,150.0,-45.0,150.0,175.0,1.0,1.5555555555555556,0.5555555555555556,25.0,"count_uncertain:4@165,3@170",True,False,173.0,172.748,-0.252,14,0.4533333333333335,1.1195555555555554,1.050031746031746,0.4533333333333335,1.3235555555555556,0.6662222222222219,199.6,169.62,172.74857142857144,-20.400000000000006,-50.379999999999995,-29.97999999999999,24.599999999999994,5.3799999999999955,0.03818119658119656,0.009971424949275437,0.49635555555555516,0.009971424949275446,-1.718153846153845,1.697428571428571,0.002425781793644781,-0.2934285714285719,0.009281586143078578,0.13057142857142853,-0.022571428571428607,0.9344761904761905,1.1655873015873015,0.5564444444444445,0.9886666666666669,0.8893333333333335,1.162777777777778,1.224888888888889,1.224888888888889,1.224888888888889,1.1257777777777778,1.1195555555555554,1.1195555555555554,0.7005185185185187,1.0716296296296297,1.224888888888889,1.191851851851852,1.1195555555555554,10.0,0.7142857142857143,5.0,0.35714285714285715,True,True,3.0,0.21428571428571427,True,True,1.0,0.07142857142857142,True,True,10.0,0.7142857142857143,True,3.0,3.0,L2_human_digitized,out/human_trades.csv,False
3,7,X,insider,buyer,220.0,400.0,300.0,180.0,300.0,400.0,0.4444444444444444,1.0,0.5555555555555556,100.0,"count_uncertain:2@395,5@395,3@399",True,False,364.0,363.858,-0.142,19,-0.10955555555555554,0.9929444444444445,0.7992105263157897,-0.10955555555555554,0.9929444444444445,1.1025,200.28,398.73,363.85789473684207,-19.72,178.73000000000002,198.45000000000002,199.72,1.2699999999999818,0.04324074074074074,0.00010811696729726572,0.7783333333333332,0.00010811696729726652,7.783333333333333,2.0355030303030306,0.0002027765315189798,0.09015000000000005,0.0012557714879540677,0.11308350168350169,0.005008333333333335,0.6411333333333333,0.9748518518518519,0.0008888888888888696,0.5824722222222223,0.7625,0.8891388888888888,0.9706666666666668,0.9588611111111113,0.9695555555555555,0.9695555555555555,0.98125,0.9929444444444445,0.29168055555555555,0.8258194444444443,0.9627962962962965,0.9695555555555555,0.9870972222222222,17.0,0.8947368421052632,3.0,0.15789473684210525,True,True,6.0,0.3157894736842105,True,True,3.0,0.15789473684210525,True,True,0.0,0.0,False,2.0,2.0,L2_human_digitized,out/human_trades.csv,False
3,8,Y,insider,seller,220.0,175.0,150.0,-45.0,150.0,175.0,1.0,1.5555555555555556,0.5555555555555556,25.0,count_uncertain:2@165,True,False,165.0,165.197,0.197,14,1.0073333333333336,1.0888888888888888,1.217873015873016,1.0073333333333336,1.5528888888888888,0.08155555555555516,174.67,171.0,165.1957142857143,-45.33000000000001,-49.0,-3.6699999999999875,0.3300000000000125,4.0,-0.011489133089133088,0.19845874723323448,-0.14935873015873016,0.19845874723323448,0.5170109890109889,0.33046825396825424,0.4664735192213755,-0.34656349206349135,0.00086816673844725,0.025420634920634937,-0.026658730158730104,1.2705079365079364,1.165238095238095,1.108,1.3313333333333333,1.5528888888888888,1.281888888888889,1.2295555555555557,1.2264444444444444,1.225333333333333,1.1606666666666665,1.117777777777778,1.1005555555555557,1.1824444444444444,1.3722222222222225,1.2280000000000002,1.2037777777777776,1.1062962962962963,14.0,1.0,1.0,0.07142857142857142,True,True,1.0,0.07142857142857142,True,True,1.0,0.07142857142857142,True,True,14.0,1.0,True,4.0,4.0,L2_human_digitized,out/human_trades.csv,False
3,9,X,insider,buyer,220.0,400.0,300.0,180.0,300.0,400.0,0.4444444444444444,1.0,0.5555555555555556,100.0,"count_uncertain:3@395,2@397,2@394",True,False,396.0,395.478,-0.522,16,0.9444444444444444,0.9936666666666667,0.9748854166666667,0.9444444444444444,0.9936666666666667,0.04922222222222228,390.0,398.86,395.479375,170.0,178.86,8.860000000000014,10.0,1.1399999999999864,0.0015517156862745161,0.007345283446870821,0.02327573529411774,0.007345283446870821,0.2793088235294128,0.06523809523809516,0.004637818466368116,0.023581349206349075,0.32286890233097815,0.004349206349206345,0.0015720899470899382,0.9705277777777778,0.9792430555555556,0.9559166666666666,0.9694999999999999,0.9694999999999999,0.9808888888888889,0.9814999999999999,0.9901111111111113,0.9691944444444445,0.9690555555555556,0.9807222222222223,0.9874722222222223,0.9604444444444443,0.9732962962962963,0.9843703703703705,0.9691481481481482,0.9840972222222222,16.0,1.0,1.0,0.0625,True,True,1.0,0.0625,True,True,1.0,0.0625,True,True,0.0,0.0,False,3.0,3.0,L2_human_digitized,out/human_trades.csv,False
3,10,Y,insider,seller,220.0,175.0,150.0,-45.0,150.0,175.0,1.0,1.5555555555555556,0.5555555555555556,25.0,"count_uncertain:8@165,2@171",True,False,167.0,166.817,-0.183,15,1.1086666666666665,1.0524444444444447,1.1818222222222223,1.0524444444444447,1.3293333333333333,-0.05622222222222173,170.11,172.64,166.818,-49.889999999999986,-47.360000000000014,2.5299999999999727,4.889999999999986,2.3600000000000136,-0.011993650793650787,0.005817499202447544,-0.16791111111111104,0.005817499202447544,0.539714285714285,0.056555555555556344,0.6921508262570809,-0.42611111111111144,0.002353819428434224,0.004039682539682597,-0.03043650793650796,1.2264166666666667,1.1308571428571432,1.2189999999999999,1.2288888888888891,1.2288888888888891,1.2288888888888891,1.2288888888888891,1.2288888888888891,1.2288888888888891,1.1182222222222222,1.0846666666666667,1.0685555555555557,1.2222962962962962,1.2288888888888891,1.2288888888888891,1.1551111111111114,1.073925925925926,15.0,1.0,1.0,0.06666666666666667,True,True,1.0,0.06666666666666667,True,True,1.0,0.06666666666666667,True,True,15.0,1.0,True,5.0,5.0,L2_human_digitized,out/human_trades.csv,False
3,11,Y,all,seller,220.0,175.0,150.0,-45.0,150.0,175.0,1.0,1.5555555555555556,0.5555555555555556,25.0,"count_uncertain:2@170,7@170,2@172,3@171",True,False,177.0,176.448,-0.552,18,-1.7277777777777779,1.0939999999999999,0.9678641975308643,-1.7277777777777779,1.225333333333333,2.8217777777777777,297.75,170.77,176.4461111111111,77.75,-49.22999999999999,-126.97999999999999,122.75,4.22999999999999,0.043992432060543506,0.15669637950063064,0.7478713450292398,0.1566963795006305,-1.9796594427244585,3.1064037037037044,0.1515530621221079,-0.07889259259259372,0.09842204057067322,0.18272962962962966,-0.004640740740740808,0.836641975308642,1.0990864197530863,-0.25344444444444447,1.1726666666666665,1.167,1.1191111111111114,1.1191111111111114,1.1191111111111114,1.1191111111111114,1.092888888888889,1.0803333333333334,1.0939999999999999,0.459611111111111,1.151037037037037,1.1191111111111114,1.10162962962963,1.0871666666666666,17.0,0.9444444444444444,2.0,0.1111111111111111,True,True,2.0,0.1111111111111111,True,True,2.0,0.1111111111111111,True,True,17.0,0.9444444444444444,True,,,L2_human_digitized,out/human_trades.csv,False
3,12,X,all,buyer,220.0,400.0,300.0,180.0,300.0,400.0,0.4444444444444444,1.0,0.5555555555555556,100.0,"count_uncertain:2@390,10@395",True,False,395.0,393.999,-1.001,16,0.9419444444444445,0.9818333333333334,0.9666736111111112,0.9419444444444445,0.9893888888888888,0.039888888888888974,389.55,396.73,394.00125,169.55,176.73000000000002,7.180000000000007,10.449999999999989,3.269999999999982,0.0021160130718954223,0.0005186844605323421,0.03174019607843133,0.0005186844605323421,0.3808823529411759,0.06376984126984124,0.036036268995947925,0.032698412698412636,0.05318996151706873,0.004251322751322749,0.002179894179894176,0.9596527777777779,0.9736944444444444,0.9419444444444445,0.9703333333333335,0.9569166666666666,0.9697222222222223,0.9697222222222223,0.9697222222222223,0.9697222222222223,0.9697222222222223,0.9697222222222223,0.9856111111111111,0.9514074074074075,0.9611851851851853,0.9697222222222223,0.9697222222222223,0.9776666666666667,16.0,1.0,1.0,0.0625,True,True,1.0,0.0625,True,True,1.0,0.0625,True,True,0.0,0.0,False,,,L2_human_digitized,out/human_trades.csv,False
4,1,X,none,,210.0,210.0,200.0,0.0,200.0,210.0,,,,10.0,source_inconsistent,False,True,784.0,262.17,-521.83,3,,,,,,,,,,,,,,,,,,,,,,,,,,,,,,,,,,,,,,,,,,,,,,,,,,,,,,,,,,,,,,L2_human_digitized,out/human_trades.csv,False
4,2,Y,none,,210.0,210.0,200.0,0.0,200.0,210.0,,,,10.0,count_uncertain:2@201,True,False,180.0,180.304,0.304,14,,,,,,,,,,,,,,,,,,,,,,,,,,,,,,,,,,,,,,,,,,,,,,,,,,,,,,,,,,,,,,L2_human_digitized,out/human_trades.csv,False
4,3,Y,none,,210.0,210.0,200.0,0.0,200.0,210.0,,,,10.0,"count_uncertain:2@155,2@160",True,False,154.0,153.926,-0.074,16,,,,,,,,,,,,,,,,,,,,,,,,,,,,,,,,,,,,,,,,,,,,,,,,,,,,,,,,,,,,,,L2_human_digitized,out/human_trades.csv,False
4,4,X,none,,210.0,210.0,200.0,0.0,200.0,210.0,,,,10.0,count_uncertain:2@155,True,False,158.0,158.171,0.171,14,,,,,,,,,,,,,,,,,,,,,,,,,,,,,,,,,,,,,,,,,,,,,,,,,,,,,,,,,,,,,,L2_human_digitized,out/human_trades.csv,False
4,5,Y,insider,seller,210.0,175.0,150.0,-35.0,150.0,175.0,1.0,1.7142857142857142,0.7142857142857142,25.0,"count_uncertain:2@158,3@160",True,False,157.0,157.82,0.82,17,1.7094285714285717,1.4122857142857146,1.490873949579832,1.4117142857142857,1.7094285714285717,-0.29714285714285715,150.17,160.57,157.8194117647059,-59.83000000000001,-49.43000000000001,10.400000000000006,24.830000000000013,14.430000000000007,-0.014124649859943958,3.3896626491975704e-05,-0.22599439775910332,3.3896626491975704e-05,0.4943627450980388,-0.3290666666666668,0.04524225714967019,-0.15760544217687006,0.023024456889387156,-0.020566666666666674,-0.009850340136054379,1.5446666666666669,1.430357142857143,1.6314285714285717,1.5555714285714284,1.5574285714285712,1.4915714285714285,1.4294285714285715,1.5192857142857141,1.447714285714286,1.4148571428571433,1.4140000000000004,1.4120000000000001,1.5935,1.5135238095238093,1.4893333333333334,1.4367619047619051,1.4130000000000003,17.0,1.0,1.0,0.058823529411764705,True,True,1.0,0.058823529411764705,True,True,1.0,0.058823529411764705,True,True,17.0,1.0,True,1.0,1.0,L2_human_digitized,out/human_trades.csv,False
4,6,X,insider,buyer,210.0,375.0,275.0,165.0,275.0,375.0,0.3939393939393939,1.0,0.6060606060606061,100.0,count_uncertain:2@281,True,False,254.0,254.051,0.051,23,-0.24012121212121215,0.9104242424242426,0.26697496706192353,-0.24012121212121215,0.9104242424242426,1.1505454545454548,170.38,360.22,254.05086956521737,-39.620000000000005,150.22000000000003,189.84000000000003,204.62,14.779999999999973,0.038786022278117144,3.215012672956868e-07,0.8532924901185771,3.215012672956903e-07,6.399693675889328,1.7337109557109558,2.7138082849079187e-05,0.551515151515152,0.07436510850604897,0.07880504344140705,0.025068870523416005,0.08418686868686864,0.4663801652892561,-0.22006060606060607,-0.17984848484848484,-0.05860606060606062,0.429060606060606,0.42957575757575756,0.4299191919191918,0.381151515151515,0.42754545454545445,0.42933333333333334,0.5981414141414142,-0.20397575757575756,0.18522727272727268,0.42978181818181815,0.40434848484848473,0.5306181818181819,14.0,0.6086956521739131,8.0,0.34782608695652173,True,True,23.0,1.0,True,True,8.0,0.34782608695652173,True,True,0.0,0.0,False,1.0,1.0,L2_human_digitized,out/human_trades.csv,False
4,7,Y,insider,seller,210.0,175.0,150.0,-35.0,150.0,175.0,1.0,1.7142857142857142,0.7142857142857142,25.0,"source_inconsistent;count_uncertain:2@166,2@170",True,True,161.0,171.155,10.155,17,1.126285714285714,0.8325714285714282,1.1098487394957983,0.8325714285714282,1.2705714285714285,-0.2937142857142857,170.58,180.86,171.15529411764706,-39.41999999999999,-29.139999999999986,10.280000000000001,4.4199999999999875,5.860000000000014,-0.01951050420168067,0.00016681535110360033,-0.3121680672268907,0.00016681535110360033,0.6828676470588236,-0.21219047619047612,0.14082213630561674,-0.7524897959183684,0.005540362846560262,-0.013261904761904758,-0.047030612244898025,1.1776825396825397,1.0335357142857142,1.1955714285714285,1.2705714285714285,1.1362857142857146,1.1344285714285713,1.1325714285714281,1.1282857142857146,1.1242857142857146,1.124,1.0505714285714285,0.8335714285714285,1.2330714285714284,1.135047619047619,1.1297142857142857,1.1241904761904764,0.9420714285714286,14.0,0.8235294117647058,1.0,0.058823529411764705,True,False,1.0,0.058823529411764705,True,True,1.0,0.058823529411764705,True,True,14.0,0.8235294117647058,True,2.0,2.0,L2_human_digitized,out/human_trades.csv,False
4,8,Y,insider,seller,210.0,175.0,150.0,-35.0,150.0,175.0,1.0,1.7142857142857142,0.7142857142857142,25.0,"source_inconsistent;count_uncertain:2@171,3@171,2@181",True,True,164.0,174.667,10.667,10,1.1214285714285714,0.834,1.0095142857142858,0.834,1.1271428571428568,-0.2874285714285715,170.75,180.81,174.66699999999997,-39.25,-29.189999999999998,10.060000000000002,4.25,5.810000000000002,-0.040143722943722905,0.00022216139848446652,-0.3612935064935061,0.00022216139848446652,1.405030303030302,0.015428571428570416,0.05766888562243725,-0.4008857142857143,0.05609444532907906,0.0017142857142856017,-0.04454285714285714,1.1248571428571428,0.8941714285714287,1.1214285714285714,1.1214285714285714,1.1271428571428568,1.1271428571428568,1.1271428571428568,0.982857142857143,0.9831428571428571,0.8354285714285717,0.8354285714285717,0.834,1.1214285714285714,1.1271428571428568,1.055,0.9092857142857145,0.8347142857142859,5.0,0.5,1.0,0.1,True,False,1.0,0.1,True,True,1.0,0.1,True,True,5.0,0.5,True,3.0,3.0,L2_human_digitized,out/human_trades.csv,False
4,9,X,insider,buyer,210.0,375.0,275.0,165.0,275.0,375.0,0.3939393939393939,1.0,0.6060606060606061,100.0,"count_uncertain:2@301,3@311,2@321",True,False,301.0,301.615,0.615,20,0.36696969696969706,0.6996363636363636,0.5552454545454545,0.24909090909090906,0.6996363636363636,0.33266666666666656,270.55,325.44,301.6155,60.55000000000001,115.44,54.889999999999986,104.44999999999999,49.56,0.018026748689906582,1.2877936687142807e-07,0.34250822510822504,1.287793668714297e-07,2.974413533834586,0.5966942148760329,0.0023558397917540735,0.19308466483011863,9.501177911953393e-05,0.03140495867768594,0.010162350780532561,0.46966060606060606,0.6408303030303031,0.30803030303030304,0.3836969696969697,0.5513939393939393,0.5520909090909091,0.5530909090909091,0.6120303030303031,0.6127272727272729,0.6266969696969698,0.6671818181818181,0.6855151515151514,0.3458636363636364,0.5517424242424243,0.5825606060606061,0.6197121212121213,0.6763484848484848,17.0,0.85,4.0,0.2,True,True,,,False,False,4.0,0.2,True,True,0.0,0.0,False,2.0,2.0,L2_human_digitized,out/human_trades.csv,False
4,10,Y,insider,seller,210.0,175.0,150.0,-35.0,150.0,175.0,1.0,1.7142857142857142,0.7142857142857142,25.0,count_uncertain:3@165,True,False,167.0,167.517,0.517,15,1.6902857142857142,1.1217142857142854,1.213847619047619,1.1217142857142854,1.6902857142857142,-0.5685714285714287,150.84,170.74,167.5153333333333,-59.16,-39.25999999999999,19.900000000000006,24.159999999999997,4.259999999999991,-0.02716836734693878,0.0010484884735546527,-0.380357142857143,0.001048488473554651,0.9508928571428574,-0.9731904761904757,0.00305451429613541,-0.01742857142857135,0.000754644229693202,-0.06951360544217684,-0.0012448979591836676,1.291392857142857,1.1252244897959183,1.558,1.275142857142857,1.275142857142857,1.1302857142857143,1.1300000000000003,1.1295714285714284,1.1277142857142857,1.125,1.125142857142857,1.1219999999999999,1.4637142857142855,1.2268571428571426,1.1297142857142857,1.125904761904762,1.1230476190476189,15.0,1.0,1.0,0.06666666666666667,True,True,1.0,0.06666666666666667,True,True,1.0,0.06666666666666667,True,True,15.0,1.0,True,4.0,4.0,L2_human_digitized,out/human_trades.csv,False
4,11,X,insider,buyer,210.0,375.0,275.0,165.0,275.0,375.0,0.3939393939393939,1.0,0.6060606060606061,100.0,ok,False,False,323.0,323.458,0.458,20,0.43078787878787866,0.975030303030303,0.6876272727272729,0.43078787878787866,0.975030303030303,0.5442424242424244,281.08,370.88,323.45849999999996,71.07999999999998,160.88,89.80000000000001,93.92000000000002,4.1200000000000045,0.02380309865573024,1.0268964084307933e-09,0.45225887445887447,1.0268964084308082e-09,3.927511278195489,0.34515445362718117,0.0008434402898109123,0.7829744719926539,1.8562734345824485e-05,0.018166023875114803,0.04120918273645546,0.5783212121212121,0.7969333333333334,0.49084848484848476,0.565939393939394,0.5807878787878789,0.6116969696969697,0.6423333333333334,0.6724242424242426,0.6730303030303029,0.7651818181818182,0.8998181818181819,0.9742121212121213,0.5283939393939393,0.5962424242424244,0.657378787878788,0.7191060606060605,0.9370151515151516,20.0,1.0,1.0,0.05,True,True,17.0,0.85,True,True,1.0,0.05,True,True,0.0,0.0,False,3.0,3.0,L2_human_digitized,out/human_trades.csv,False
4,12,Y,insider,seller,210.0,175.0,150.0,-35.0,150.0,175.0,1.0,1.7142857142857142,0.7142857142857142,25.0,ok,False,False,171.0,171.679,0.679,18,1.1182857142857139,1.1314285714285712,1.0949206349206348,0.9862857142857145,1.1359999999999997,0.013142857142857345,170.86,170.4,171.6777777777778,-39.139999999999986,-39.599999999999994,-0.46000000000000796,4.139999999999986,4.599999999999994,0.004941176470588248,0.0622808550002584,0.08400000000000023,0.062280855000258456,-0.1729411764705887,0.18465238095238148,0.229541928962541,-0.034566666666666246,0.7303050026400808,0.010861904761904793,-0.0020333333333333093,1.0719047619047621,1.117936507936508,1.0539999999999996,0.9864285714285717,1.1281428571428571,1.1279999999999997,1.0910000000000002,1.1295714285714284,1.134,1.1348571428571428,1.0675714285714288,1.1317142857142857,1.0202142857142857,1.128095238095238,1.1102857142857143,1.1345714285714286,1.0996428571428574,15.0,0.8333333333333334,1.0,0.05555555555555555,True,True,1.0,0.05555555555555555,True,True,1.0,0.05555555555555555,True,True,15.0,0.8333333333333334,True,5.0,5.0,L2_human_digitized,out/human_trades.csv,False
4,13,X,insider,buyer,210.0,375.0,275.0,165.0,275.0,375.0,0.3939393939393939,1.0,0.6060606060606061,100.0,"count_uncertain:2@341,2@371",True,False,344.0,344.51,0.51,21,0.6082424242424244,0.9986060606060605,0.8152092352092353,0.6082424242424244,0.9986060606060605,0.39036363636363614,310.36,374.77,344.5095238095238,100.36000000000001,164.76999999999998,64.40999999999997,64.63999999999999,0.2300000000000182,0.017626052735143644,1.9190773239498598e-15,0.3525210547028728,1.9190773239503315e-15,2.9082987012987007,0.3564517906336087,5.634601644693081e-06,0.4478898071625341,3.7880213747122973e-06,0.017822589531680436,0.022394490358126712,0.7306721763085399,0.9082000000000001,0.6409696969696971,0.6877272727272727,0.7342727272727273,0.764060606060606,0.7943636363636364,0.8086363636363637,0.8244848484848484,0.8853636363636364,0.9450000000000001,0.9832121212121212,0.6643484848484849,0.7491666666666666,0.8015,0.8549242424242425,0.9679272727272726,21.0,1.0,1.0,0.047619047619047616,True,True,12.0,0.5714285714285714,True,True,1.0,0.047619047619047616,True,True,0.0,0.0,False,4.0,4.0,L2_human_digitized,out/human_trades.csv,False
4,14,Y,none,,210.0,210.0,200.0,0.0,200.0,210.0,,,,10.0,count_uncertain:3@166,True,False,159.0,159.416,0.416,13,,,,,,,,,,,,,,,,,,,,,,,,,,,,,,,,,,,,,,,,,,,,,,,,,,,,,,,,,,,,,,L2_human_digitized,out/human_trades.csv,False
5,1,Z,none,,212.5,212.5,169.5,0.0,169.5,212.5,,,,43.0,ok,False,False,165.0,164.491,-0.509,10,,,,,,,,,,,,,,,,,,,,,,,,,,,,,,,,,,,,,,,,,,,,,,,,,,,,,,,,,,,,,,L2_human_digitized,out/human_trades.csv,False
5,2,X,none,,212.5,212.5,169.5,0.0,169.5,212.5,,,,43.0,ok,False,False,172.0,172.565,0.565,17,,,,,,,,,,,,,,,,,,,,,,,,,,,,,,,,,,,,,,,,,,,,,,,,,,,,,,,,,,,,,,L2_human_digitized,out/human_trades.csv,False
5,3,Z,none,,212.5,212.5,169.5,0.0,169.5,212.5,,,,43.0,unmatched_band:175.3,False,False,175.0,175.076,0.076,18,,,,,,,,,,,,,,,,,,,,,,,,,,,,,,,,,,,,,,,,,,,,,,,,,,,,,,,,,,,,,,L2_human_digitized,out/human_trades.csv,False
5,4,X,insider,seller,212.5,180.0,155.0,-32.5,155.0,180.0,1.0,1.7692307692307692,0.7692307692307692,25.0,unmatched_band:175.4,False,False,176.0,176.237,0.237,15,0.9947692307692312,1.0920000000000003,1.1157948717948718,0.9947692307692312,1.1421538461538463,0.09723076923076912,180.17,177.01,176.23666666666668,-32.33000000000001,-35.49000000000001,-3.1599999999999966,0.1699999999999875,2.990000000000009,-0.0008098901098901184,0.7961901328612402,-0.011338461538461667,0.7961901328612402,0.026321428571428787,0.16266666666666582,0.14984625521655603,-0.21046153846153826,0.12984357466784335,0.01161904761904756,-0.015032967032967018,1.1206923076923077,1.1101978021978023,1.0675384615384618,1.1421538461538463,1.1378461538461535,1.1381538461538465,1.1359999999999997,1.1386153846153846,1.1366153846153846,1.1363076923076925,1.1319999999999997,1.0456923076923077,1.0924102564102567,1.1379487179487178,1.1377435897435895,1.1364102564102565,1.0744615384615386,13.0,0.8666666666666667,2.0,0.13333333333333333,True,True,1.0,0.06666666666666667,True,True,1.0,0.06666666666666667,True,True,13.0,0.8666666666666667,True,1.0,1.0,L2_human_digitized,out/human_trades.csv,False
5,5,X,insider,seller,212.5,180.0,155.0,-32.5,155.0,180.0,1.0,1.7692307692307692,0.7692307692307692,25.0,unmatched_band:175.7,False,False,175.0,175.588,0.588,16,1.1409230769230774,1.1319999999999997,1.1357884615384615,1.1313846153846157,1.1409230769230774,-0.0089230769230777,175.42,175.71,175.586875,-37.08000000000001,-36.78999999999999,0.29000000000002046,4.5800000000000125,4.289999999999992,-0.0004466063348416509,0.001813355925314725,-0.006699095022624761,0.0018133559253147278,0.014514705882353533,-0.01620879120879112,0.0027850079275930084,-0.011208791208790321,0.05677010416904912,-0.0010805860805860746,-0.0007472527472526881,1.1369615384615388,1.1346153846153844,1.140769230769231,1.1390769230769233,1.135692307692308,1.1350769230769227,1.1343076923076927,1.1350769230769227,1.1367692307692305,1.1369230769230765,1.1340000000000001,1.1316923076923078,1.1402051282051284,1.1354871794871795,1.1345641025641027,1.1368205128205124,1.1328461538461538,16.0,1.0,1.0,0.0625,True,True,1.0,0.0625,True,True,1.0,0.0625,True,True,16.0,1.0,True,2.0,2.0,L2_human_digitized,out/human_trades.csv,False
5,6,Y,insider,buyer,212.5,245.0,170.0,32.5,170.0,245.0,-1.3076923076923077,1.0,2.3076923076923075,75.0,ok,False,False,237.0,237.937,0.937,17,-1.1344615384615386,1.172923076923077,0.7826787330316742,-1.1344615384615386,1.1787692307692308,2.3073846153846156,175.63,250.62,237.93705882352938,-36.870000000000005,38.120000000000005,74.99000000000001,69.37,5.6200000000000045,0.061348416289592776,0.03573353276251681,0.9815746606334844,0.03573353276251681,1.993823529411765,3.1791589743589745,0.05034619446650739,0.5964542124542126,0.008065609984917814,0.1986974358974359,0.03727838827838829,0.6317948717948716,0.9524230769230769,-0.7527692307692309,1.176,0.8870769230769234,1.0281538461538458,1.0150769230769234,0.8812307692307688,0.8824615384615386,0.8818461538461537,0.9486153846153846,1.097076923076923,0.21161538461538454,0.9811282051282051,0.9258461538461537,0.8822564102564104,1.0228461538461537,10.0,0.5882352941176471,1.0,0.058823529411764705,True,False,3.0,0.17647058823529413,True,True,1.0,0.058823529411764705,True,True,7.0,0.4117647058823529,True,1.0,1.0,L2_human_digitized,out/human_trades.csv,True
5,7,Z,insider,buyer,212.5,320.0,160.0,107.5,160.0,320.0,-0.4883720930232558,1.0,1.4883720930232558,160.0,ok,False,False,206.0,207.094,1.094,20,-0.34586046511627916,0.587441860465116,-0.05029302325581397,-0.3866046511627907,0.587441860465116,0.9333023255813953,175.32,275.65,207.0935,-37.18000000000001,63.14999999999998,100.32999999999998,144.68,44.35000000000002,0.04011337646441686,8.672096820071367e-08,0.7621541528239202,8.672096820071554e-08,4.312187969924812,0.5816811839323465,0.00020977688217390262,1.5417234672304434,9.974042792455173e-05,0.030614799154334026,0.08114334038054968,-0.22484651162790703,0.12426046511627906,-0.3662325581395349,-0.27530232558139534,-0.19860465116279064,-0.17330232558139544,-0.11079069767441871,-0.10986046511627909,-0.0836744186046512,0.03288372093023265,0.21762790697674417,0.5643255813953487,-0.32076744186046513,-0.18595348837209302,-0.1103255813953489,-0.025395348837209276,0.39097674418604644,20.0,1.0,1.0,0.05,True,True,,,False,False,1.0,0.05,True,True,0.0,0.0,False,2.0,1.0,L2_human_digitized,out/human_trades.csv,True
5,8,Z,insider,buyer,212.5,320.0,160.0,107.5,160.0,320.0,-0.4883720930232558,1.0,1.4883720930232558,160.0,ok,False,False,277.0,278.402,1.402,23,0.3546046511627907,0.783813953488372,0.6130434782608695,0.353860465116279,0.7839069767441859,0.4292093023255813,250.62,296.76,278.4021739130435,38.120000000000005,84.25999999999999,46.139999999999986,69.38,23.24000000000001,0.02174823053589484,1.1135838589834997e-12,0.4784610717896866,1.1135838589834757e-12,2.337934782608695,0.7185259391771021,5.82348827858854e-07,0.2335069767441859,2.2364386358028945e-05,0.03266026996259555,0.010613953488372088,0.49586046511627907,0.7408794926004227,0.3543565891472868,0.40083720930232564,0.4957209302325581,0.5925116279069766,0.6357209302325582,0.6687751937984497,0.7284651162790698,0.7304186046511626,0.756139534883721,0.7836589147286821,0.3729488372093023,0.5441162790697675,0.655553488372093,0.7294418604651163,0.7726511627906977,23.0,1.0,1.0,0.043478260869565216,True,True,,,False,False,1.0,0.043478260869565216,True,True,0.0,0.0,False,3.0,2.0,L2_human_digitized,out/human_trades.csv,True
5,9,Y,insider,buyer,212.5,245.0,170.0,32.5,170.0,245.0,-1.3076923076923077,1.0,2.3076923076923075,75.0,ok,False,False,240.0,241.224,1.224,21,0.8827692307692308,0.8898461538461535,0.8838095238095239,0.7276923076923079,1.1830769230769227,0.007076923076922759,241.19,241.42,241.2238095238095,28.689999999999998,28.919999999999987,0.22999999999998977,3.8100000000000023,3.5800000000000125,-0.0059788211788211814,0.16224795849007043,-0.11957642357642366,0.1622479584900704,-0.1943116883116884,-0.5301258741258742,0.05441589866656856,0.3166806526806518,0.01841127912742121,-0.02650629370629371,0.01583403263403259,0.9097342657342657,0.8552923076923078,0.8846153846153846,1.1829230769230767,0.8847692307692311,0.8824615384615382,0.8049230769230769,0.7278461538461538,0.8061538461538462,0.8852307692307696,0.886923076923077,0.8894358974358972,1.0337692307692308,0.8836153846153847,0.7663846153846153,0.845692307692308,0.888430769230769,19.0,0.9047619047619048,1.0,0.047619047619047616,True,True,1.0,0.047619047619047616,True,True,1.0,0.047619047619047616,True,True,2.0,0.09523809523809523,True,4.0,2.0,L2_human_digitized,out/human_trades.csv,True
5,10,Y,insider,buyer,212.5,245.0,170.0,32.5,170.0,245.0,-1.3076923076923077,1.0,2.3076923076923075,75.0,unmatched_band:241.2,False,False,240.0,241.23,1.23,20,0.8839999999999997,0.8824615384615386,0.884,0.8806153846153848,0.8870769230769234,-0.0015384615384610445,241.23,241.18,241.23000000000002,28.72999999999999,28.680000000000007,-0.04999999999998295,3.7700000000000102,3.819999999999993,-7.773279352225647e-05,0.34766924814951616,-0.0014769230769228726,0.34766924814951616,-0.0025263157894733312,-0.00251561771561668,0.5547525370403167,0.005491841491841595,0.24273285344761297,-0.0001324009324008779,0.0002890442890442945,0.884646153846154,0.8833538461538462,0.8844615384615382,0.8841538461538461,0.8870769230769234,0.8846153846153846,0.8829230769230771,0.8807692307692307,0.8840000000000001,0.8830769230769231,0.8864615384615385,0.8824615384615386,0.8843076923076921,0.885846153846154,0.881846153846154,0.8835384615384616,0.8844615384615386,20.0,1.0,1.0,0.05,True,True,1.0,0.05,True,True,1.0,0.05,True,True,0.0,0.0,False,5.0,3.0,L2_human_digitized,out/human_trades.csv,True
5,11,X,insider,seller,212.5,180.0,155.0,-32.5,155.0,180.0,1.0,1.7692307692307692,0.7692307692307692,25.0,unmatched_band:176.0,False,False,180.0,181.19,1.19,18,0.04523076923076919,1.0929230769230773,0.9633846153846155,0.04523076923076919,1.1326153846153846,1.0476923076923081,211.03,176.98,181.19000000000003,-1.4699999999999989,-35.52000000000001,-34.05000000000001,31.03,3.0200000000000102,0.045787409700722426,0.004002734113111131,0.7783859649122812,0.004002734113111131,-1.4880908152734784,2.5905384615384626,0.004703813595347617,-0.03827179487179363,0.17690106510013398,0.15238461538461545,-0.0022512820512819776,0.8007179487179487,1.126051282051282,0.04584615384615369,0.7373846153846151,1.1264615384615384,1.1276923076923078,1.1296923076923078,1.1287692307692305,1.1313846153846157,1.129692307692308,1.1313846153846152,1.1116923076923082,0.39161538461538437,1.1268717948717948,1.129230769230769,1.1302564102564105,1.1215384615384616,15.0,0.8333333333333334,4.0,0.2222222222222222,True,True,4.0,0.2222222222222222,True,True,3.0,0.16666666666666666,True,True,15.0,0.8333333333333334,True,3.0,3.0,L2_human_digitized,out/human_trades.csv,False
5,12,Y,insider,buyer,212.5,245.0,170.0,32.5,170.0,245.0,-1.3076923076923077,1.0,2.3076923076923075,75.0,unmatched_band:241.3,False,False,240.0,241.215,1.215,18,0.8824615384615386,0.8855384615384616,0.8835213675213675,0.8784615384615388,0.9196923076923073,0.003076923076922977,241.18,241.28,241.21444444444444,28.680000000000007,28.78,0.09999999999999432,3.819999999999993,3.719999999999999,0.00037342224339130173,0.3938654903092944,0.0063481781376521305,0.3938654903092944,0.012136222910217207,0.0047948717948725515,0.332586720247109,-0.002179487179487068,0.9451539466992233,0.0002820512820513266,-0.0001282051282051222,0.8814017094017094,0.8856410256410258,0.8812307692307693,0.8812307692307688,0.8799999999999999,0.8787692307692309,0.8844615384615386,0.8804615384615387,0.8812307692307688,0.8990769230769231,0.8796923076923078,0.8855384615384616,0.881230769230769,0.8795897435897436,0.8824615384615386,0.893128205128205,0.8826153846153847,18.0,1.0,1.0,0.05555555555555555,True,True,1.0,0.05555555555555555,True,True,1.0,0.05555555555555555,True,True,0.0,0.0,False,6.0,4.0,L2_human_digitized,out/human_trades.csv,True
5,13,Z,insider,buyer,212.5,320.0,160.0,107.5,160.0,320.0,-0.4883720930232558,1.0,1.4883720930232558,160.0,ok,False,False,296.0,296.813,0.813,16,0.6865116279069768,0.9633488372093023,0.7843023255813955,0.6859534883720931,0.9633488372093023,0.27683720930232547,286.3,316.06,296.8125,73.80000000000001,103.56,29.75999999999999,33.69999999999999,3.9399999999999977,0.01545061559507523,3.2204476638133e-06,0.23175923392612846,3.2204476638132824e-06,1.6609411764705873,0.19568106312292385,0.0007932751334143873,0.4748837209302323,0.0009261053170578028,0.013045404208194925,0.03165891472868215,0.7315581395348838,0.837046511627907,0.686232558139535,0.7306976744186048,0.7313953488372094,0.732372093023256,0.7770697674418607,0.7355348837209301,0.778325581395349,0.8260465116279071,0.8266046511627906,0.9624651162790698,0.7010542635658915,0.7317209302325582,0.7632248062015505,0.7942325581395351,0.8945348837209302,16.0,1.0,1.0,0.0625,True,True,12.0,0.75,True,True,1.0,0.0625,True,True,0.0,0.0,False,7.0,3.0,L2_human_digitized,out/human_trades.csv,True
