market,period,trade_index,n_trades_in_period,price,state,info,vbar,re_price,pi_price,side,D,separating,period_mean_digitized,period_mean_printed,mean_residual,dot_quality_flag,_k,vb,sp,sd,flg,cu,Dc,u,buy,pid
3,3,1,14,200.03,Y,insider,220.0,175.0,220.0,seller,0.44372,True,189.637,189.0,0.637,ok,"(3, 3)",220.0,-45.0,seller,False,False,0.44377777777777777,0.0,0.0,303
3,3,2,14,200.04,Y,insider,220.0,175.0,220.0,seller,0.44356,True,189.637,189.0,0.637,ok,"(3, 3)",220.0,-45.0,seller,False,False,0.44355555555555576,0.07692307692307693,0.0,303
3,3,3,14,210.0,Y,insider,220.0,175.0,220.0,seller,0.22219,True,189.637,189.0,0.637,ok,"(3, 3)",220.0,-45.0,seller,False,False,0.2222222222222222,0.15384615384615385,0.0,303
3,3,4,14,199.99,Y,insider,220.0,175.0,220.0,seller,0.4446,True,189.637,189.0,0.637,ok,"(3, 3)",220.0,-45.0,seller,False,False,0.4446666666666665,0.23076923076923078,0.0,303
3,3,5,14,200.09,Y,insider,220.0,175.0,220.0,seller,0.44248,True,189.637,189.0,0.637,ok,"(3, 3)",220.0,-45.0,seller,False,False,0.44244444444444436,0.3076923076923077,0.0,303
3,3,6,14,204.98,Y,insider,220.0,175.0,220.0,seller,0.33377,True,189.637,189.0,0.637,ok,"(3, 3)",220.0,-45.0,seller,False,False,0.333777777777778,0.38461538461538464,0.0,303
3,3,7,14,194.79,Y,insider,220.0,175.0,220.0,seller,0.56024,True,189.637,189.0,0.637,ok,"(3, 3)",220.0,-45.0,seller,False,False,0.5602222222222224,0.46153846153846156,0.0,303
3,3,8,14,194.68,Y,insider,220.0,175.0,220.0,seller,0.56258,True,189.637,189.0,0.637,ok,"(3, 3)",220.0,-45.0,seller,False,False,0.5626666666666665,0.5384615384615384,0.0,303
3,3,9,14,189.98,Y,insider,220.0,175.0,220.0,seller,0.66713,True,189.637,189.0,0.637,ok,"(3, 3)",220.0,-45.0,seller,False,False,0.6671111111111113,0.6153846153846154,0.0,303
3,3,10,14,189.84,Y,insider,220.0,175.0,220.0,seller,0.67013,True,189.637,189.0,0.637,ok,"(3, 3)",220.0,-45.0,seller,False,False,0.6702222222222222,0.6923076923076923,0.0,303
3,3,11,14,170.39,Y,insider,220.0,175.0,220.0,seller,1.10247,True,189.637,189.0,0.637,ok,"(3, 3)",220.0,-45.0,seller,False,False,1.1024444444444448,0.7692307692307693,0.0,303
3,3,12,14,165.06,Y,insider,220.0,175.0,220.0,seller,1.22092,True,189.637,189.0,0.637,ok,"(3, 3)",220.0,-45.0,seller,False,False,1.220888888888889,0.8461538461538461,0.0,303
3,3,13,14,164.95,Y,insider,220.0,175.0,220.0,seller,1.22333,True,189.637,189.0,0.637,ok,"(3, 3)",220.0,-45.0,seller,False,False,1.2233333333333336,0.9230769230769231,0.0,303
3,3,14,14,170.09,Y,insider,220.0,175.0,220.0,seller,1.10909,True,189.637,189.0,0.637,ok,"(3, 3)",220.0,-45.0,seller,False,False,1.109111111111111,1.0,0.0,303
3,4,1,19,260.24,X,insider,220.0,400.0,400.0,buyer,0.22353,False,332.888,333.0,-0.112,count_uncertain:2@350,"(3, 4)",220.0,180.0,buyer,False,True,0.22355555555555562,0.0,1.0,304
3,4,2,19,274.8,X,insider,220.0,400.0,400.0,buyer,0.30444,False,332.888,333.0,-0.112,count_uncertain:2@350,"(3, 4)",220.0,180.0,buyer,False,True,0.3044444444444445,0.05555555555555555,1.0,304
3,4,3,19,274.83,X,insider,220.0,400.0,400.0,buyer,0.30463,False,332.888,333.0,-0.112,count_uncertain:2@350,"(3, 4)",220.0,180.0,buyer,False,True,0.304611111111111,0.1111111111111111,1.0,304
3,4,4,19,280.04,X,insider,220.0,400.0,400.0,buyer,0.33356,False,332.888,333.0,-0.112,count_uncertain:2@350,"(3, 4)",220.0,180.0,buyer,False,True,0.33355555555555566,0.16666666666666666,1.0,304
3,4,5,19,289.85,X,insider,220.0,400.0,400.0,buyer,0.38803,False,332.888,333.0,-0.112,count_uncertain:2@350,"(3, 4)",220.0,180.0,buyer,False,True,0.3880555555555557,0.2222222222222222,1.0,304
3,4,6,19,300.12,X,insider,220.0,400.0,400.0,buyer,0.44512,False,332.888,333.0,-0.112,count_uncertain:2@350,"(3, 4)",220.0,180.0,buyer,False,True,0.4451111111111111,0.2777777777777778,1.0,304
3,4,7,19,310.0,X,insider,220.0,400.0,400.0,buyer,0.50002,False,332.888,333.0,-0.112,count_uncertain:2@350,"(3, 4)",220.0,180.0,buyer,False,True,0.5,0.3333333333333333,1.0,304
3,4,8,19,339.39,X,insider,220.0,400.0,400.0,buyer,0.6633,False,332.888,333.0,-0.112,count_uncertain:2@350,"(3, 4)",220.0,180.0,buyer,False,True,0.6632777777777777,0.3888888888888889,1.0,304
3,4,9,19,321.21,X,insider,220.0,400.0,400.0,buyer,0.5623,False,332.888,333.0,-0.112,count_uncertain:2@350,"(3, 4)",220.0,180.0,buyer,False,True,0.5622777777777777,0.4444444444444444,1.0,304
3,4,10,19,349.81,X,insider,220.0,400.0,400.0,buyer,0.72116,False,332.888,333.0,-0.112,count_uncertain:2@350,"(3, 4)",220.0,180.0,buyer,False,True,0.7211666666666667,0.5,1.0,304
3,4,11,19,349.81,X,insider,220.0,400.0,400.0,buyer,0.72116,False,332.888,333.0,-0.112,count_uncertain:2@350,"(3, 4)",220.0,180.0,buyer,False,True,0.7211666666666667,0.5555555555555556,1.0,304
3,4,12,19,359.63,X,insider,220.0,400.0,400.0,buyer,0.77572,False,332.888,333.0,-0.112,count_uncertain:2@350,"(3, 4)",220.0,180.0,buyer,False,True,0.7757222222222222,0.6111111111111112,1.0,304
3,4,13,19,359.78,X,insider,220.0,400.0,400.0,buyer,0.77653,False,332.888,333.0,-0.112,count_uncertain:2@350,"(3, 4)",220.0,180.0,buyer,False,True,0.7765555555555554,0.6666666666666666,1.0,304
3,4,14,19,359.81,X,insider,220.0,400.0,400.0,buyer,0.7767,False,332.888,333.0,-0.112,count_uncertain:2@350,"(3, 4)",220.0,180.0,buyer,False,True,0.7767222222222222,0.7222222222222222,1.0,304
3,4,15,19,359.92,X,insider,220.0,400.0,400.0,buyer,0.77733,False,332.888,333.0,-0.112,count_uncertain:2@350,"(3, 4)",220.0,180.0,buyer,False,True,0.7773333333333334,0.7777777777777778,1.0,304
3,4,16,19,365.31,X,insider,220.0,400.0,400.0,buyer,0.8073,False,332.888,333.0,-0.112,count_uncertain:2@350,"(3, 4)",220.0,180.0,buyer,False,True,0.8072777777777778,0.8333333333333334,1.0,304
3,4,17,19,385.17,X,insider,220.0,400.0,400.0,buyer,0.9176,False,332.888,333.0,-0.112,count_uncertain:2@350,"(3, 4)",220.0,180.0,buyer,False,True,0.9176111111111112,0.8888888888888888,1.0,304
3,4,18,19,390.02,X,insider,220.0,400.0,400.0,buyer,0.94457,False,332.888,333.0,-0.112,count_uncertain:2@350,"(3, 4)",220.0,180.0,buyer,False,True,0.9445555555555555,0.9444444444444444,1.0,304
3,4,19,19,395.13,X,insider,220.0,400.0,400.0,buyer,0.97295,False,332.888,333.0,-0.112,count_uncertain:2@350,"(3, 4)",220.0,180.0,buyer,False,True,0.9729444444444444,1.0,1.0,304
3,5,1,15,149.91,Y,insider,220.0,175.0,220.0,seller,1.55751,True,162.747,163.0,-0.253,"count_uncertain:3@150,3@160,2@165","(3, 5)",220.0,-45.0,seller,False,True,1.5575555555555556,0.0,0.0,305
3,5,2,15,149.91,Y,insider,220.0,175.0,220.0,seller,1.55751,True,162.747,163.0,-0.253,"count_uncertain:3@150,3@160,2@165","(3, 5)",220.0,-45.0,seller,False,True,1.5575555555555556,0.07142857142857142,0.0,305
3,5,3,15,149.91,Y,insider,220.0,175.0,220.0,seller,1.55751,True,162.747,163.0,-0.253,"count_uncertain:3@150,3@160,2@165","(3, 5)",220.0,-45.0,seller,False,True,1.5575555555555556,0.14285714285714285,0.0,305
3,5,4,15,174.69,Y,insider,220.0,175.0,220.0,seller,1.00694,True,162.747,163.0,-0.253,"count_uncertain:3@150,3@160,2@165","(3, 5)",220.0,-45.0,seller,False,True,1.006888888888889,0.21428571428571427,0.0,305
3,5,5,15,174.87,Y,insider,220.0,175.0,220.0,seller,1.00282,True,162.747,163.0,-0.253,"count_uncertain:3@150,3@160,2@165","(3, 5)",220.0,-45.0,seller,False,True,1.0028888888888887,0.2857142857142857,0.0,305
3,5,6,15,170.21,Y,insider,220.0,175.0,220.0,seller,1.10654,True,162.747,163.0,-0.253,"count_uncertain:3@150,3@160,2@165","(3, 5)",220.0,-45.0,seller,False,True,1.1064444444444443,0.35714285714285715,0.0,305
3,5,7,15,159.83,Y,insider,220.0,175.0,220.0,seller,1.33721,True,162.747,163.0,-0.253,"count_uncertain:3@150,3@160,2@165","(3, 5)",220.0,-45.0,seller,False,True,1.337111111111111,0.42857142857142855,0.0,305
3,5,8,15,159.83,Y,insider,220.0,175.0,220.0,seller,1.33721,True,162.747,163.0,-0.253,"count_uncertain:3@150,3@160,2@165","(3, 5)",220.0,-45.0,seller,False,True,1.337111111111111,0.5,0.0,305
3,5,9,15,159.83,Y,insider,220.0,175.0,220.0,seller,1.33721,True,162.747,163.0,-0.253,"count_uncertain:3@150,3@160,2@165","(3, 5)",220.0,-45.0,seller,False,True,1.337111111111111,0.5714285714285714,0.0,305
3,5,10,15,164.52,Y,insider,220.0,175.0,220.0,seller,1.23299,True,162.747,163.0,-0.253,"count_uncertain:3@150,3@160,2@165","(3, 5)",220.0,-45.0,seller,False,True,1.2328888888888887,0.6428571428571429,0.0,305
3,5,11,15,164.62,Y,insider,220.0,175.0,220.0,seller,1.23064,True,162.747,163.0,-0.253,"count_uncertain:3@150,3@160,2@165","(3, 5)",220.0,-45.0,seller,False,True,1.2306666666666666,0.7142857142857143,0.0,305
3,5,12,15,164.61,Y,insider,220.0,175.0,220.0,seller,1.23085,True,162.747,163.0,-0.253,"count_uncertain:3@150,3@160,2@165","(3, 5)",220.0,-45.0,seller,False,True,1.2308888888888885,0.7857142857142857,0.0,305
3,5,13,15,164.84,Y,insider,220.0,175.0,220.0,seller,1.22581,True,162.747,163.0,-0.253,"count_uncertain:3@150,3@160,2@165","(3, 5)",220.0,-45.0,seller,False,True,1.2257777777777776,0.8571428571428571,0.0,305
3,5,14,15,164.84,Y,insider,220.0,175.0,220.0,seller,1.22581,True,162.747,163.0,-0.253,"count_uncertain:3@150,3@160,2@165","(3, 5)",220.0,-45.0,seller,False,True,1.2257777777777776,0.9285714285714286,0.0,305
3,5,15,15,168.8,Y,insider,220.0,175.0,220.0,seller,1.13783,True,162.747,163.0,-0.253,"count_uncertain:3@150,3@160,2@165","(3, 5)",220.0,-45.0,seller,False,True,1.1377777777777776,1.0,0.0,305
3,6,1,14,199.6,Y,insider,220.0,175.0,220.0,seller,0.45333,True,172.748,173.0,-0.252,"count_uncertain:4@165,3@170","(3, 6)",220.0,-45.0,seller,False,True,0.4533333333333335,0.0,0.0,306
3,6,2,14,190.32,Y,insider,220.0,175.0,220.0,seller,0.65945,True,172.748,173.0,-0.252,"count_uncertain:4@165,3@170","(3, 6)",220.0,-45.0,seller,False,True,0.6595555555555557,0.07692307692307693,0.0,306
3,6,3,14,175.51,Y,insider,220.0,175.0,220.0,seller,0.98862,True,172.748,173.0,-0.252,"count_uncertain:4@165,3@170","(3, 6)",220.0,-45.0,seller,False,True,0.9886666666666669,0.15384615384615385,0.0,306
3,6,4,14,179.98,Y,insider,220.0,175.0,220.0,seller,0.88943,True,172.748,173.0,-0.252,"count_uncertain:4@165,3@170","(3, 6)",220.0,-45.0,seller,False,True,0.8893333333333335,0.23076923076923078,0.0,306
3,6,5,14,174.91,Y,insider,220.0,175.0,220.0,seller,1.00209,True,172.748,173.0,-0.252,"count_uncertain:4@165,3@170","(3, 6)",220.0,-45.0,seller,False,True,1.002,0.3076923076923077,0.0,306
3,6,6,14,160.44,Y,insider,220.0,175.0,220.0,seller,1.32356,True,172.748,173.0,-0.252,"count_uncertain:4@165,3@170","(3, 6)",220.0,-45.0,seller,False,True,1.3235555555555556,0.38461538461538464,0.0,306
3,6,7,14,164.88,Y,insider,220.0,175.0,220.0,seller,1.22487,True,172.748,173.0,-0.252,"count_uncertain:4@165,3@170","(3, 6)",220.0,-45.0,seller,False,True,1.224888888888889,0.46153846153846156,0.0,306
3,6,8,14,164.88,Y,insider,220.0,175.0,220.0,seller,1.22487,True,172.748,173.0,-0.252,"count_uncertain:4@165,3@170","(3, 6)",220.0,-45.0,seller,False,True,1.224888888888889,0.5384615384615384,0.0,306
3,6,9,14,164.88,Y,insider,220.0,175.0,220.0,seller,1.22487,True,172.748,173.0,-0.252,"count_uncertain:4@165,3@170","(3, 6)",220.0,-45.0,seller,False,True,1.224888888888889,0.6153846153846154,0.0,306
3,6,10,14,164.88,Y,insider,220.0,175.0,220.0,seller,1.22487,True,172.748,173.0,-0.252,"count_uncertain:4@165,3@170","(3, 6)",220.0,-45.0,seller,False,True,1.224888888888889,0.6923076923076923,0.0,306
3,6,11,14,169.34,Y,insider,220.0,175.0,220.0,seller,1.12582,True,172.748,173.0,-0.252,"count_uncertain:4@165,3@170","(3, 6)",220.0,-45.0,seller,False,True,1.1257777777777778,0.7692307692307693,0.0,306
3,6,12,14,169.62,Y,insider,220.0,175.0,220.0,seller,1.11962,True,172.748,173.0,-0.252,"count_uncertain:4@165,3@170","(3, 6)",220.0,-45.0,seller,False,True,1.1195555555555554,0.8461538461538461,0.0,306
3,6,13,14,169.62,Y,insider,220.0,175.0,220.0,seller,1.11962,True,172.748,173.0,-0.252,"count_uncertain:4@165,3@170","(3, 6)",220.0,-45.0,seller,False,True,1.1195555555555554,0.9230769230769231,0.0,306
3,6,14,14,169.62,Y,insider,220.0,175.0,220.0,seller,1.11962,True,172.748,173.0,-0.252,"count_uncertain:4@165,3@170","(3, 6)",220.0,-45.0,seller,False,True,1.1195555555555554,1.0,0.0,306
3,7,1,19,200.28,X,insider,220.0,400.0,400.0,buyer,-0.10954,False,363.858,364.0,-0.142,"count_uncertain:2@395,5@395,3@399","(3, 7)",220.0,180.0,buyer,False,True,-0.10955555555555554,0.0,1.0,307
3,7,2,19,240.04,X,insider,220.0,400.0,400.0,buyer,0.11135,False,363.858,364.0,-0.142,"count_uncertain:2@395,5@395,3@399","(3, 7)",220.0,180.0,buyer,False,True,0.11133333333333328,0.05555555555555555,1.0,307
3,7,3,19,310.03,X,insider,220.0,400.0,400.0,buyer,0.50016,False,363.858,364.0,-0.142,"count_uncertain:2@395,5@395,3@399","(3, 7)",220.0,180.0,buyer,False,True,0.5001666666666665,0.1111111111111111,1.0,307
3,7,4,19,339.66,X,insider,220.0,400.0,400.0,buyer,0.6648,False,363.858,364.0,-0.142,"count_uncertain:2@395,5@395,3@399","(3, 7)",220.0,180.0,buyer,False,True,0.6647777777777779,0.16666666666666666,1.0,307
3,7,5,19,339.71,X,insider,220.0,400.0,400.0,buyer,0.66506,False,363.858,364.0,-0.142,"count_uncertain:2@395,5@395,3@399","(3, 7)",220.0,180.0,buyer,False,True,0.6650555555555554,0.2222222222222222,1.0,307
3,7,6,19,374.79,X,insider,220.0,400.0,400.0,buyer,0.85992,False,363.858,364.0,-0.142,"count_uncertain:2@395,5@395,3@399","(3, 7)",220.0,180.0,buyer,False,True,0.8599444444444445,0.2777777777777778,1.0,307
3,7,7,19,370.27,X,insider,220.0,400.0,400.0,buyer,0.83484,False,363.858,364.0,-0.142,"count_uncertain:2@395,5@395,3@399","(3, 7)",220.0,180.0,buyer,False,True,0.8348333333333332,0.3333333333333333,1.0,307
3,7,8,19,389.82,X,insider,220.0,400.0,400.0,buyer,0.94342,False,363.858,364.0,-0.142,"count_uncertain:2@395,5@395,3@399","(3, 7)",220.0,180.0,buyer,False,True,0.9434444444444444,0.3888888888888889,1.0,307
3,7,9,19,394.72,X,insider,220.0,400.0,400.0,buyer,0.97067,False,363.858,364.0,-0.142,"count_uncertain:2@395,5@395,3@399","(3, 7)",220.0,180.0,buyer,False,True,0.9706666666666668,0.4444444444444444,1.0,307
3,7,10,19,394.72,X,insider,220.0,400.0,400.0,buyer,0.97067,False,363.858,364.0,-0.142,"count_uncertain:2@395,5@395,3@399","(3, 7)",220.0,180.0,buyer,False,True,0.9706666666666668,0.5,1.0,307
3,7,11,19,390.47,X,insider,220.0,400.0,400.0,buyer,0.94705,False,363.858,364.0,-0.142,"count_uncertain:2@395,5@395,3@399","(3, 7)",220.0,180.0,buyer,False,True,0.9470555555555558,0.5555555555555556,1.0,307
3,7,12,19,394.52,X,insider,220.0,400.0,400.0,buyer,0.96957,False,363.858,364.0,-0.142,"count_uncertain:2@395,5@395,3@399","(3, 7)",220.0,180.0,buyer,False,True,0.9695555555555555,0.6111111111111112,1.0,307
3,7,13,19,394.52,X,insider,220.0,400.0,400.0,buyer,0.96957,False,363.858,364.0,-0.142,"count_uncertain:2@395,5@395,3@399","(3, 7)",220.0,180.0,buyer,False,True,0.9695555555555555,0.6666666666666666,1.0,307
3,7,14,19,394.52,X,insider,220.0,400.0,400.0,buyer,0.96957,False,363.858,364.0,-0.142,"count_uncertain:2@395,5@395,3@399","(3, 7)",220.0,180.0,buyer,False,True,0.9695555555555555,0.7222222222222222,1.0,307
3,7,15,19,394.52,X,insider,220.0,400.0,400.0,buyer,0.96957,False,363.858,364.0,-0.142,"count_uncertain:2@395,5@395,3@399","(3, 7)",220.0,180.0,buyer,False,True,0.9695555555555555,0.7777777777777778,1.0,307
3,7,16,19,394.52,X,insider,220.0,400.0,400.0,buyer,0.96957,False,363.858,364.0,-0.142,"count_uncertain:2@395,5@395,3@399","(3, 7)",220.0,180.0,buyer,False,True,0.9695555555555555,0.8333333333333334,1.0,307
3,7,17,19,398.73,X,insider,220.0,400.0,400.0,buyer,0.99293,False,363.858,364.0,-0.142,"count_uncertain:2@395,5@395,3@399","(3, 7)",220.0,180.0,buyer,False,True,0.9929444444444445,0.8888888888888888,1.0,307
3,7,18,19,398.73,X,insider,220.0,400.0,400.0,buyer,0.99293,False,363.858,364.0,-0.142,"count_uncertain:2@395,5@395,3@399","(3, 7)",220.0,180.0,buyer,False,True,0.9929444444444445,0.9444444444444444,1.0,307
3,7,19,19,398.73,X,insider,220.0,400.0,400.0,buyer,0.99293,False,363.858,364.0,-0.142,"count_uncertain:2@395,5@395,3@399","(3, 7)",220.0,180.0,buyer,False,True,0.9929444444444445,1.0,1.0,307
3,8,1,14,174.67,Y,insider,220.0,175.0,220.0,seller,1.00732,True,165.197,165.0,0.197,count_uncertain:2@165,"(3, 8)",220.0,-45.0,seller,False,True,1.0073333333333336,0.0,0.0,308
3,8,2,14,165.61,Y,insider,220.0,175.0,220.0,seller,1.20859,True,165.197,165.0,0.197,count_uncertain:2@165,"(3, 8)",220.0,-45.0,seller,False,True,1.2086666666666663,0.07692307692307693,0.0,308
3,8,3,14,160.09,Y,insider,220.0,175.0,220.0,seller,1.33128,True,165.197,165.0,0.197,count_uncertain:2@165,"(3, 8)",220.0,-45.0,seller,False,True,1.3313333333333333,0.15384615384615385,0.0,308
3,8,4,14,150.12,Y,insider,220.0,175.0,220.0,seller,1.55289,True,165.197,165.0,0.197,count_uncertain:2@165,"(3, 8)",220.0,-45.0,seller,False,True,1.5528888888888888,0.23076923076923078,0.0,308
3,8,5,14,159.98,Y,insider,220.0,175.0,220.0,seller,1.33371,True,165.197,165.0,0.197,count_uncertain:2@165,"(3, 8)",220.0,-45.0,seller,False,True,1.333777777777778,0.3076923076923077,0.0,308
3,8,6,14,164.65,Y,insider,220.0,175.0,220.0,seller,1.23009,True,165.197,165.0,0.197,count_uncertain:2@165,"(3, 8)",220.0,-45.0,seller,False,True,1.23,0.38461538461538464,0.0,308
3,8,7,14,164.67,Y,insider,220.0,175.0,220.0,seller,1.22966,True,165.197,165.0,0.197,count_uncertain:2@165,"(3, 8)",220.0,-45.0,seller,False,True,1.2295555555555557,0.46153846153846156,0.0,308
3,8,8,14,164.81,Y,insider,220.0,175.0,220.0,seller,1.22637,True,165.197,165.0,0.197,count_uncertain:2@165,"(3, 8)",220.0,-45.0,seller,False,True,1.2264444444444444,0.5384615384615384,0.0,308
3,8,9,14,164.86,Y,insider,220.0,175.0,220.0,seller,1.22523,True,165.197,165.0,0.197,count_uncertain:2@165,"(3, 8)",220.0,-45.0,seller,False,True,1.225333333333333,0.6153846153846154,0.0,308
3,8,10,14,164.86,Y,insider,220.0,175.0,220.0,seller,1.22523,True,165.197,165.0,0.197,count_uncertain:2@165,"(3, 8)",220.0,-45.0,seller,False,True,1.225333333333333,0.6923076923076923,0.0,308
3,8,11,14,167.77,Y,insider,220.0,175.0,220.0,seller,1.16059,True,165.197,165.0,0.197,count_uncertain:2@165,"(3, 8)",220.0,-45.0,seller,False,True,1.1606666666666665,0.7692307692307693,0.0,308
3,8,12,14,169.7,Y,insider,220.0,175.0,220.0,seller,1.11774,True,165.197,165.0,0.197,count_uncertain:2@165,"(3, 8)",220.0,-45.0,seller,False,True,1.117777777777778,0.8461538461538461,0.0,308
3,8,13,14,169.95,Y,insider,220.0,175.0,220.0,seller,1.11215,True,165.197,165.0,0.197,count_uncertain:2@165,"(3, 8)",220.0,-45.0,seller,False,True,1.1122222222222224,0.9230769230769231,0.0,308
3,8,14,14,171.0,Y,insider,220.0,175.0,220.0,seller,1.0889,True,165.197,165.0,0.197,count_uncertain:2@165,"(3, 8)",220.0,-45.0,seller,False,True,1.0888888888888888,1.0,0.0,308
3,9,1,16,390.0,X,insider,220.0,400.0,400.0,buyer,0.94444,False,395.478,396.0,-0.522,"count_uncertain:3@395,2@397,2@394","(3, 9)",220.0,180.0,buyer,False,True,0.9444444444444444,0.0,1.0,309
3,9,2,16,394.13,X,insider,220.0,400.0,400.0,buyer,0.96739,False,395.478,396.0,-0.522,"count_uncertain:3@395,2@397,2@394","(3, 9)",220.0,180.0,buyer,False,True,0.9673888888888889,0.06666666666666667,1.0,309
3,9,3,16,394.51,X,insider,220.0,400.0,400.0,buyer,0.96948,False,395.478,396.0,-0.522,"count_uncertain:3@395,2@397,2@394","(3, 9)",220.0,180.0,buyer,False,True,0.9694999999999999,0.13333333333333333,1.0,309
3,9,4,16,394.51,X,insider,220.0,400.0,400.0,buyer,0.96948,False,395.478,396.0,-0.522,"count_uncertain:3@395,2@397,2@394","(3, 9)",220.0,180.0,buyer,False,True,0.9694999999999999,0.2,1.0,309
3,9,5,16,394.51,X,insider,220.0,400.0,400.0,buyer,0.96948,False,395.478,396.0,-0.522,"count_uncertain:3@395,2@397,2@394","(3, 9)",220.0,180.0,buyer,False,True,0.9694999999999999,0.26666666666666666,1.0,309
3,9,6,16,396.56,X,insider,220.0,400.0,400.0,buyer,0.98089,False,395.478,396.0,-0.522,"count_uncertain:3@395,2@397,2@394","(3, 9)",220.0,180.0,buyer,False,True,0.9808888888888889,0.3333333333333333,1.0,309
3,9,7,16,396.56,X,insider,220.0,400.0,400.0,buyer,0.98089,False,395.478,396.0,-0.522,"count_uncertain:3@395,2@397,2@394","(3, 9)",220.0,180.0,buyer,False,True,0.9808888888888889,0.4,1.0,309
3,9,8,16,396.78,X,insider,220.0,400.0,400.0,buyer,0.9821,False,395.478,396.0,-0.522,"count_uncertain:3@395,2@397,2@394","(3, 9)",220.0,180.0,buyer,False,True,0.9821111111111109,0.4666666666666667,1.0,309
3,9,9,16,398.22,X,insider,220.0,400.0,400.0,buyer,0.99009,False,395.478,396.0,-0.522,"count_uncertain:3@395,2@397,2@394","(3, 9)",220.0,180.0,buyer,False,True,0.9901111111111113,0.5333333333333333,1.0,309
3,9,10,16,394.48,X,insider,220.0,400.0,400.0,buyer,0.96931,False,395.478,396.0,-0.522,"count_uncertain:3@395,2@397,2@394","(3, 9)",220.0,180.0,buyer,False,True,0.9693333333333334,0.6,1.0,309
3,9,11,16,394.43,X,insider,220.0,400.0,400.0,buyer,0.96907,False,395.478,396.0,-0.522,"count_uncertain:3@395,2@397,2@394","(3, 9)",220.0,180.0,buyer,False,True,0.9690555555555556,0.6666666666666666,1.0,309
3,9,12,16,394.43,X,insider,220.0,400.0,400.0,buyer,0.96907,False,395.478,396.0,-0.522,"count_uncertain:3@395,2@397,2@394","(3, 9)",220.0,180.0,buyer,False,True,0.9690555555555556,0.7333333333333333,1.0,309
3,9,13,16,396.46,X,insider,220.0,400.0,400.0,buyer,0.98033,False,395.478,396.0,-0.522,"count_uncertain:3@395,2@397,2@394","(3, 9)",220.0,180.0,buyer,False,True,0.9803333333333332,0.8,1.0,309
3,9,14,16,396.6,X,insider,220.0,400.0,400.0,buyer,0.98114,False,395.478,396.0,-0.522,"count_uncertain:3@395,2@397,2@394","(3, 9)",220.0,180.0,buyer,False,True,0.9811111111111113,0.8666666666666667,1.0,309
3,9,15,16,396.63,X,insider,220.0,400.0,400.0,buyer,0.98125,False,395.478,396.0,-0.522,"count_uncertain:3@395,2@397,2@394","(3, 9)",220.0,180.0,buyer,False,True,0.9812777777777778,0.9333333333333333,1.0,309
3,9,16,16,398.86,X,insider,220.0,400.0,400.0,buyer,0.99367,False,395.478,396.0,-0.522,"count_uncertain:3@395,2@397,2@394","(3, 9)",220.0,180.0,buyer,False,True,0.9936666666666667,1.0,1.0,309
3,10,1,15,170.11,Y,insider,220.0,175.0,220.0,seller,1.10868,True,166.817,167.0,-0.183,"count_uncertain:8@165,2@171","(3, 10)",220.0,-45.0,seller,False,True,1.1086666666666665,0.0,0.0,310
3,10,2,15,160.18,Y,insider,220.0,175.0,220.0,seller,1.32931,True,166.817,167.0,-0.183,"count_uncertain:8@165,2@171","(3, 10)",220.0,-45.0,seller,False,True,1.3293333333333333,0.07142857142857142,0.0,310
3,10,3,15,164.7,Y,insider,220.0,175.0,220.0,seller,1.22892,True,166.817,167.0,-0.183,"count_uncertain:8@165,2@171","(3, 10)",220.0,-45.0,seller,False,True,1.2288888888888891,0.14285714285714285,0.0,310
3,10,4,15,164.7,Y,insider,220.0,175.0,220.0,seller,1.22892,True,166.817,167.0,-0.183,"count_uncertain:8@165,2@171","(3, 10)",220.0,-45.0,seller,False,True,1.2288888888888891,0.21428571428571427,0.0,310
3,10,5,15,164.7,Y,insider,220.0,175.0,220.0,seller,1.22892,True,166.817,167.0,-0.183,"count_uncertain:8@165,2@171","(3, 10)",220.0,-45.0,seller,False,True,1.2288888888888891,0.2857142857142857,0.0,310
3,10,6,15,164.7,Y,insider,220.0,175.0,220.0,seller,1.22892,True,166.817,167.0,-0.183,"count_uncertain:8@165,2@171","(3, 10)",220.0,-45.0,seller,False,True,1.2288888888888891,0.35714285714285715,0.0,310
3,10,7,15,164.7,Y,insider,220.0,175.0,220.0,seller,1.22892,True,166.817,167.0,-0.183,"count_uncertain:8@165,2@171","(3, 10)",220.0,-45.0,seller,False,True,1.2288888888888891,0.42857142857142855,0.0,310
3,10,8,15,164.7,Y,insider,220.0,175.0,220.0,seller,1.22892,True,166.817,167.0,-0.183,"count_uncertain:8@165,2@171","(3, 10)",220.0,-45.0,seller,False,True,1.2288888888888891,0.5,0.0,310
3,10,9,15,164.7,Y,insider,220.0,175.0,220.0,seller,1.22892,True,166.817,167.0,-0.183,"count_uncertain:8@165,2@171","(3, 10)",220.0,-45.0,seller,False,True,1.2288888888888891,0.5714285714285714,0.0,310
3,10,10,15,164.7,Y,insider,220.0,175.0,220.0,seller,1.22892,True,166.817,167.0,-0.183,"count_uncertain:8@165,2@171","(3, 10)",220.0,-45.0,seller,False,True,1.2288888888888891,0.6428571428571429,0.0,310
3,10,11,15,169.64,Y,insider,220.0,175.0,220.0,seller,1.11908,True,166.817,167.0,-0.183,"count_uncertain:8@165,2@171","(3, 10)",220.0,-45.0,seller,False,True,1.1191111111111114,0.7142857142857143,0.0,310
3,10,12,15,169.72,Y,insider,220.0,175.0,220.0,seller,1.11732,True,166.817,167.0,-0.183,"count_uncertain:8@165,2@171","(3, 10)",220.0,-45.0,seller,False,True,1.1173333333333333,0.7857142857142857,0.0,310
3,10,13,15,171.19,Y,insider,220.0,175.0,220.0,seller,1.08463,True,166.817,167.0,-0.183,"count_uncertain:8@165,2@171","(3, 10)",220.0,-45.0,seller,False,True,1.0846666666666667,0.8571428571428571,0.0,310
3,10,14,15,171.19,Y,insider,220.0,175.0,220.0,seller,1.08463,True,166.817,167.0,-0.183,"count_uncertain:8@165,2@171","(3, 10)",220.0,-45.0,seller,False,True,1.0846666666666667,0.9285714285714286,0.0,310
3,10,15,15,172.64,Y,insider,220.0,175.0,220.0,seller,1.05255,True,166.817,167.0,-0.183,"count_uncertain:8@165,2@171","(3, 10)",220.0,-45.0,seller,False,True,1.0524444444444447,1.0,0.0,310
4,5,1,17,150.17,Y,insider,210.0,175.0,210.0,seller,1.70942,True,157.82,157.0,0.82,"count_uncertain:2@158,3@160","(4, 5)",210.0,-35.0,seller,False,True,1.7094285714285717,0.0,0.0,405
4,5,2,17,155.63,Y,insider,210.0,175.0,210.0,seller,1.5533,True,157.82,157.0,0.82,"count_uncertain:2@158,3@160","(4, 5)",210.0,-35.0,seller,False,True,1.5534285714285716,0.0625,0.0,405
4,5,3,17,155.61,Y,insider,210.0,175.0,210.0,seller,1.55396,True,157.82,157.0,0.82,"count_uncertain:2@158,3@160","(4, 5)",210.0,-35.0,seller,False,True,1.5539999999999996,0.125,0.0,405
4,5,4,17,155.5,Y,insider,210.0,175.0,210.0,seller,1.55727,True,157.82,157.0,0.82,"count_uncertain:2@158,3@160","(4, 5)",210.0,-35.0,seller,False,True,1.5571428571428572,0.1875,0.0,405
4,5,5,17,155.49,Y,insider,210.0,175.0,210.0,seller,1.55753,True,157.82,157.0,0.82,"count_uncertain:2@158,3@160","(4, 5)",210.0,-35.0,seller,False,True,1.5574285714285712,0.25,0.0,405
4,5,6,17,155.49,Y,insider,210.0,175.0,210.0,seller,1.55736,True,157.82,157.0,0.82,"count_uncertain:2@158,3@160","(4, 5)",210.0,-35.0,seller,False,True,1.5574285714285712,0.3125,0.0,405
4,5,7,17,160.1,Y,insider,210.0,175.0,210.0,seller,1.42577,True,157.82,157.0,0.82,"count_uncertain:2@158,3@160","(4, 5)",210.0,-35.0,seller,False,True,1.425714285714286,0.375,0.0,405
4,5,8,17,159.97,Y,insider,210.0,175.0,210.0,seller,1.4294,True,157.82,157.0,0.82,"count_uncertain:2@158,3@160","(4, 5)",210.0,-35.0,seller,False,True,1.4294285714285715,0.4375,0.0,405
4,5,9,17,155.47,Y,insider,210.0,175.0,210.0,seller,1.55787,True,157.82,157.0,0.82,"count_uncertain:2@158,3@160","(4, 5)",210.0,-35.0,seller,False,True,1.558,0.5,0.0,405
4,5,10,17,158.18,Y,insider,210.0,175.0,210.0,seller,1.48059,True,157.82,157.0,0.82,"count_uncertain:2@158,3@160","(4, 5)",210.0,-35.0,seller,False,True,1.4805714285714284,0.5625,0.0,405
4,5,11,17,158.18,Y,insider,210.0,175.0,210.0,seller,1.48059,True,157.82,157.0,0.82,"count_uncertain:2@158,3@160","(4, 5)",210.0,-35.0,seller,False,True,1.4805714285714284,0.625,0.0,405
4,5,12,17,160.48,Y,insider,210.0,175.0,210.0,seller,1.41484,True,157.82,157.0,0.82,"count_uncertain:2@158,3@160","(4, 5)",210.0,-35.0,seller,False,True,1.4148571428571433,0.6875,0.0,405
4,5,13,17,160.48,Y,insider,210.0,175.0,210.0,seller,1.41484,True,157.82,157.0,0.82,"count_uncertain:2@158,3@160","(4, 5)",210.0,-35.0,seller,False,True,1.4148571428571433,0.75,0.0,405
4,5,14,17,160.48,Y,insider,210.0,175.0,210.0,seller,1.41484,True,157.82,157.0,0.82,"count_uncertain:2@158,3@160","(4, 5)",210.0,-35.0,seller,False,True,1.4148571428571433,0.8125,0.0,405
4,5,15,17,160.54,Y,insider,210.0,175.0,210.0,seller,1.41306,True,157.82,157.0,0.82,"count_uncertain:2@158,3@160","(4, 5)",210.0,-35.0,seller,False,True,1.4131428571428575,0.875,0.0,405
4,5,16,17,160.59,Y,insider,210.0,175.0,210.0,seller,1.41184,True,157.82,157.0,0.82,"count_uncertain:2@158,3@160","(4, 5)",210.0,-35.0,seller,False,True,1.4117142857142857,0.9375,0.0,405
4,5,17,17,160.57,Y,insider,210.0,175.0,210.0,seller,1.41215,True,157.82,157.0,0.82,"count_uncertain:2@158,3@160","(4, 5)",210.0,-35.0,seller,False,True,1.4122857142857146,1.0,0.0,405
4,6,1,23,170.38,X,insider,210.0,375.0,375.0,buyer,-0.24012,False,254.051,254.0,0.051,count_uncertain:2@281,"(4, 6)",210.0,165.0,buyer,False,True,-0.24012121212121215,0.0,1.0,406
4,6,2,23,170.44,X,insider,210.0,375.0,375.0,buyer,-0.23976,False,254.051,254.0,0.051,count_uncertain:2@281,"(4, 6)",210.0,165.0,buyer,False,True,-0.23975757575757578,0.045454545454545456,1.0,406
4,6,3,23,180.25,X,insider,210.0,375.0,375.0,buyer,-0.18032,False,254.051,254.0,0.051,count_uncertain:2@281,"(4, 6)",210.0,165.0,buyer,False,True,-0.1803030303030303,0.09090909090909091,1.0,406
4,6,4,23,180.28,X,insider,210.0,375.0,375.0,buyer,-0.18012,False,254.051,254.0,0.051,count_uncertain:2@281,"(4, 6)",210.0,165.0,buyer,False,True,-0.18012121212121213,0.13636363636363635,1.0,406
4,6,5,23,180.37,X,insider,210.0,375.0,375.0,buyer,-0.17957,False,254.051,254.0,0.051,count_uncertain:2@281,"(4, 6)",210.0,165.0,buyer,False,True,-0.17957575757575756,0.18181818181818182,1.0,406
4,6,6,23,200.29,X,insider,210.0,375.0,375.0,buyer,-0.05882,False,254.051,254.0,0.051,count_uncertain:2@281,"(4, 6)",210.0,165.0,buyer,False,True,-0.0588484848484849,0.22727272727272727,1.0,406
4,6,7,23,200.37,X,insider,210.0,375.0,375.0,buyer,-0.05834,False,254.051,254.0,0.051,count_uncertain:2@281,"(4, 6)",210.0,165.0,buyer,False,True,-0.05836363636363633,0.2727272727272727,1.0,406
4,6,8,23,280.77,X,insider,210.0,375.0,375.0,buyer,0.42888,False,254.051,254.0,0.051,count_uncertain:2@281,"(4, 6)",210.0,165.0,buyer,False,True,0.4289090909090908,0.3181818181818182,1.0,406
4,6,9,23,280.82,X,insider,210.0,375.0,375.0,buyer,0.42919,False,254.051,254.0,0.051,count_uncertain:2@281,"(4, 6)",210.0,165.0,buyer,False,True,0.42921212121212116,0.36363636363636365,1.0,406
4,6,10,23,280.84,X,insider,210.0,375.0,375.0,buyer,0.42935,False,254.051,254.0,0.051,count_uncertain:2@281,"(4, 6)",210.0,165.0,buyer,False,True,0.4293333333333332,0.4090909090909091,1.0,406
4,6,11,23,280.92,X,insider,210.0,375.0,375.0,buyer,0.42982,False,254.051,254.0,0.051,count_uncertain:2@281,"(4, 6)",210.0,165.0,buyer,False,True,0.42981818181818193,0.45454545454545453,1.0,406
4,6,12,23,280.96,X,insider,210.0,375.0,375.0,buyer,0.43005,False,254.051,254.0,0.051,count_uncertain:2@281,"(4, 6)",210.0,165.0,buyer,False,True,0.4300606060606059,0.5,1.0,406
4,6,13,23,280.9,X,insider,210.0,375.0,375.0,buyer,0.42968,False,254.051,254.0,0.051,count_uncertain:2@281,"(4, 6)",210.0,165.0,buyer,False,True,0.4296969696969696,0.5454545454545454,1.0,406
4,6,14,23,280.95,X,insider,210.0,375.0,375.0,buyer,0.42999,False,254.051,254.0,0.051,count_uncertain:2@281,"(4, 6)",210.0,165.0,buyer,False,True,0.42999999999999994,0.5909090909090909,1.0,406
4,6,15,23,270.96,X,insider,210.0,375.0,375.0,buyer,0.36946,False,254.051,254.0,0.051,count_uncertain:2@281,"(4, 6)",210.0,165.0,buyer,False,True,0.3694545454545453,0.6363636363636364,1.0,406
4,6,16,23,274.82,X,insider,210.0,375.0,375.0,buyer,0.39285,False,254.051,254.0,0.051,count_uncertain:2@281,"(4, 6)",210.0,165.0,buyer,False,True,0.3928484848484848,0.6818181818181818,1.0,406
4,6,17,23,280.4,X,insider,210.0,375.0,375.0,buyer,0.42668,False,254.051,254.0,0.051,count_uncertain:2@281,"(4, 6)",210.0,165.0,buyer,False,True,0.4266666666666665,0.7272727272727273,1.0,406
4,6,18,23,280.69,X,insider,210.0,375.0,375.0,buyer,0.42843,False,254.051,254.0,0.051,count_uncertain:2@281,"(4, 6)",210.0,165.0,buyer,False,True,0.42842424242424243,0.7727272727272727,1.0,406
4,6,19,23,280.82,X,insider,210.0,375.0,375.0,buyer,0.42923,False,254.051,254.0,0.051,count_uncertain:2@281,"(4, 6)",210.0,165.0,buyer,False,True,0.42921212121212116,0.8181818181818182,1.0,406
4,6,20,23,280.86,X,insider,210.0,375.0,375.0,buyer,0.42946,False,254.051,254.0,0.051,count_uncertain:2@281,"(4, 6)",210.0,165.0,buyer,False,True,0.42945454545454553,0.8636363636363636,1.0,406
4,6,21,23,280.86,X,insider,210.0,375.0,375.0,buyer,0.42946,False,254.051,254.0,0.051,count_uncertain:2@281,"(4, 6)",210.0,165.0,buyer,False,True,0.42945454545454553,0.9090909090909091,1.0,406
4,6,22,23,285.0,X,insider,210.0,375.0,375.0,buyer,0.45454,False,254.051,254.0,0.051,count_uncertain:2@281,"(4, 6)",210.0,165.0,buyer,False,True,0.45454545454545453,0.9545454545454546,1.0,406
4,6,23,23,360.22,X,insider,210.0,375.0,375.0,buyer,0.91042,False,254.051,254.0,0.051,count_uncertain:2@281,"(4, 6)",210.0,165.0,buyer,False,True,0.9104242424242426,1.0,1.0,406
4,7,1,17,170.58,Y,insider,210.0,175.0,210.0,seller,1.12628,True,171.155,161.0,10.155,"source_inconsistent;count_uncertain:2@166,2@170","(4, 7)",210.0,-35.0,seller,True,True,1.126285714285714,0.0,0.0,407
4,7,2,17,165.73,Y,insider,210.0,175.0,210.0,seller,1.26494,True,171.155,161.0,10.155,"source_inconsistent;count_uncertain:2@166,2@170","(4, 7)",210.0,-35.0,seller,True,True,1.2648571428571431,0.0625,0.0,407
4,7,3,17,165.53,Y,insider,210.0,175.0,210.0,seller,1.27066,True,171.155,161.0,10.155,"source_inconsistent;count_uncertain:2@166,2@170","(4, 7)",210.0,-35.0,seller,True,True,1.2705714285714285,0.125,0.0,407
4,7,4,17,165.53,Y,insider,210.0,175.0,210.0,seller,1.27066,True,171.155,161.0,10.155,"source_inconsistent;count_uncertain:2@166,2@170","(4, 7)",210.0,-35.0,seller,True,True,1.2705714285714285,0.1875,0.0,407
4,7,5,17,170.23,Y,insider,210.0,175.0,210.0,seller,1.13641,True,171.155,161.0,10.155,"source_inconsistent;count_uncertain:2@166,2@170","(4, 7)",210.0,-35.0,seller,True,True,1.1362857142857146,0.25,0.0,407
4,7,6,17,170.23,Y,insider,210.0,175.0,210.0,seller,1.13641,True,171.155,161.0,10.155,"source_inconsistent;count_uncertain:2@166,2@170","(4, 7)",210.0,-35.0,seller,True,True,1.1362857142857146,0.3125,0.0,407
4,7,7,17,170.36,Y,insider,210.0,175.0,210.0,seller,1.1327,True,171.155,161.0,10.155,"source_inconsistent;count_uncertain:2@166,2@170","(4, 7)",210.0,-35.0,seller,True,True,1.1325714285714281,0.375,0.0,407
4,7,8,17,170.36,Y,insider,210.0,175.0,210.0,seller,1.13258,True,171.155,161.0,10.155,"source_inconsistent;count_uncertain:2@166,2@170","(4, 7)",210.0,-35.0,seller,True,True,1.1325714285714281,0.4375,0.0,407
4,7,9,17,170.48,Y,insider,210.0,175.0,210.0,seller,1.12905,True,171.155,161.0,10.155,"source_inconsistent;count_uncertain:2@166,2@170","(4, 7)",210.0,-35.0,seller,True,True,1.1291428571428574,0.5,0.0,407
4,7,10,17,170.54,Y,insider,210.0,175.0,210.0,seller,1.12741,True,171.155,161.0,10.155,"source_inconsistent;count_uncertain:2@166,2@170","(4, 7)",210.0,-35.0,seller,True,True,1.1274285714285717,0.5625,0.0,407
4,7,11,17,170.63,Y,insider,210.0,175.0,210.0,seller,1.12494,True,171.155,161.0,10.155,"source_inconsistent;count_uncertain:2@166,2@170","(4, 7)",210.0,-35.0,seller,True,True,1.124857142857143,0.625,0.0,407
4,7,12,17,170.67,Y,insider,210.0,175.0,210.0,seller,1.12362,True,171.155,161.0,10.155,"source_inconsistent;count_uncertain:2@166,2@170","(4, 7)",210.0,-35.0,seller,True,True,1.123714285714286,0.6875,0.0,407
4,7,13,17,170.66,Y,insider,210.0,175.0,210.0,seller,1.12395,True,171.155,161.0,10.155,"source_inconsistent;count_uncertain:2@166,2@170","(4, 7)",210.0,-35.0,seller,True,True,1.124,0.75,0.0,407
4,7,14,17,170.74,Y,insider,210.0,175.0,210.0,seller,1.12178,True,171.155,161.0,10.155,"source_inconsistent;count_uncertain:2@166,2@170","(4, 7)",210.0,-35.0,seller,True,True,1.1217142857142854,0.8125,0.0,407
4,7,15,17,175.72,Y,insider,210.0,175.0,210.0,seller,0.97935,True,171.155,161.0,10.155,"source_inconsistent;count_uncertain:2@166,2@170","(4, 7)",210.0,-35.0,seller,True,True,0.9794285714285714,0.875,0.0,407
4,7,16,17,180.79,Y,insider,210.0,175.0,210.0,seller,0.83443,True,171.155,161.0,10.155,"source_inconsistent;count_uncertain:2@166,2@170","(4, 7)",210.0,-35.0,seller,True,True,0.8345714285714289,0.9375,0.0,407
4,7,17,17,180.86,Y,insider,210.0,175.0,210.0,seller,0.83245,True,171.155,161.0,10.155,"source_inconsistent;count_uncertain:2@166,2@170","(4, 7)",210.0,-35.0,seller,True,True,0.8325714285714282,1.0,0.0,407
4,8,1,10,170.75,Y,insider,210.0,175.0,210.0,seller,1.12155,True,174.667,164.0,10.667,"source_inconsistent;count_uncertain:2@171,3@171,2@181","(4, 8)",210.0,-35.0,seller,True,True,1.1214285714285714,0.0,0.0,408
4,8,2,10,170.75,Y,insider,210.0,175.0,210.0,seller,1.12155,True,174.667,164.0,10.667,"source_inconsistent;count_uncertain:2@171,3@171,2@181","(4, 8)",210.0,-35.0,seller,True,True,1.1214285714285714,0.1111111111111111,0.0,408
4,8,3,10,170.55,Y,insider,210.0,175.0,210.0,seller,1.12708,True,174.667,164.0,10.667,"source_inconsistent;count_uncertain:2@171,3@171,2@181","(4, 8)",210.0,-35.0,seller,True,True,1.1271428571428568,0.2222222222222222,0.0,408
4,8,4,10,170.55,Y,insider,210.0,175.0,210.0,seller,1.12708,True,174.667,164.0,10.667,"source_inconsistent;count_uncertain:2@171,3@171,2@181","(4, 8)",210.0,-35.0,seller,True,True,1.1271428571428568,0.3333333333333333,0.0,408
4,8,5,10,170.55,Y,insider,210.0,175.0,210.0,seller,1.12708,True,174.667,164.0,10.667,"source_inconsistent;count_uncertain:2@171,3@171,2@181","(4, 8)",210.0,-35.0,seller,True,True,1.1271428571428568,0.4444444444444444,0.0,408
4,8,6,10,175.6,Y,insider,210.0,175.0,210.0,seller,0.98278,True,174.667,164.0,10.667,"source_inconsistent;count_uncertain:2@171,3@171,2@181","(4, 8)",210.0,-35.0,seller,True,True,0.982857142857143,0.5555555555555556,0.0,408
4,8,7,10,175.59,Y,insider,210.0,175.0,210.0,seller,0.98309,True,174.667,164.0,10.667,"source_inconsistent;count_uncertain:2@171,3@171,2@181","(4, 8)",210.0,-35.0,seller,True,True,0.9831428571428571,0.6666666666666666,0.0,408
4,8,8,10,180.76,Y,insider,210.0,175.0,210.0,seller,0.83543,True,174.667,164.0,10.667,"source_inconsistent;count_uncertain:2@171,3@171,2@181","(4, 8)",210.0,-35.0,seller,True,True,0.8354285714285717,0.7777777777777778,0.0,408
4,8,9,10,180.76,Y,insider,210.0,175.0,210.0,seller,0.83543,True,174.667,164.0,10.667,"source_inconsistent;count_uncertain:2@171,3@171,2@181","(4, 8)",210.0,-35.0,seller,True,True,0.8354285714285717,0.8888888888888888,0.0,408
4,8,10,10,180.81,Y,insider,210.0,175.0,210.0,seller,0.83412,True,174.667,164.0,10.667,"source_inconsistent;count_uncertain:2@171,3@171,2@181","(4, 8)",210.0,-35.0,seller,True,True,0.834,1.0,0.0,408
4,9,1,20,270.55,X,insider,210.0,375.0,375.0,buyer,0.36695,False,301.615,301.0,0.615,"count_uncertain:2@301,3@311,2@321","(4, 9)",210.0,165.0,buyer,False,True,0.36696969696969706,0.0,1.0,409
4,9,2,20,251.1,X,insider,210.0,375.0,375.0,buyer,0.24912,False,301.615,301.0,0.615,"count_uncertain:2@301,3@311,2@321","(4, 9)",210.0,165.0,buyer,False,True,0.24909090909090906,0.05263157894736842,1.0,409
4,9,3,20,270.74,X,insider,210.0,375.0,375.0,buyer,0.3681,False,301.615,301.0,0.615,"count_uncertain:2@301,3@311,2@321","(4, 9)",210.0,165.0,buyer,False,True,0.3681212121212122,0.10526315789473684,1.0,409
4,9,4,20,275.88,X,insider,210.0,375.0,375.0,buyer,0.39925,False,301.615,301.0,0.615,"count_uncertain:2@301,3@311,2@321","(4, 9)",210.0,165.0,buyer,False,True,0.3992727272727272,0.15789473684210525,1.0,409
4,9,5,20,300.93,X,insider,210.0,375.0,375.0,buyer,0.55106,False,301.615,301.0,0.615,"count_uncertain:2@301,3@311,2@321","(4, 9)",210.0,165.0,buyer,False,True,0.5510909090909092,0.21052631578947367,1.0,409
4,9,6,20,301.03,X,insider,210.0,375.0,375.0,buyer,0.55172,False,301.615,301.0,0.615,"count_uncertain:2@301,3@311,2@321","(4, 9)",210.0,165.0,buyer,False,True,0.5516969696969696,0.2631578947368421,1.0,409
4,9,7,20,301.11,X,insider,210.0,375.0,375.0,buyer,0.5522,False,301.615,301.0,0.615,"count_uncertain:2@301,3@311,2@321","(4, 9)",210.0,165.0,buyer,False,True,0.5521818181818182,0.3157894736842105,1.0,409
4,9,8,20,301.08,X,insider,210.0,375.0,375.0,buyer,0.55202,False,301.615,301.0,0.615,"count_uncertain:2@301,3@311,2@321","(4, 9)",210.0,165.0,buyer,False,True,0.5519999999999999,0.3684210526315789,1.0,409
4,9,9,20,301.26,X,insider,210.0,375.0,375.0,buyer,0.55308,False,301.615,301.0,0.615,"count_uncertain:2@301,3@311,2@321","(4, 9)",210.0,165.0,buyer,False,True,0.5530909090909091,0.42105263157894735,1.0,409
4,9,10,20,301.26,X,insider,210.0,375.0,375.0,buyer,0.55308,False,301.615,301.0,0.615,"count_uncertain:2@301,3@311,2@321","(4, 9)",210.0,165.0,buyer,False,True,0.5530909090909091,0.47368421052631576,1.0,409
4,9,11,20,310.92,X,insider,210.0,375.0,375.0,buyer,0.61166,False,301.615,301.0,0.615,"count_uncertain:2@301,3@311,2@321","(4, 9)",210.0,165.0,buyer,False,True,0.6116363636363638,0.5263157894736842,1.0,409
4,9,12,20,311.05,X,insider,210.0,375.0,375.0,buyer,0.61243,False,301.615,301.0,0.615,"count_uncertain:2@301,3@311,2@321","(4, 9)",210.0,165.0,buyer,False,True,0.6124242424242425,0.5789473684210527,1.0,409
4,9,13,20,311.1,X,insider,210.0,375.0,375.0,buyer,0.6127,False,301.615,301.0,0.615,"count_uncertain:2@301,3@311,2@321","(4, 9)",210.0,165.0,buyer,False,True,0.6127272727272729,0.631578947368421,1.0,409
4,9,14,20,311.1,X,insider,210.0,375.0,375.0,buyer,0.6127,False,301.615,301.0,0.615,"count_uncertain:2@301,3@311,2@321","(4, 9)",210.0,165.0,buyer,False,True,0.6127272727272729,0.6842105263157895,1.0,409
4,9,15,20,311.1,X,insider,210.0,375.0,375.0,buyer,0.6127,False,301.615,301.0,0.615,"count_uncertain:2@301,3@311,2@321","(4, 9)",210.0,165.0,buyer,False,True,0.6127272727272729,0.7368421052631579,1.0,409
4,9,16,20,315.71,X,insider,210.0,375.0,375.0,buyer,0.64066,False,301.615,301.0,0.615,"count_uncertain:2@301,3@311,2@321","(4, 9)",210.0,165.0,buyer,False,True,0.6406666666666665,0.7894736842105263,1.0,409
4,9,17,20,319.39,X,insider,210.0,375.0,375.0,buyer,0.663,False,301.615,301.0,0.615,"count_uncertain:2@301,3@311,2@321","(4, 9)",210.0,165.0,buyer,False,True,0.6629696969696969,0.8421052631578947,1.0,409
4,9,18,20,320.78,X,insider,210.0,375.0,375.0,buyer,0.6714,False,301.615,301.0,0.615,"count_uncertain:2@301,3@311,2@321","(4, 9)",210.0,165.0,buyer,False,True,0.6713939393939392,0.8947368421052632,1.0,409
4,9,19,20,320.78,X,insider,210.0,375.0,375.0,buyer,0.6714,False,301.615,301.0,0.615,"count_uncertain:2@301,3@311,2@321","(4, 9)",210.0,165.0,buyer,False,True,0.6713939393939392,0.9473684210526315,1.0,409
4,9,20,20,325.44,X,insider,210.0,375.0,375.0,buyer,0.69962,False,301.615,301.0,0.615,"count_uncertain:2@301,3@311,2@321","(4, 9)",210.0,165.0,buyer,False,True,0.6996363636363636,1.0,1.0,409
4,10,1,15,150.84,Y,insider,210.0,175.0,210.0,seller,1.69021,True,167.517,167.0,0.517,count_uncertain:3@165,"(4, 10)",210.0,-35.0,seller,False,True,1.6902857142857142,0.0,0.0,410
4,10,2,15,160.1,Y,insider,210.0,175.0,210.0,seller,1.42559,True,167.517,167.0,0.517,count_uncertain:3@165,"(4, 10)",210.0,-35.0,seller,False,True,1.425714285714286,0.07142857142857142,0.0,410
4,10,3,15,165.37,Y,insider,210.0,175.0,210.0,seller,1.27507,True,167.517,167.0,0.517,count_uncertain:3@165,"(4, 10)",210.0,-35.0,seller,False,True,1.275142857142857,0.14285714285714285,0.0,410
4,10,4,15,165.37,Y,insider,210.0,175.0,210.0,seller,1.27507,True,167.517,167.0,0.517,count_uncertain:3@165,"(4, 10)",210.0,-35.0,seller,False,True,1.275142857142857,0.21428571428571427,0.0,410
4,10,5,15,165.37,Y,insider,210.0,175.0,210.0,seller,1.27507,True,167.517,167.0,0.517,count_uncertain:3@165,"(4, 10)",210.0,-35.0,seller,False,True,1.275142857142857,0.2857142857142857,0.0,410
4,10,6,15,170.44,Y,insider,210.0,175.0,210.0,seller,1.13032,True,167.517,167.0,0.517,count_uncertain:3@165,"(4, 10)",210.0,-35.0,seller,False,True,1.1302857142857143,0.35714285714285715,0.0,410
4,10,7,15,170.45,Y,insider,210.0,175.0,210.0,seller,1.1299,True,167.517,167.0,0.517,count_uncertain:3@165,"(4, 10)",210.0,-35.0,seller,False,True,1.1300000000000003,0.42857142857142855,0.0,410
4,10,8,15,170.47,Y,insider,210.0,175.0,210.0,seller,1.12938,True,167.517,167.0,0.517,count_uncertain:3@165,"(4, 10)",210.0,-35.0,seller,False,True,1.1294285714285714,0.5,0.0,410
4,10,9,15,170.46,Y,insider,210.0,175.0,210.0,seller,1.12969,True,167.517,167.0,0.517,count_uncertain:3@165,"(4, 10)",210.0,-35.0,seller,False,True,1.1297142857142854,0.5714285714285714,0.0,410
4,10,10,15,170.53,Y,insider,210.0,175.0,210.0,seller,1.12767,True,167.517,167.0,0.517,count_uncertain:3@165,"(4, 10)",210.0,-35.0,seller,False,True,1.1277142857142857,0.6428571428571429,0.0,410
4,10,11,15,170.62,Y,insider,210.0,175.0,210.0,seller,1.1252,True,167.517,167.0,0.517,count_uncertain:3@165,"(4, 10)",210.0,-35.0,seller,False,True,1.125142857142857,0.7142857142857143,0.0,410
4,10,12,15,170.63,Y,insider,210.0,175.0,210.0,seller,1.12477,True,167.517,167.0,0.517,count_uncertain:3@165,"(4, 10)",210.0,-35.0,seller,False,True,1.124857142857143,0.7857142857142857,0.0,410
4,10,13,15,170.62,Y,insider,210.0,175.0,210.0,seller,1.12513,True,167.517,167.0,0.517,count_uncertain:3@165,"(4, 10)",210.0,-35.0,seller,False,True,1.125142857142857,0.8571428571428571,0.0,410
4,10,14,15,170.72,Y,insider,210.0,175.0,210.0,seller,1.12226,True,167.517,167.0,0.517,count_uncertain:3@165,"(4, 10)",210.0,-35.0,seller,False,True,1.1222857142857143,0.9285714285714286,0.0,410
4,10,15,15,170.74,Y,insider,210.0,175.0,210.0,seller,1.12164,True,167.517,167.0,0.517,count_uncertain:3@165,"(4, 10)",210.0,-35.0,seller,False,True,1.1217142857142854,1.0,0.0,410
4,11,1,20,281.08,X,insider,210.0,375.0,375.0,buyer,0.43079,False,323.458,323.0,0.458,ok,"(4, 11)",210.0,165.0,buyer,False,False,0.43078787878787866,0.0,1.0,411
4,11,2,20,300.9,X,insider,210.0,375.0,375.0,buyer,0.5509,False,323.458,323.0,0.458,ok,"(4, 11)",210.0,165.0,buyer,False,False,0.5509090909090908,0.05263157894736842,1.0,411
4,11,3,20,301.08,X,insider,210.0,375.0,375.0,buyer,0.552,False,323.458,323.0,0.458,ok,"(4, 11)",210.0,165.0,buyer,False,False,0.5519999999999999,0.10526315789473684,1.0,411
4,11,4,20,305.68,X,insider,210.0,375.0,375.0,buyer,0.57987,False,323.458,323.0,0.458,ok,"(4, 11)",210.0,165.0,buyer,False,False,0.5798787878787879,0.15789473684210525,1.0,411
4,11,5,20,305.74,X,insider,210.0,375.0,375.0,buyer,0.58022,False,323.458,323.0,0.458,ok,"(4, 11)",210.0,165.0,buyer,False,False,0.5802424242424243,0.21052631578947367,1.0,411
4,11,6,20,305.92,X,insider,210.0,375.0,375.0,buyer,0.58133,False,323.458,323.0,0.458,ok,"(4, 11)",210.0,165.0,buyer,False,False,0.5813333333333335,0.2631578947368421,1.0,411
4,11,7,20,310.91,X,insider,210.0,375.0,375.0,buyer,0.61155,False,323.458,323.0,0.458,ok,"(4, 11)",210.0,165.0,buyer,False,False,0.6115757575757578,0.3157894736842105,1.0,411
4,11,8,20,310.95,X,insider,210.0,375.0,375.0,buyer,0.61183,False,323.458,323.0,0.458,ok,"(4, 11)",210.0,165.0,buyer,False,False,0.6118181818181817,0.3684210526315789,1.0,411
4,11,9,20,311.18,X,insider,210.0,375.0,375.0,buyer,0.61319,False,323.458,323.0,0.458,ok,"(4, 11)",210.0,165.0,buyer,False,False,0.6132121212121212,0.42105263157894735,1.0,411
4,11,10,20,320.79,X,insider,210.0,375.0,375.0,buyer,0.67145,False,323.458,323.0,0.458,ok,"(4, 11)",210.0,165.0,buyer,False,False,0.6714545454545455,0.47368421052631576,1.0,411
4,11,11,20,320.91,X,insider,210.0,375.0,375.0,buyer,0.6722,False,323.458,323.0,0.458,ok,"(4, 11)",210.0,165.0,buyer,False,False,0.6721818181818183,0.5263157894736842,1.0,411
4,11,12,20,320.99,X,insider,210.0,375.0,375.0,buyer,0.6727,False,323.458,323.0,0.458,ok,"(4, 11)",210.0,165.0,buyer,False,False,0.6726666666666667,0.5789473684210527,1.0,411
4,11,13,20,321.01,X,insider,210.0,375.0,375.0,buyer,0.67277,False,323.458,323.0,0.458,ok,"(4, 11)",210.0,165.0,buyer,False,False,0.6727878787878787,0.631578947368421,1.0,411
4,11,14,20,321.09,X,insider,210.0,375.0,375.0,buyer,0.67327,False,323.458,323.0,0.458,ok,"(4, 11)",210.0,165.0,buyer,False,False,0.6732727272727271,0.6842105263157895,1.0,411
4,11,15,20,331.24,X,insider,210.0,375.0,375.0,buyer,0.73479,False,323.458,323.0,0.458,ok,"(4, 11)",210.0,165.0,buyer,False,False,0.7347878787878789,0.7368421052631579,1.0,411
4,11,16,20,341.27,X,insider,210.0,375.0,375.0,buyer,0.79557,False,323.458,323.0,0.458,ok,"(4, 11)",210.0,165.0,buyer,False,False,0.7955757575757575,0.7894736842105263,1.0,411
4,11,17,20,350.78,X,insider,210.0,375.0,375.0,buyer,0.85322,False,323.458,323.0,0.458,ok,"(4, 11)",210.0,165.0,buyer,False,False,0.8532121212121211,0.8421052631578947,1.0,411
4,11,18,20,366.16,X,insider,210.0,375.0,375.0,buyer,0.94644,False,323.458,323.0,0.458,ok,"(4, 11)",210.0,165.0,buyer,False,False,0.9464242424242426,0.8947368421052632,1.0,411
4,11,19,20,370.61,X,insider,210.0,375.0,375.0,buyer,0.97338,False,323.458,323.0,0.458,ok,"(4, 11)",210.0,165.0,buyer,False,False,0.9733939393939395,0.9473684210526315,1.0,411
4,11,20,20,370.88,X,insider,210.0,375.0,375.0,buyer,0.97506,False,323.458,323.0,0.458,ok,"(4, 11)",210.0,165.0,buyer,False,False,0.975030303030303,1.0,1.0,411
4,12,1,18,170.86,Y,insider,210.0,175.0,210.0,seller,1.11831,True,171.679,171.0,0.679,ok,"(4, 12)",210.0,-35.0,seller,False,False,1.1182857142857139,0.0,0.0,412
4,12,2,18,175.36,Y,insider,210.0,175.0,210.0,seller,0.9898,True,171.679,171.0,0.679,ok,"(4, 12)",210.0,-35.0,seller,False,False,0.9897142857142853,0.058823529411764705,0.0,412
4,12,3,18,175.48,Y,insider,210.0,175.0,210.0,seller,0.98622,True,171.679,171.0,0.679,ok,"(4, 12)",210.0,-35.0,seller,False,False,0.9862857142857145,0.11764705882352941,0.0,412
4,12,4,18,175.47,Y,insider,210.0,175.0,210.0,seller,0.98654,True,171.679,171.0,0.679,ok,"(4, 12)",210.0,-35.0,seller,False,False,0.9865714285714287,0.17647058823529413,0.0,412
4,12,5,18,170.54,Y,insider,210.0,175.0,210.0,seller,1.12731,True,171.679,171.0,0.679,ok,"(4, 12)",210.0,-35.0,seller,False,False,1.1274285714285717,0.23529411764705882,0.0,412
4,12,6,18,170.49,Y,insider,210.0,175.0,210.0,seller,1.12877,True,171.679,171.0,0.679,ok,"(4, 12)",210.0,-35.0,seller,False,False,1.1288571428571426,0.29411764705882354,0.0,412
4,12,7,18,170.52,Y,insider,210.0,175.0,210.0,seller,1.1279,True,171.679,171.0,0.679,ok,"(4, 12)",210.0,-35.0,seller,False,False,1.1279999999999997,0.35294117647058826,0.0,412
4,12,8,18,172.91,Y,insider,210.0,175.0,210.0,seller,1.05984,True,171.679,171.0,0.679,ok,"(4, 12)",210.0,-35.0,seller,False,False,1.0597142857142858,0.4117647058823529,0.0,412
4,12,9,18,170.72,Y,insider,210.0,175.0,210.0,seller,1.12222,True,171.679,171.0,0.679,ok,"(4, 12)",210.0,-35.0,seller,False,False,1.1222857142857143,0.47058823529411764,0.0,412
4,12,10,18,170.55,Y,insider,210.0,175.0,210.0,seller,1.12711,True,171.679,171.0,0.679,ok,"(4, 12)",210.0,-35.0,seller,False,False,1.1271428571428568,0.5294117647058824,0.0,412
4,12,11,18,170.38,Y,insider,210.0,175.0,210.0,seller,1.13199,True,171.679,171.0,0.679,ok,"(4, 12)",210.0,-35.0,seller,False,False,1.1320000000000001,0.5882352941176471,0.0,412
4,12,12,18,170.31,Y,insider,210.0,175.0,210.0,seller,1.13395,True,171.679,171.0,0.679,ok,"(4, 12)",210.0,-35.0,seller,False,False,1.134,0.6470588235294118,0.0,412
4,12,13,18,170.32,Y,insider,210.0,175.0,210.0,seller,1.13371,True,171.679,171.0,0.679,ok,"(4, 12)",210.0,-35.0,seller,False,False,1.133714285714286,0.7058823529411765,0.0,412
4,12,14,18,170.24,Y,insider,210.0,175.0,210.0,seller,1.13587,True,171.679,171.0,0.679,ok,"(4, 12)",210.0,-35.0,seller,False,False,1.1359999999999997,0.7647058823529411,0.0,412
4,12,15,18,174.73,Y,insider,210.0,175.0,210.0,seller,1.00762,True,171.679,171.0,0.679,ok,"(4, 12)",210.0,-35.0,seller,False,False,1.007714285714286,0.8235294117647058,0.0,412
4,12,16,18,170.54,Y,insider,210.0,175.0,210.0,seller,1.12749,True,171.679,171.0,0.679,ok,"(4, 12)",210.0,-35.0,seller,False,False,1.1274285714285717,0.8823529411764706,0.0,412
4,12,17,18,170.38,Y,insider,210.0,175.0,210.0,seller,1.1319,True,171.679,171.0,0.679,ok,"(4, 12)",210.0,-35.0,seller,False,False,1.1320000000000001,0.9411764705882353,0.0,412
4,12,18,18,170.4,Y,insider,210.0,175.0,210.0,seller,1.13138,True,171.679,171.0,0.679,ok,"(4, 12)",210.0,-35.0,seller,False,False,1.1314285714285712,1.0,0.0,412
4,13,1,21,310.36,X,insider,210.0,375.0,375.0,buyer,0.60827,False,344.51,344.0,0.51,"count_uncertain:2@341,2@371","(4, 13)",210.0,165.0,buyer,False,True,0.6082424242424244,0.0,1.0,413
4,13,2,21,321.16,X,insider,210.0,375.0,375.0,buyer,0.6737,False,344.51,344.0,0.51,"count_uncertain:2@341,2@371","(4, 13)",210.0,165.0,buyer,False,True,0.6736969696969698,0.05,1.0,413
4,13,3,21,321.19,X,insider,210.0,375.0,375.0,buyer,0.67391,False,344.51,344.0,0.51,"count_uncertain:2@341,2@371","(4, 13)",210.0,165.0,buyer,False,True,0.6738787878787879,0.1,1.0,413
4,13,4,21,325.76,X,insider,210.0,375.0,375.0,buyer,0.70155,False,344.51,344.0,0.51,"count_uncertain:2@341,2@371","(4, 13)",210.0,165.0,buyer,False,True,0.7015757575757575,0.15,1.0,413
4,13,5,21,331.07,X,insider,210.0,375.0,375.0,buyer,0.73378,False,344.51,344.0,0.51,"count_uncertain:2@341,2@371","(4, 13)",210.0,165.0,buyer,False,True,0.7337575757575757,0.2,1.0,413
4,13,6,21,331.24,X,insider,210.0,375.0,375.0,buyer,0.73477,False,344.51,344.0,0.51,"count_uncertain:2@341,2@371","(4, 13)",210.0,165.0,buyer,False,True,0.7347878787878789,0.25,1.0,413
4,13,7,21,331.28,X,insider,210.0,375.0,375.0,buyer,0.73506,False,344.51,344.0,0.51,"count_uncertain:2@341,2@371","(4, 13)",210.0,165.0,buyer,False,True,0.7350303030303028,0.3,1.0,413
4,13,8,21,340.86,X,insider,210.0,375.0,375.0,buyer,0.79307,False,344.51,344.0,0.51,"count_uncertain:2@341,2@371","(4, 13)",210.0,165.0,buyer,False,True,0.7930909090909092,0.35,1.0,413
4,13,9,21,341.03,X,insider,210.0,375.0,375.0,buyer,0.79411,False,344.51,344.0,0.51,"count_uncertain:2@341,2@371","(4, 13)",210.0,165.0,buyer,False,True,0.794121212121212,0.4,1.0,413
4,13,10,21,341.11,X,insider,210.0,375.0,375.0,buyer,0.79462,False,344.51,344.0,0.51,"count_uncertain:2@341,2@371","(4, 13)",210.0,165.0,buyer,False,True,0.7946060606060606,0.45,1.0,413
4,13,11,21,341.11,X,insider,210.0,375.0,375.0,buyer,0.79462,False,344.51,344.0,0.51,"count_uncertain:2@341,2@371","(4, 13)",210.0,165.0,buyer,False,True,0.7946060606060606,0.5,1.0,413
4,13,12,21,345.74,X,insider,210.0,375.0,375.0,buyer,0.82269,False,344.51,344.0,0.51,"count_uncertain:2@341,2@371","(4, 13)",210.0,165.0,buyer,False,True,0.8226666666666668,0.55,1.0,413
4,13,13,21,345.94,X,insider,210.0,375.0,375.0,buyer,0.8239,False,344.51,344.0,0.51,"count_uncertain:2@341,2@371","(4, 13)",210.0,165.0,buyer,False,True,0.8238787878787879,0.6,1.0,413
4,13,14,21,346.14,X,insider,210.0,375.0,375.0,buyer,0.82508,False,344.51,344.0,0.51,"count_uncertain:2@341,2@371","(4, 13)",210.0,165.0,buyer,False,True,0.825090909090909,0.65,1.0,413
4,13,15,21,351.24,X,insider,210.0,375.0,375.0,buyer,0.85598,False,344.51,344.0,0.51,"count_uncertain:2@341,2@371","(4, 13)",210.0,165.0,buyer,False,True,0.8560000000000001,0.7,1.0,413
4,13,16,21,360.93,X,insider,210.0,375.0,375.0,buyer,0.91475,False,344.51,344.0,0.51,"count_uncertain:2@341,2@371","(4, 13)",210.0,165.0,buyer,False,True,0.9147272727272727,0.75,1.0,413
4,13,17,21,365.86,X,insider,210.0,375.0,375.0,buyer,0.94459,False,344.51,344.0,0.51,"count_uncertain:2@341,2@371","(4, 13)",210.0,165.0,buyer,False,True,0.9446060606060607,0.8,1.0,413
4,13,18,21,365.99,X,insider,210.0,375.0,375.0,buyer,0.94538,False,344.51,344.0,0.51,"count_uncertain:2@341,2@371","(4, 13)",210.0,165.0,buyer,False,True,0.9453939393939395,0.85,1.0,413
4,13,19,21,370.96,X,insider,210.0,375.0,375.0,buyer,0.97549,False,344.51,344.0,0.51,"count_uncertain:2@341,2@371","(4, 13)",210.0,165.0,buyer,False,True,0.9755151515151514,0.9,1.0,413
4,13,20,21,370.96,X,insider,210.0,375.0,375.0,buyer,0.97549,False,344.51,344.0,0.51,"count_uncertain:2@341,2@371","(4, 13)",210.0,165.0,buyer,False,True,0.9755151515151514,0.95,1.0,413
4,13,21,21,374.77,X,insider,210.0,375.0,375.0,buyer,0.99861,False,344.51,344.0,0.51,"count_uncertain:2@341,2@371","(4, 13)",210.0,165.0,buyer,False,True,0.9986060606060605,1.0,1.0,413
5,4,1,15,180.17,X,insider,212.5,180.0,212.0,seller,0.99467,True,176.237,176.0,0.237,unmatched_band:175.4,"(5, 4)",212.5,-32.5,seller,False,False,0.9947692307692312,0.0,0.0,504
5,4,2,15,175.44,X,insider,212.5,180.0,212.0,seller,1.14043,True,176.237,176.0,0.237,unmatched_band:175.4,"(5, 4)",212.5,-32.5,seller,False,False,1.1403076923076925,0.07142857142857142,0.0,504
5,4,3,15,175.38,X,insider,212.5,180.0,212.0,seller,1.14228,True,176.237,176.0,0.237,unmatched_band:175.4,"(5, 4)",212.5,-32.5,seller,False,False,1.1421538461538463,0.14285714285714285,0.0,504
5,4,4,15,175.58,X,insider,212.5,180.0,212.0,seller,1.13608,True,176.237,176.0,0.237,unmatched_band:175.4,"(5, 4)",212.5,-32.5,seller,False,False,1.1359999999999997,0.21428571428571427,0.0,504
5,4,5,15,175.46,X,insider,212.5,180.0,212.0,seller,1.13975,True,176.237,176.0,0.237,unmatched_band:175.4,"(5, 4)",212.5,-32.5,seller,False,False,1.1396923076923073,0.2857142857142857,0.0,504
5,4,6,15,175.51,X,insider,212.5,180.0,212.0,seller,1.13803,True,176.237,176.0,0.237,unmatched_band:175.4,"(5, 4)",212.5,-32.5,seller,False,False,1.1381538461538465,0.35714285714285715,0.0,504
5,4,7,15,175.58,X,insider,212.5,180.0,212.0,seller,1.13586,True,176.237,176.0,0.237,unmatched_band:175.4,"(5, 4)",212.5,-32.5,seller,False,False,1.1359999999999997,0.42857142857142855,0.0,504
5,4,8,15,175.5,X,insider,212.5,180.0,212.0,seller,1.13855,True,176.237,176.0,0.237,unmatched_band:175.4,"(5, 4)",212.5,-32.5,seller,False,False,1.1384615384615384,0.5,0.0,504
5,4,9,15,175.49,X,insider,212.5,180.0,212.0,seller,1.13879,True,176.237,176.0,0.237,unmatched_band:175.4,"(5, 4)",212.5,-32.5,seller,False,False,1.1387692307692305,0.5714285714285714,0.0,504
5,4,10,15,175.56,X,insider,212.5,180.0,212.0,seller,1.13662,True,176.237,176.0,0.237,unmatched_band:175.4,"(5, 4)",212.5,-32.5,seller,False,False,1.1366153846153846,0.6428571428571429,0.0,504
5,4,11,15,175.51,X,insider,212.5,180.0,212.0,seller,1.13807,True,176.237,176.0,0.237,unmatched_band:175.4,"(5, 4)",212.5,-32.5,seller,False,False,1.1381538461538465,0.7142857142857143,0.0,504
5,4,12,15,175.63,X,insider,212.5,180.0,212.0,seller,1.13441,True,176.237,176.0,0.237,unmatched_band:175.4,"(5, 4)",212.5,-32.5,seller,False,False,1.1344615384615386,0.7857142857142857,0.0,504
5,4,13,15,175.71,X,insider,212.5,180.0,212.0,seller,1.13191,True,176.237,176.0,0.237,unmatched_band:175.4,"(5, 4)",212.5,-32.5,seller,False,False,1.1319999999999997,0.8571428571428571,0.0,504
5,4,14,15,180.02,X,insider,212.5,180.0,212.0,seller,0.99939,True,176.237,176.0,0.237,unmatched_band:175.4,"(5, 4)",212.5,-32.5,seller,False,False,0.9993846153846151,0.9285714285714286,0.0,504
5,4,15,15,177.01,X,insider,212.5,180.0,212.0,seller,1.09203,True,176.237,176.0,0.237,unmatched_band:175.4,"(5, 4)",212.5,-32.5,seller,False,False,1.0920000000000003,1.0,0.0,504
5,5,1,16,175.42,X,insider,212.5,180.0,212.0,seller,1.14084,True,175.588,175.0,0.588,unmatched_band:175.7,"(5, 5)",212.5,-32.5,seller,False,False,1.1409230769230774,0.0,0.0,505
5,5,2,16,175.43,X,insider,212.5,180.0,212.0,seller,1.14053,True,175.588,175.0,0.588,unmatched_band:175.7,"(5, 5)",212.5,-32.5,seller,False,False,1.1406153846153844,0.06666666666666667,0.0,505
5,5,3,16,175.48,X,insider,212.5,180.0,212.0,seller,1.13895,True,175.588,175.0,0.588,unmatched_band:175.7,"(5, 5)",212.5,-32.5,seller,False,False,1.1390769230769233,0.13333333333333333,0.0,505
5,5,4,16,175.54,X,insider,212.5,180.0,212.0,seller,1.13711,True,175.588,175.0,0.588,unmatched_band:175.7,"(5, 5)",212.5,-32.5,seller,False,False,1.1372307692307695,0.2,0.0,505
5,5,5,16,175.64,X,insider,212.5,180.0,212.0,seller,1.13417,True,175.588,175.0,0.588,unmatched_band:175.7,"(5, 5)",212.5,-32.5,seller,False,False,1.1341538461538465,0.26666666666666666,0.0,505
5,5,6,16,175.61,X,insider,212.5,180.0,212.0,seller,1.13502,True,175.588,175.0,0.588,unmatched_band:175.7,"(5, 5)",212.5,-32.5,seller,False,False,1.1350769230769227,0.3333333333333333,0.0,505
5,5,7,16,175.67,X,insider,212.5,180.0,212.0,seller,1.13336,True,175.588,175.0,0.588,unmatched_band:175.7,"(5, 5)",212.5,-32.5,seller,False,False,1.1332307692307697,0.4,0.0,505
5,5,8,16,175.6,X,insider,212.5,180.0,212.0,seller,1.13553,True,175.588,175.0,0.588,unmatched_band:175.7,"(5, 5)",212.5,-32.5,seller,False,False,1.1353846153846157,0.4666666666666667,0.0,505
5,5,9,16,175.61,X,insider,212.5,180.0,212.0,seller,1.13498,True,175.588,175.0,0.588,unmatched_band:175.7,"(5, 5)",212.5,-32.5,seller,False,False,1.1350769230769227,0.5333333333333333,0.0,505
5,5,10,16,175.59,X,insider,212.5,180.0,212.0,seller,1.13573,True,175.588,175.0,0.588,unmatched_band:175.7,"(5, 5)",212.5,-32.5,seller,False,False,1.1356923076923076,0.6,0.0,505
5,5,11,16,175.52,X,insider,212.5,180.0,212.0,seller,1.13776,True,175.588,175.0,0.588,unmatched_band:175.7,"(5, 5)",212.5,-32.5,seller,False,False,1.1378461538461535,0.6666666666666666,0.0,505
5,5,12,16,175.55,X,insider,212.5,180.0,212.0,seller,1.13695,True,175.588,175.0,0.588,unmatched_band:175.7,"(5, 5)",212.5,-32.5,seller,False,False,1.1369230769230765,0.7333333333333333,0.0,505
5,5,13,16,175.56,X,insider,212.5,180.0,212.0,seller,1.13666,True,175.588,175.0,0.588,unmatched_band:175.7,"(5, 5)",212.5,-32.5,seller,False,False,1.1366153846153846,0.8,0.0,505
5,5,14,16,175.73,X,insider,212.5,180.0,212.0,seller,1.13126,True,175.588,175.0,0.588,unmatched_band:175.7,"(5, 5)",212.5,-32.5,seller,False,False,1.1313846153846157,0.8666666666666667,0.0,505
5,5,15,16,175.73,X,insider,212.5,180.0,212.0,seller,1.13136,True,175.588,175.0,0.588,unmatched_band:175.7,"(5, 5)",212.5,-32.5,seller,False,False,1.1313846153846157,0.9333333333333333,0.0,505
5,5,16,16,175.71,X,insider,212.5,180.0,212.0,seller,1.13192,True,175.588,175.0,0.588,unmatched_band:175.7,"(5, 5)",212.5,-32.5,seller,False,False,1.1319999999999997,1.0,0.0,505
5,6,1,17,175.63,Y,insider,212.5,245.0,245.0,buyer,-1.13449,False,237.937,237.0,0.937,ok,"(5, 6)",212.5,32.5,buyer,False,False,-1.1344615384615386,0.0,1.0,506
5,6,2,17,200.44,Y,insider,212.5,245.0,245.0,buyer,-0.37119,False,237.937,237.0,0.937,ok,"(5, 6)",212.5,32.5,buyer,False,False,-0.37107692307692314,0.0625,1.0,506
5,6,3,17,250.63,Y,insider,212.5,245.0,245.0,buyer,1.17322,False,237.937,237.0,0.937,ok,"(5, 6)",212.5,32.5,buyer,False,False,1.173230769230769,0.125,1.0,506
5,6,4,17,250.81,Y,insider,212.5,245.0,245.0,buyer,1.17879,False,237.937,237.0,0.937,ok,"(5, 6)",212.5,32.5,buyer,False,False,1.1787692307692308,0.1875,1.0,506
5,6,5,17,241.33,Y,insider,212.5,245.0,245.0,buyer,0.88712,False,237.937,237.0,0.937,ok,"(5, 6)",212.5,32.5,buyer,False,False,0.8870769230769234,0.25,1.0,506
5,6,6,17,241.32,Y,insider,212.5,245.0,245.0,buyer,0.88681,False,237.937,237.0,0.937,ok,"(5, 6)",212.5,32.5,buyer,False,False,0.8867692307692305,0.3125,1.0,506
5,6,7,17,250.51,Y,insider,212.5,245.0,245.0,buyer,1.16944,False,237.937,237.0,0.937,ok,"(5, 6)",212.5,32.5,buyer,False,False,1.1695384615384612,0.375,1.0,506
5,6,8,17,245.49,Y,insider,212.5,245.0,245.0,buyer,1.01518,False,237.937,237.0,0.937,ok,"(5, 6)",212.5,32.5,buyer,False,False,1.0150769230769234,0.4375,1.0,506
5,6,9,17,241.14,Y,insider,212.5,245.0,245.0,buyer,0.88133,False,237.937,237.0,0.937,ok,"(5, 6)",212.5,32.5,buyer,False,False,0.8812307692307688,0.5,1.0,506
5,6,10,17,241.14,Y,insider,212.5,245.0,245.0,buyer,0.88124,False,237.937,237.0,0.937,ok,"(5, 6)",212.5,32.5,buyer,False,False,0.8812307692307688,0.5625,1.0,506
5,6,11,17,241.15,Y,insider,212.5,245.0,245.0,buyer,0.88148,False,237.937,237.0,0.937,ok,"(5, 6)",212.5,32.5,buyer,False,False,0.8815384615384617,0.625,1.0,506
5,6,12,17,241.21,Y,insider,212.5,245.0,245.0,buyer,0.88333,False,237.937,237.0,0.937,ok,"(5, 6)",212.5,32.5,buyer,False,False,0.8833846153846157,0.6875,1.0,506
5,6,13,17,241.16,Y,insider,212.5,245.0,245.0,buyer,0.88194,False,237.937,237.0,0.937,ok,"(5, 6)",212.5,32.5,buyer,False,False,0.8818461538461537,0.75,1.0,506
5,6,14,17,241.24,Y,insider,212.5,245.0,245.0,buyer,0.88428,False,237.937,237.0,0.937,ok,"(5, 6)",212.5,32.5,buyer,False,False,0.8843076923076926,0.8125,1.0,506
5,6,15,17,245.42,Y,insider,212.5,245.0,245.0,buyer,1.01307,False,237.937,237.0,0.937,ok,"(5, 6)",212.5,32.5,buyer,False,False,1.0129230769230766,0.875,1.0,506
5,6,16,17,245.69,Y,insider,212.5,245.0,245.0,buyer,1.02116,False,237.937,237.0,0.937,ok,"(5, 6)",212.5,32.5,buyer,False,False,1.0212307692307692,0.9375,1.0,506
5,6,17,17,250.62,Y,insider,212.5,245.0,245.0,buyer,1.17301,False,237.937,237.0,0.937,ok,"(5, 6)",212.5,32.5,buyer,False,False,1.172923076923077,1.0,1.0,506
5,7,1,20,175.32,Z,insider,212.5,320.0,320.0,buyer,-0.34582,False,207.094,206.0,1.094,ok,"(5, 7)",212.5,107.5,buyer,False,False,-0.34586046511627916,0.0,1.0,507
5,7,2,20,170.94,Z,insider,212.5,320.0,320.0,buyer,-0.38657,False,207.094,206.0,1.094,ok,"(5, 7)",212.5,107.5,buyer,False,False,-0.3866046511627907,0.05263157894736842,1.0,507
5,7,3,20,175.46,Z,insider,212.5,320.0,320.0,buyer,-0.34458,False,207.094,206.0,1.094,ok,"(5, 7)",212.5,107.5,buyer,False,False,-0.3445581395348836,0.10526315789473684,1.0,507
5,7,4,20,190.35,Z,insider,212.5,320.0,320.0,buyer,-0.20604,False,207.094,206.0,1.094,ok,"(5, 7)",212.5,107.5,buyer,False,False,-0.20604651162790702,0.15789473684210525,1.0,507
5,7,5,20,186.59,Z,insider,212.5,320.0,320.0,buyer,-0.24102,False,207.094,206.0,1.094,ok,"(5, 7)",212.5,107.5,buyer,False,False,-0.24102325581395345,0.21052631578947367,1.0,507
5,7,6,20,195.71,Z,insider,212.5,320.0,320.0,buyer,-0.15619,False,207.094,206.0,1.094,ok,"(5, 7)",212.5,107.5,buyer,False,False,-0.15618604651162785,0.2631578947368421,1.0,507
5,7,7,20,195.79,Z,insider,212.5,320.0,320.0,buyer,-0.15544,False,207.094,206.0,1.094,ok,"(5, 7)",212.5,107.5,buyer,False,False,-0.15544186046511635,0.3157894736842105,1.0,507
5,7,8,20,191.95,Z,insider,212.5,320.0,320.0,buyer,-0.19113,False,207.094,206.0,1.094,ok,"(5, 7)",212.5,107.5,buyer,False,False,-0.19116279069767453,0.3684210526315789,1.0,507
5,7,9,20,200.51,Z,insider,212.5,320.0,320.0,buyer,-0.11151,False,207.094,206.0,1.094,ok,"(5, 7)",212.5,107.5,buyer,False,False,-0.11153488372093032,0.42105263157894735,1.0,507
5,7,10,20,200.67,Z,insider,212.5,320.0,320.0,buyer,-0.11006,False,207.094,206.0,1.094,ok,"(5, 7)",212.5,107.5,buyer,False,False,-0.11004651162790709,0.47368421052631576,1.0,507
5,7,11,20,200.69,Z,insider,212.5,320.0,320.0,buyer,-0.10986,False,207.094,206.0,1.094,ok,"(5, 7)",212.5,107.5,buyer,False,False,-0.10986046511627909,0.5263157894736842,1.0,507
5,7,12,20,200.69,Z,insider,212.5,320.0,320.0,buyer,-0.10988,False,207.094,206.0,1.094,ok,"(5, 7)",212.5,107.5,buyer,False,False,-0.10986046511627909,0.5789473684210527,1.0,507
5,7,13,20,206.0,Z,insider,212.5,320.0,320.0,buyer,-0.06044,False,207.094,206.0,1.094,ok,"(5, 7)",212.5,107.5,buyer,False,False,-0.06046511627906977,0.631578947368421,1.0,507
5,7,14,20,201.01,Z,insider,212.5,320.0,320.0,buyer,-0.10686,False,207.094,206.0,1.094,ok,"(5, 7)",212.5,107.5,buyer,False,False,-0.10688372093023264,0.6842105263157895,1.0,507
5,7,15,20,210.83,Z,insider,212.5,320.0,320.0,buyer,-0.0155,False,207.094,206.0,1.094,ok,"(5, 7)",212.5,107.5,buyer,False,False,-0.015534883720930117,0.7368421052631579,1.0,507
5,7,16,20,221.24,Z,insider,212.5,320.0,320.0,buyer,0.08127,False,207.094,206.0,1.094,ok,"(5, 7)",212.5,107.5,buyer,False,False,0.08130232558139543,0.7894736842105263,1.0,507
5,7,17,20,230.81,Z,insider,212.5,320.0,320.0,buyer,0.17036,False,207.094,206.0,1.094,ok,"(5, 7)",212.5,107.5,buyer,False,False,0.17032558139534887,0.8421052631578947,1.0,507
5,7,18,20,240.98,Z,insider,212.5,320.0,320.0,buyer,0.26495,False,207.094,206.0,1.094,ok,"(5, 7)",212.5,107.5,buyer,False,False,0.26493023255813947,0.8947368421052632,1.0,507
5,7,19,20,270.68,Z,insider,212.5,320.0,320.0,buyer,0.5412,False,207.094,206.0,1.094,ok,"(5, 7)",212.5,107.5,buyer,False,False,0.5412093023255815,0.9473684210526315,1.0,507
5,7,20,20,275.65,Z,insider,212.5,320.0,320.0,buyer,0.58746,False,207.094,206.0,1.094,ok,"(5, 7)",212.5,107.5,buyer,False,False,0.587441860465116,1.0,1.0,507
5,8,1,23,250.62,Z,insider,212.5,320.0,320.0,buyer,0.35464,False,278.402,277.0,1.402,ok,"(5, 8)",212.5,107.5,buyer,False,False,0.3546046511627907,0.0,1.0,508
5,8,2,23,250.62,Z,insider,212.5,320.0,320.0,buyer,0.35461,False,278.402,277.0,1.402,ok,"(5, 8)",212.5,107.5,buyer,False,False,0.3546046511627907,0.045454545454545456,1.0,508
5,8,3,23,250.54,Z,insider,212.5,320.0,320.0,buyer,0.3539,False,278.402,277.0,1.402,ok,"(5, 8)",212.5,107.5,buyer,False,False,0.353860465116279,0.09090909090909091,1.0,508
5,8,4,23,250.69,Z,insider,212.5,320.0,320.0,buyer,0.35524,False,278.402,277.0,1.402,ok,"(5, 8)",212.5,107.5,buyer,False,False,0.3552558139534884,0.13636363636363635,1.0,508
5,8,5,23,260.49,Z,insider,212.5,320.0,320.0,buyer,0.44639,False,278.402,277.0,1.402,ok,"(5, 8)",212.5,107.5,buyer,False,False,0.4464186046511629,0.18181818181818182,1.0,508
5,8,6,23,260.63,Z,insider,212.5,320.0,320.0,buyer,0.44773,False,278.402,277.0,1.402,ok,"(5, 8)",212.5,107.5,buyer,False,False,0.4477209302325581,0.22727272727272727,1.0,508
5,8,7,23,270.95,Z,insider,212.5,320.0,320.0,buyer,0.54369,False,278.402,277.0,1.402,ok,"(5, 8)",212.5,107.5,buyer,False,False,0.5437209302325581,0.2727272727272727,1.0,508
5,8,8,23,276.14,Z,insider,212.5,320.0,320.0,buyer,0.59199,False,278.402,277.0,1.402,ok,"(5, 8)",212.5,107.5,buyer,False,False,0.5919999999999999,0.3181818181818182,1.0,508
5,8,9,23,276.25,Z,insider,212.5,320.0,320.0,buyer,0.59299,False,278.402,277.0,1.402,ok,"(5, 8)",212.5,107.5,buyer,False,False,0.5930232558139535,0.36363636363636365,1.0,508
5,8,10,23,280.71,Z,insider,212.5,320.0,320.0,buyer,0.63455,False,278.402,277.0,1.402,ok,"(5, 8)",212.5,107.5,buyer,False,False,0.6345116279069766,0.4090909090909091,1.0,508
5,8,11,23,280.97,Z,insider,212.5,320.0,320.0,buyer,0.63695,False,278.402,277.0,1.402,ok,"(5, 8)",212.5,107.5,buyer,False,False,0.6369302325581397,0.45454545454545453,1.0,508
5,8,12,23,281.05,Z,insider,212.5,320.0,320.0,buyer,0.63766,False,278.402,277.0,1.402,ok,"(5, 8)",212.5,107.5,buyer,False,False,0.6376744186046512,0.5,1.0,508
5,8,13,23,285.95,Z,insider,212.5,320.0,320.0,buyer,0.68323,False,278.402,277.0,1.402,ok,"(5, 8)",212.5,107.5,buyer,False,False,0.6832558139534882,0.5454545454545454,1.0,508
5,8,14,23,286.18,Z,insider,212.5,320.0,320.0,buyer,0.6854,False,278.402,277.0,1.402,ok,"(5, 8)",212.5,107.5,buyer,False,False,0.6853953488372093,0.5909090909090909,1.0,508
5,8,15,23,290.8,Z,insider,212.5,320.0,320.0,buyer,0.72833,False,278.402,277.0,1.402,ok,"(5, 8)",212.5,107.5,buyer,False,False,0.7283720930232559,0.6363636363636364,1.0,508
5,8,16,23,290.82,Z,insider,212.5,320.0,320.0,buyer,0.72853,False,278.402,277.0,1.402,ok,"(5, 8)",212.5,107.5,buyer,False,False,0.7285581395348837,0.6818181818181818,1.0,508
5,8,17,23,291.01,Z,insider,212.5,320.0,320.0,buyer,0.73033,False,278.402,277.0,1.402,ok,"(5, 8)",212.5,107.5,buyer,False,False,0.7303255813953488,0.7272727272727273,1.0,508
5,8,18,23,291.03,Z,insider,212.5,320.0,320.0,buyer,0.73053,False,278.402,277.0,1.402,ok,"(5, 8)",212.5,107.5,buyer,False,False,0.7305116279069764,0.7727272727272727,1.0,508
5,8,19,23,291.09,Z,insider,212.5,320.0,320.0,buyer,0.73105,False,278.402,277.0,1.402,ok,"(5, 8)",212.5,107.5,buyer,False,False,0.7310697674418603,0.8181818181818182,1.0,508
5,8,20,23,296.48,Z,insider,212.5,320.0,320.0,buyer,0.78119,False,278.402,277.0,1.402,ok,"(5, 8)",212.5,107.5,buyer,False,False,0.7812093023255816,0.8636363636363636,1.0,508
5,8,21,23,296.7,Z,insider,212.5,320.0,320.0,buyer,0.78322,False,278.402,277.0,1.402,ok,"(5, 8)",212.5,107.5,buyer,False,False,0.7832558139534883,0.9090909090909091,1.0,508
5,8,22,23,296.77,Z,insider,212.5,320.0,320.0,buyer,0.78388,False,278.402,277.0,1.402,ok,"(5, 8)",212.5,107.5,buyer,False,False,0.7839069767441859,0.9545454545454546,1.0,508
5,8,23,23,296.76,Z,insider,212.5,320.0,320.0,buyer,0.78385,False,278.402,277.0,1.402,ok,"(5, 8)",212.5,107.5,buyer,False,False,0.783813953488372,1.0,1.0,508
5,9,1,21,241.19,Y,insider,212.5,245.0,245.0,buyer,0.88273,False,241.224,240.0,1.224,ok,"(5, 9)",212.5,32.5,buyer,False,False,0.8827692307692308,0.0,1.0,509
5,9,2,21,241.31,Y,insider,212.5,245.0,245.0,buyer,0.88642,False,241.224,240.0,1.224,ok,"(5, 9)",212.5,32.5,buyer,False,False,0.8864615384615385,0.05,1.0,509
5,9,3,21,250.95,Y,insider,212.5,245.0,245.0,buyer,1.18299,False,241.224,240.0,1.224,ok,"(5, 9)",212.5,32.5,buyer,False,False,1.1830769230769227,0.1,1.0,509
5,9,4,21,250.94,Y,insider,212.5,245.0,245.0,buyer,1.1829,False,241.224,240.0,1.224,ok,"(5, 9)",212.5,32.5,buyer,False,False,1.1827692307692308,0.15,1.0,509
5,9,5,21,241.3,Y,insider,212.5,245.0,245.0,buyer,0.88631,False,241.224,240.0,1.224,ok,"(5, 9)",212.5,32.5,buyer,False,False,0.8861538461538465,0.2,1.0,509
5,9,6,21,241.21,Y,insider,212.5,245.0,245.0,buyer,0.88354,False,241.224,240.0,1.224,ok,"(5, 9)",212.5,32.5,buyer,False,False,0.8833846153846157,0.25,1.0,509
5,9,7,21,241.19,Y,insider,212.5,245.0,245.0,buyer,0.88291,False,241.224,240.0,1.224,ok,"(5, 9)",212.5,32.5,buyer,False,False,0.8827692307692308,0.3,1.0,509
5,9,8,21,241.17,Y,insider,212.5,245.0,245.0,buyer,0.88205,False,241.224,240.0,1.224,ok,"(5, 9)",212.5,32.5,buyer,False,False,0.8821538461538457,0.35,1.0,509
5,9,9,21,241.1,Y,insider,212.5,245.0,245.0,buyer,0.88015,False,241.224,240.0,1.224,ok,"(5, 9)",212.5,32.5,buyer,False,False,0.8799999999999998,0.4,1.0,509
5,9,10,21,236.22,Y,insider,212.5,245.0,245.0,buyer,0.72993,False,241.224,240.0,1.224,ok,"(5, 9)",212.5,32.5,buyer,False,False,0.7298461538461538,0.45,1.0,509
5,9,11,21,236.15,Y,insider,212.5,245.0,245.0,buyer,0.72757,False,241.224,240.0,1.224,ok,"(5, 9)",212.5,32.5,buyer,False,False,0.7276923076923079,0.5,1.0,509
5,9,12,21,236.16,Y,insider,212.5,245.0,245.0,buyer,0.72804,False,241.224,240.0,1.224,ok,"(5, 9)",212.5,32.5,buyer,False,False,0.7279999999999999,0.55,1.0,509
5,9,13,21,236.25,Y,insider,212.5,245.0,245.0,buyer,0.73062,False,241.224,240.0,1.224,ok,"(5, 9)",212.5,32.5,buyer,False,False,0.7307692307692307,0.6,1.0,509
5,9,14,21,241.15,Y,insider,212.5,245.0,245.0,buyer,0.88147,False,241.224,240.0,1.224,ok,"(5, 9)",212.5,32.5,buyer,False,False,0.8815384615384617,0.65,1.0,509
5,9,15,21,241.27,Y,insider,212.5,245.0,245.0,buyer,0.88527,False,241.224,240.0,1.224,ok,"(5, 9)",212.5,32.5,buyer,False,False,0.8852307692307696,0.7,1.0,509
5,9,16,21,241.27,Y,insider,212.5,245.0,245.0,buyer,0.88517,False,241.224,240.0,1.224,ok,"(5, 9)",212.5,32.5,buyer,False,False,0.8852307692307696,0.75,1.0,509
5,9,17,21,241.29,Y,insider,212.5,245.0,245.0,buyer,0.88573,False,241.224,240.0,1.224,ok,"(5, 9)",212.5,32.5,buyer,False,False,0.8858461538461536,0.8,1.0,509
5,9,18,21,241.36,Y,insider,212.5,245.0,245.0,buyer,0.8879,False,241.224,240.0,1.224,ok,"(5, 9)",212.5,32.5,buyer,False,False,0.8880000000000005,0.85,1.0,509
5,9,19,21,241.41,Y,insider,212.5,245.0,245.0,buyer,0.88951,False,241.224,240.0,1.224,ok,"(5, 9)",212.5,32.5,buyer,False,False,0.8895384615384614,0.9,1.0,509
5,9,20,21,241.39,Y,insider,212.5,245.0,245.0,buyer,0.88886,False,241.224,240.0,1.224,ok,"(5, 9)",212.5,32.5,buyer,False,False,0.8889230769230765,0.95,1.0,509
5,9,21,21,241.42,Y,insider,212.5,245.0,245.0,buyer,0.8899,False,241.224,240.0,1.224,ok,"(5, 9)",212.5,32.5,buyer,False,False,0.8898461538461535,1.0,1.0,509
5,10,1,20,241.23,Y,insider,212.5,245.0,245.0,buyer,0.88401,False,241.23,240.0,1.23,unmatched_band:241.2,"(5, 10)",212.5,32.5,buyer,False,False,0.8839999999999997,0.0,1.0,510
5,10,2,20,241.26,Y,insider,212.5,245.0,245.0,buyer,0.88505,False,241.23,240.0,1.23,unmatched_band:241.2,"(5, 10)",212.5,32.5,buyer,False,False,0.8849230769230766,0.05263157894736842,1.0,510
5,10,3,20,241.3,Y,insider,212.5,245.0,245.0,buyer,0.8861,False,241.23,240.0,1.23,unmatched_band:241.2,"(5, 10)",212.5,32.5,buyer,False,False,0.8861538461538465,0.10526315789473684,1.0,510
5,10,4,20,241.17,Y,insider,212.5,245.0,245.0,buyer,0.88215,False,241.23,240.0,1.23,unmatched_band:241.2,"(5, 10)",212.5,32.5,buyer,False,False,0.8821538461538457,0.15789473684210525,1.0,510
5,10,5,20,241.33,Y,insider,212.5,245.0,245.0,buyer,0.88704,False,241.23,240.0,1.23,unmatched_band:241.2,"(5, 10)",212.5,32.5,buyer,False,False,0.8870769230769234,0.21052631578947367,1.0,510
5,10,6,20,241.33,Y,insider,212.5,245.0,245.0,buyer,0.88694,False,241.23,240.0,1.23,unmatched_band:241.2,"(5, 10)",212.5,32.5,buyer,False,False,0.8870769230769234,0.2631578947368421,1.0,510
5,10,7,20,241.2,Y,insider,212.5,245.0,245.0,buyer,0.88306,False,241.23,240.0,1.23,unmatched_band:241.2,"(5, 10)",212.5,32.5,buyer,False,False,0.8830769230769228,0.3157894736842105,1.0,510
5,10,8,20,241.3,Y,insider,212.5,245.0,245.0,buyer,0.88629,False,241.23,240.0,1.23,unmatched_band:241.2,"(5, 10)",212.5,32.5,buyer,False,False,0.8861538461538465,0.3684210526315789,1.0,510
5,10,9,20,241.21,Y,insider,212.5,245.0,245.0,buyer,0.88325,False,241.23,240.0,1.23,unmatched_band:241.2,"(5, 10)",212.5,32.5,buyer,False,False,0.8833846153846157,0.42105263157894735,1.0,510
5,10,10,20,241.18,Y,insider,212.5,245.0,245.0,buyer,0.88247,False,241.23,240.0,1.23,unmatched_band:241.2,"(5, 10)",212.5,32.5,buyer,False,False,0.8824615384615386,0.47368421052631576,1.0,510
5,10,11,20,241.12,Y,insider,212.5,245.0,245.0,buyer,0.88056,False,241.23,240.0,1.23,unmatched_band:241.2,"(5, 10)",212.5,32.5,buyer,False,False,0.8806153846153848,0.5263157894736842,1.0,510
5,10,12,20,241.13,Y,insider,212.5,245.0,245.0,buyer,0.88106,False,241.23,240.0,1.23,unmatched_band:241.2,"(5, 10)",212.5,32.5,buyer,False,False,0.8809230769230768,0.5789473684210527,1.0,510
5,10,13,20,241.18,Y,insider,212.5,245.0,245.0,buyer,0.88248,False,241.23,240.0,1.23,unmatched_band:241.2,"(5, 10)",212.5,32.5,buyer,False,False,0.8824615384615386,0.631578947368421,1.0,510
5,10,14,20,241.28,Y,insider,212.5,245.0,245.0,buyer,0.8854,False,241.23,240.0,1.23,unmatched_band:241.2,"(5, 10)",212.5,32.5,buyer,False,False,0.8855384615384616,0.6842105263157895,1.0,510
5,10,15,20,241.22,Y,insider,212.5,245.0,245.0,buyer,0.88379,False,241.23,240.0,1.23,unmatched_band:241.2,"(5, 10)",212.5,32.5,buyer,False,False,0.8836923076923077,0.7368421052631579,1.0,510
5,10,16,20,241.18,Y,insider,212.5,245.0,245.0,buyer,0.88256,False,241.23,240.0,1.23,unmatched_band:241.2,"(5, 10)",212.5,32.5,buyer,False,False,0.8824615384615386,0.7894736842105263,1.0,510
5,10,17,20,241.33,Y,insider,212.5,245.0,245.0,buyer,0.88722,False,241.23,240.0,1.23,unmatched_band:241.2,"(5, 10)",212.5,32.5,buyer,False,False,0.8870769230769234,0.8421052631578947,1.0,510
5,10,18,20,241.29,Y,insider,212.5,245.0,245.0,buyer,0.88578,False,241.23,240.0,1.23,unmatched_band:241.2,"(5, 10)",212.5,32.5,buyer,False,False,0.8858461538461536,0.8947368421052632,1.0,510
5,10,19,20,241.18,Y,insider,212.5,245.0,245.0,buyer,0.88251,False,241.23,240.0,1.23,unmatched_band:241.2,"(5, 10)",212.5,32.5,buyer,False,False,0.8824615384615386,0.9473684210526315,1.0,510
5,10,20,20,241.18,Y,insider,212.5,245.0,245.0,buyer,0.88257,False,241.23,240.0,1.23,unmatched_band:241.2,"(5, 10)",212.5,32.5,buyer,False,False,0.8824615384615386,1.0,1.0,510
5,11,1,18,211.03,X,insider,212.5,180.0,212.0,seller,0.04511,True,181.19,180.0,1.19,unmatched_band:176.0,"(5, 11)",212.5,-32.5,seller,False,False,0.04523076923076919,0.0,0.0,511
5,11,2,18,210.99,X,insider,212.5,180.0,212.0,seller,0.0464,True,181.19,180.0,1.19,unmatched_band:176.0,"(5, 11)",212.5,-32.5,seller,False,False,0.04646153846153818,0.058823529411764705,0.0,511
5,11,3,18,201.05,X,insider,212.5,180.0,212.0,seller,0.35219,True,181.19,180.0,1.19,unmatched_band:176.0,"(5, 11)",212.5,-32.5,seller,False,False,0.35230769230769193,0.11764705882352941,0.0,511
5,11,4,18,176.02,X,insider,212.5,180.0,212.0,seller,1.12248,True,181.19,180.0,1.19,unmatched_band:176.0,"(5, 11)",212.5,-32.5,seller,False,False,1.1224615384615382,0.17647058823529413,0.0,511
5,11,5,18,175.91,X,insider,212.5,180.0,212.0,seller,1.1257,True,181.19,180.0,1.19,unmatched_band:176.0,"(5, 11)",212.5,-32.5,seller,False,False,1.125846153846154,0.23529411764705882,0.0,511
5,11,6,18,175.87,X,insider,212.5,180.0,212.0,seller,1.12719,True,181.19,180.0,1.19,unmatched_band:176.0,"(5, 11)",212.5,-32.5,seller,False,False,1.1270769230769229,0.29411764705882354,0.0,511
5,11,7,18,175.85,X,insider,212.5,180.0,212.0,seller,1.12766,True,181.19,180.0,1.19,unmatched_band:176.0,"(5, 11)",212.5,-32.5,seller,False,False,1.1276923076923078,0.35294117647058826,0.0,511
5,11,8,18,175.79,X,insider,212.5,180.0,212.0,seller,1.12964,True,181.19,180.0,1.19,unmatched_band:176.0,"(5, 11)",212.5,-32.5,seller,False,False,1.1295384615384618,0.4117647058823529,0.0,511
5,11,9,18,175.78,X,insider,212.5,180.0,212.0,seller,1.12974,True,181.19,180.0,1.19,unmatched_band:176.0,"(5, 11)",212.5,-32.5,seller,False,False,1.1298461538461537,0.47058823529411764,0.0,511
5,11,10,18,175.8,X,insider,212.5,180.0,212.0,seller,1.12908,True,181.19,180.0,1.19,unmatched_band:176.0,"(5, 11)",212.5,-32.5,seller,False,False,1.1292307692307688,0.5294117647058824,0.0,511
5,11,11,18,175.83,X,insider,212.5,180.0,212.0,seller,1.12842,True,181.19,180.0,1.19,unmatched_band:176.0,"(5, 11)",212.5,-32.5,seller,False,False,1.128307692307692,0.5882352941176471,0.0,511
5,11,12,18,175.73,X,insider,212.5,180.0,212.0,seller,1.13154,True,181.19,180.0,1.19,unmatched_band:176.0,"(5, 11)",212.5,-32.5,seller,False,False,1.1313846153846157,0.6470588235294118,0.0,511
5,11,13,18,175.81,X,insider,212.5,180.0,212.0,seller,1.12892,True,181.19,180.0,1.19,unmatched_band:176.0,"(5, 11)",212.5,-32.5,seller,False,False,1.128923076923077,0.7058823529411765,0.0,511
5,11,14,18,175.76,X,insider,212.5,180.0,212.0,seller,1.1306,True,181.19,180.0,1.19,unmatched_band:176.0,"(5, 11)",212.5,-32.5,seller,False,False,1.1304615384615389,0.7647058823529411,0.0,511
5,11,15,18,175.77,X,insider,212.5,180.0,212.0,seller,1.13014,True,181.19,180.0,1.19,unmatched_band:176.0,"(5, 11)",212.5,-32.5,seller,False,False,1.1301538461538458,0.8235294117647058,0.0,511
5,11,16,18,175.69,X,insider,212.5,180.0,212.0,seller,1.13268,True,181.19,180.0,1.19,unmatched_band:176.0,"(5, 11)",212.5,-32.5,seller,False,False,1.1326153846153846,0.8823529411764706,0.0,511
5,11,17,18,175.76,X,insider,212.5,180.0,212.0,seller,1.1305,True,181.19,180.0,1.19,unmatched_band:176.0,"(5, 11)",212.5,-32.5,seller,False,False,1.1304615384615389,0.9411764705882353,0.0,511
5,11,18,18,176.98,X,insider,212.5,180.0,212.0,seller,1.0928,True,181.19,180.0,1.19,unmatched_band:176.0,"(5, 11)",212.5,-32.5,seller,False,False,1.0929230769230773,1.0,0.0,511
5,12,1,18,241.18,Y,insider,212.5,245.0,245.0,buyer,0.88251,False,241.215,240.0,1.215,unmatched_band:241.3,"(5, 12)",212.5,32.5,buyer,False,False,0.8824615384615386,0.0,1.0,512
5,12,2,18,241.1,Y,insider,212.5,245.0,245.0,buyer,0.88015,False,241.215,240.0,1.215,unmatched_band:241.3,"(5, 12)",212.5,32.5,buyer,False,False,0.8799999999999998,0.058823529411764705,1.0,512
5,12,3,18,241.14,Y,insider,212.5,245.0,245.0,buyer,0.88118,False,241.215,240.0,1.215,unmatched_band:241.3,"(5, 12)",212.5,32.5,buyer,False,False,0.8812307692307688,0.11764705882352941,1.0,512
5,12,4,18,241.14,Y,insider,212.5,245.0,245.0,buyer,0.88109,False,241.215,240.0,1.215,unmatched_band:241.3,"(5, 12)",212.5,32.5,buyer,False,False,0.8812307692307688,0.17647058823529413,1.0,512
5,12,5,18,241.07,Y,insider,212.5,245.0,245.0,buyer,0.87918,False,241.215,240.0,1.215,unmatched_band:241.3,"(5, 12)",212.5,32.5,buyer,False,False,0.8790769230769229,0.23529411764705882,1.0,512
5,12,6,18,241.13,Y,insider,212.5,245.0,245.0,buyer,0.88089,False,241.215,240.0,1.215,unmatched_band:241.3,"(5, 12)",212.5,32.5,buyer,False,False,0.8809230769230768,0.29411764705882354,1.0,512
5,12,7,18,241.06,Y,insider,212.5,245.0,245.0,buyer,0.87885,False,241.215,240.0,1.215,unmatched_band:241.3,"(5, 12)",212.5,32.5,buyer,False,False,0.8787692307692309,0.35294117647058826,1.0,512
5,12,8,18,241.22,Y,insider,212.5,245.0,245.0,buyer,0.88373,False,241.215,240.0,1.215,unmatched_band:241.3,"(5, 12)",212.5,32.5,buyer,False,False,0.8836923076923077,0.4117647058823529,1.0,512
5,12,9,18,241.27,Y,insider,212.5,245.0,245.0,buyer,0.88514,False,241.215,240.0,1.215,unmatched_band:241.3,"(5, 12)",212.5,32.5,buyer,False,False,0.8852307692307696,0.47058823529411764,1.0,512
5,12,10,18,241.15,Y,insider,212.5,245.0,245.0,buyer,0.88163,False,241.215,240.0,1.215,unmatched_band:241.3,"(5, 12)",212.5,32.5,buyer,False,False,0.8815384615384617,0.5294117647058824,1.0,512
5,12,11,18,241.08,Y,insider,212.5,245.0,245.0,buyer,0.87927,False,241.215,240.0,1.215,unmatched_band:241.3,"(5, 12)",212.5,32.5,buyer,False,False,0.8793846153846158,0.5882352941176471,1.0,512
5,12,12,18,241.14,Y,insider,212.5,245.0,245.0,buyer,0.88123,False,241.215,240.0,1.215,unmatched_band:241.3,"(5, 12)",212.5,32.5,buyer,False,False,0.8812307692307688,0.6470588235294118,1.0,512
5,12,13,18,242.39,Y,insider,212.5,245.0,245.0,buyer,0.91973,False,241.215,240.0,1.215,unmatched_band:241.3,"(5, 12)",212.5,32.5,buyer,False,False,0.9196923076923073,0.7058823529411765,1.0,512
5,12,14,18,241.05,Y,insider,212.5,245.0,245.0,buyer,0.87861,False,241.215,240.0,1.215,unmatched_band:241.3,"(5, 12)",212.5,32.5,buyer,False,False,0.8784615384615388,0.7647058823529411,1.0,512
5,12,15,18,241.06,Y,insider,212.5,245.0,245.0,buyer,0.8789,False,241.215,240.0,1.215,unmatched_band:241.3,"(5, 12)",212.5,32.5,buyer,False,False,0.8787692307692309,0.8235294117647058,1.0,512
5,12,16,18,241.12,Y,insider,212.5,245.0,245.0,buyer,0.88058,False,241.215,240.0,1.215,unmatched_band:241.3,"(5, 12)",212.5,32.5,buyer,False,False,0.8806153846153848,0.8823529411764706,1.0,512
5,12,17,18,241.28,Y,insider,212.5,245.0,245.0,buyer,0.8855,False,241.215,240.0,1.215,unmatched_band:241.3,"(5, 12)",212.5,32.5,buyer,False,False,0.8855384615384616,0.9411764705882353,1.0,512
5,12,18,18,241.28,Y,insider,212.5,245.0,245.0,buyer,0.8854,False,241.215,240.0,1.215,unmatched_band:241.3,"(5, 12)",212.5,32.5,buyer,False,False,0.8855384615384616,1.0,1.0,512
5,13,1,16,286.3,Z,insider,212.5,320.0,320.0,buyer,0.68651,False,296.813,296.0,0.813,ok,"(5, 13)",212.5,107.5,buyer,False,False,0.6865116279069768,0.0,1.0,513
5,13,2,16,286.24,Z,insider,212.5,320.0,320.0,buyer,0.68591,False,296.813,296.0,0.813,ok,"(5, 13)",212.5,107.5,buyer,False,False,0.6859534883720931,0.06666666666666667,1.0,513
5,13,3,16,291.05,Z,insider,212.5,320.0,320.0,buyer,0.73067,False,296.813,296.0,0.813,ok,"(5, 13)",212.5,107.5,buyer,False,False,0.7306976744186048,0.13333333333333333,1.0,513
5,13,4,16,291.12,Z,insider,212.5,320.0,320.0,buyer,0.73132,False,296.813,296.0,0.813,ok,"(5, 13)",212.5,107.5,buyer,False,False,0.7313488372093023,0.2,1.0,513
5,13,5,16,291.13,Z,insider,212.5,320.0,320.0,buyer,0.73143,False,296.813,296.0,0.813,ok,"(5, 13)",212.5,107.5,buyer,False,False,0.7314418604651163,0.26666666666666666,1.0,513
5,13,6,16,291.23,Z,insider,212.5,320.0,320.0,buyer,0.73241,False,296.813,296.0,0.813,ok,"(5, 13)",212.5,107.5,buyer,False,False,0.732372093023256,0.3333333333333333,1.0,513
5,13,7,16,295.97,Z,insider,212.5,320.0,320.0,buyer,0.77648,False,296.813,296.0,0.813,ok,"(5, 13)",212.5,107.5,buyer,False,False,0.77646511627907,0.4,1.0,513
5,13,8,16,296.1,Z,insider,212.5,320.0,320.0,buyer,0.77769,False,296.813,296.0,0.813,ok,"(5, 13)",212.5,107.5,buyer,False,False,0.7776744186046514,0.4666666666666667,1.0,513
5,13,9,16,291.57,Z,insider,212.5,320.0,320.0,buyer,0.73558,False,296.813,296.0,0.813,ok,"(5, 13)",212.5,107.5,buyer,False,False,0.7355348837209301,0.5333333333333333,1.0,513
5,13,10,16,296.04,Z,insider,212.5,320.0,320.0,buyer,0.77708,False,296.813,296.0,0.813,ok,"(5, 13)",212.5,107.5,buyer,False,False,0.7771162790697677,0.6,1.0,513
5,13,11,16,296.3,Z,insider,212.5,320.0,320.0,buyer,0.77957,False,296.813,296.0,0.813,ok,"(5, 13)",212.5,107.5,buyer,False,False,0.7795348837209304,0.6666666666666666,1.0,513
5,13,12,16,301.3,Z,insider,212.5,320.0,320.0,buyer,0.82605,False,296.813,296.0,0.813,ok,"(5, 13)",212.5,107.5,buyer,False,False,0.8260465116279071,0.7333333333333333,1.0,513
5,13,13,16,301.33,Z,insider,212.5,320.0,320.0,buyer,0.82636,False,296.813,296.0,0.813,ok,"(5, 13)",212.5,107.5,buyer,False,False,0.8263255813953487,0.8,1.0,513
5,13,14,16,301.39,Z,insider,212.5,320.0,320.0,buyer,0.82688,False,296.813,296.0,0.813,ok,"(5, 13)",212.5,107.5,buyer,False,False,0.8268837209302324,0.8666666666666667,1.0,513
5,13,15,16,315.87,Z,insider,212.5,320.0,320.0,buyer,0.96158,False,296.813,296.0,0.813,ok,"(5, 13)",212.5,107.5,buyer,False,False,0.9615813953488372,0.9333333333333333,1.0,513
5,13,16,16,316.06,Z,insider,212.5,320.0,320.0,buyer,0.96338,False,296.813,296.0,0.813,ok,"(5, 13)",212.5,107.5,buyer,False,False,0.9633488372093023,1.0,1.0,513
