market,period,state,info,side,vbar,re_price,second_val,span_francs,band_lo_price,band_hi_price,band_lo_D,band_hi_D,band_width_D,band_width_francs,quality_flag,count_uncertain,flagged,mean_printed,mean_recovered,mean_residual,n_trades,D_first,D_last,D_mean,D_min,D_max,D_change,p_first,p_last,p_mean,francs_first,francs_last,francs_change,gap_francs_first,gap_francs_last,slope_D_per_trade,p_slope_trade,slope_D_per_norm,p_slope_norm,slope_francs_per_trade,slope_D_norm_h1,p_slope_h1,slope_D_norm_h2,p_slope_h2,slope_D_trade_h1,slope_D_trade_h2,D_h1_mean,D_h2_mean,D_dec1,D_dec2,D_dec3,D_dec4,D_dec5,D_dec6,D_dec7,D_dec8,D_dec9,D_dec10,D_qui1,D_qui2,D_qui3,D_qui4,D_qui5,n_in_band,frac_in_band,ttb_index,ttb_frac,reached_band,ended_in_band,tt80_index,tt80_frac,reached_D80,ended_D80,ttn_index,ttn_frac,reached_near,ended_near,n_beyond_RE,frac_beyond_RE,any_beyond_RE,k_side,k_state,layer,source,band_degenerate
1,1,Y,none,,283.3333333333333,283.3333333333333,283.3333333333333,0.0,283.3333333333333,283.3333333333333,,,,0.0,ok,False,False,239.0,239.412,0.412,17,,,,,,,,,,,,,,,,,,,,,,,,,,,,,,,,,,,,,,,,,,,,,,,,,,,,,,,,,,,,,,L3_appendix_transcribed,results/human/trades.csv,False
1,2,Y,none,,283.3333333333333,283.3333333333333,283.3333333333333,0.0,283.3333333333333,283.3333333333333,,,,0.0,mean_mismatch,False,True,269.0,263.929,-5.071,14,,,,,,,,,,,,,,,,,,,,,,,,,,,,,,,,,,,,,,,,,,,,,,,,,,,,,,,,,,,,,,L3_appendix_transcribed,results/human/trades.csv,False
1,3,X,none,,283.3333333333333,283.3333333333333,283.3333333333333,0.0,283.3333333333333,283.3333333333333,,,,0.0,ok,False,False,272.0,271.786,-0.214,14,,,,,,,,,,,,,,,,,,,,,,,,,,,,,,,,,,,,,,,,,,,,,,,,,,,,,,,,,,,,,,L3_appendix_transcribed,results/human/trades.csv,False
1,4,Y,none,,283.3333333333333,283.3333333333333,283.3333333333333,0.0,283.3333333333333,283.3333333333333,,,,0.0,ok,True,False,280.0,279.5,-0.5,10,,,,,,,,,,,,,,,,,,,,,,,,,,,,,,,,,,,,,,,,,,,,,,,,,,,,,,,,,,,,,,L3_appendix_transcribed,results/human/trades.csv,False
1,5,Y,insider,buyer,283.3333333333333,320.12835472578763,292.5320886814469,36.795021392454316,292.5320886814469,320.12835472578763,0.2500000000000004,1.0,0.7499999999999996,27.596266044340723,ok,False,False,289.0,289.412,0.412,17,0.04529598308668125,0.4529598308668079,0.16519711478671853,-0.09059196617336096,0.4529598308668079,0.40766384778012665,285.0,300.0,289.4117647058824,1.6666666666666856,16.666666666666686,15.0,35.12835472578763,20.12835472578763,0.017652111055838818,0.001497550992107121,0.2824337768934211,0.001497550992107121,0.6495098039215687,0.0,1.0,0.5694352159468435,0.00771059138396479,0.0,0.03558970099667772,0.090591966173362,0.24912790697674458,0.11323995771670237,0.11323995771670237,-0.09059196617336096,0.11323995771670237,0.18118393234672348,0.11323995771670237,0.18118393234672348,0.18118393234672348,0.24912790697674458,0.3850158562367868,0.11323995771670237,0.04529598308668126,0.13588794926004275,0.18118393234672348,0.3170718816067657,3.0,0.17647058823529413,15.0,0.8823529411764706,True,True,,,False,False,15.0,0.8823529411764706,True,True,0.0,0.0,False,1.0,,L3_appendix_transcribed,results/human/trades.csv,False
1,6,X,insider,seller,283.3333333333333,272.2361553582322,238.9446214329289,-11.09717797510109,238.9446214329289,272.2361553582322,1.0,4.000000000000005,3.0000000000000053,33.29153392530333,ok,False,False,290.0,289.583,-0.417,12,-0.6007533340120154,-0.6007533340120154,-0.5632062506362645,-0.6007533340120154,-0.15018833350300512,0.0,290.0,290.0,289.5833333333333,6.666666666666686,6.666666666666686,0.0,17.763844641767776,17.763844641767776,0.011027814697772977,0.33389313645066043,0.12130596167550282,0.3338931364506602,-0.12237762237762238,0.0,,0.14160614301711766,0.804726162223106,0.0,0.012873285728828865,-0.6007533340120154,-0.5256591672605136,-0.6007533340120154,-0.6007533340120154,-0.6007533340120154,-0.6007533340120154,-0.6007533340120154,-0.6007533340120154,-0.6007533340120154,-0.6007533340120154,-0.15018833350300512,-0.6007533340120154,-0.6007533340120154,-0.6007533340120154,-0.6007533340120154,-0.6007533340120154,-0.4505650005090119,0.0,0.0,,,False,False,,,False,False,1.0,0.08333333333333333,True,True,0.0,0.0,False,1.0,,L3_appendix_transcribed,results/human/trades.csv,False
1,7,Y,insider,buyer,283.3333333333333,320.12835472578763,292.5320886814469,36.795021392454316,292.5320886814469,320.12835472578763,0.2500000000000004,1.0,0.7499999999999996,27.596266044340723,ok,False,False,301.0,300.714,-0.286,14,0.18118393234672348,0.5888477801268501,0.47237239504681383,0.18118393234672348,0.5888477801268501,0.40766384778012665,290.0,305.0,300.7142857142857,6.666666666666686,21.666666666666686,15.0,30.12835472578763,15.12835472578763,0.024489696350161454,4.761827153600264e-05,0.3183660525520989,4.761827153600307e-05,0.9010989010989011,0.5047266686801568,0.03674259800515247,0.315454167925098,0.03431659920639629,0.03882512836001206,0.02426570522500754,0.3947221383267898,0.5500226517668381,0.24912790697674458,0.4529598308668079,0.4529598308668079,0.4529598308668079,0.4529598308668079,0.4529598308668079,0.520903805496829,0.5888477801268501,0.5888477801268501,0.5888477801268501,0.3170718816067657,0.4529598308668079,0.4529598308668079,0.5435517970401694,0.5888477801268501,13.0,0.9285714285714286,2.0,0.14285714285714285,True,True,,,False,False,2.0,0.14285714285714285,True,True,0.0,0.0,False,2.0,,L3_appendix_transcribed,results/human/trades.csv,False
1,8,Y,insider,seller,283.3333333333333,261.548480972553,253.8060761097877,-21.78485236078029,253.8060761097877,261.548480972553,1.0,1.3554031367549737,0.3554031367549737,7.742404862765312,ok,False,False,289.0,289.5,0.5,10,-0.3060230363859991,-0.5355403136754978,-0.2830713086570492,-0.5355403136754978,-0.07650575909650043,-0.22951727728949872,290.0,295.0,289.5,6.666666666666686,11.666666666666686,5.0,28.451519027446977,33.45151902744698,0.00417304140526361,0.7898482749872356,0.037557372647372474,0.7898482749872358,-0.09090909090909091,0.0,,-0.20656554956054898,0.7608203755145105,0.0,-0.022951727728949878,-0.3060230363859991,-0.2601195809280994,-0.3060230363859991,-0.3060230363859991,-0.3060230363859991,-0.3060230363859991,-0.3060230363859991,-0.3060230363859991,-0.3060230363859991,-0.07650575909650043,-0.07650575909650043,-0.5355403136754978,-0.3060230363859991,-0.3060230363859991,-0.3060230363859991,-0.19126439774124976,-0.30602303638599915,0.0,0.0,,,False,False,,,False,False,,,False,False,0.0,0.0,False,2.0,,L3_appendix_transcribed,results/human/trades.csv,False
1,9,Y,all,buyer,283.3333333333333,337.64478764478764,296.91119691119695,54.31145431145433,296.91119691119695,337.64478764478764,0.25000000000000105,1.0,0.7499999999999989,40.73359073359069,ok,False,False,310.0,309.688,-0.312,16,0.3068720379146922,1.0433649289099527,0.48524140995260684,0.3068720379146922,1.0433649289099527,0.7364928909952605,300.0,340.0,309.6875,16.666666666666686,56.666666666666686,40.0,37.64478764478764,2.355212355212359,0.0467077293002509,0.0002883464969662679,0.7006159395037634,0.0002883464969662692,2.536764705882353,0.11507701421800942,0.13397459621556135,1.7425947867298572,0.004511751129035705,0.007671800947867296,0.11617298578199049,0.3183797393364931,0.6521030805687206,0.3068720379146922,0.3068720379146922,0.3068720379146922,0.3068720379146922,0.35290284360189594,0.39893364928909975,0.39893364928909975,0.39893364928909975,0.76718009478673,1.0433649289099527,0.3068720379146922,0.3068720379146922,0.3682464454976306,0.39893364928909975,0.9052725118483413,13.0,0.8125,1.0,0.0625,True,False,14.0,0.875,True,True,1.0,0.0625,True,True,3.0,0.1875,True,,,L3_appendix_transcribed,results/human/trades.csv,False
1,10,X,all,buyer,283.3333333333333,320.12835472578763,292.5320886814469,36.795021392454316,292.5320886814469,320.12835472578763,0.2500000000000004,1.0,0.7499999999999996,27.596266044340723,ok,False,False,328.0,327.941,-0.059,17,0.4529598308668079,1.6759513742071879,1.2123336649670438,0.4529598308668079,1.6759513742071879,1.22299154334038,300.0,345.0,327.94117647058823,16.666666666666686,61.666666666666686,45.0,20.12835472578763,24.87164527421237,0.06861009202835465,7.903072311153297e-11,1.0977614724536744,7.903072311153297e-11,2.5245098039215685,1.5219450317124728,4.59755749891898e-05,0.8800362428269402,0.00018145196196643864,0.09512156448202955,0.05500226517668376,0.9512156448202962,1.506091437632135,0.5888477801268501,0.8606236786469346,0.8606236786469346,1.132399577167019,1.2682875264270612,1.2682875264270612,1.4041754756871034,1.5400634249471457,1.5400634249471457,1.6759513742071879,0.7247357293868923,1.0418076109936576,1.2682875264270612,1.4494714587737842,1.6080073995771667,5.0,0.29411764705882354,1.0,0.058823529411764705,True,False,3.0,0.17647058823529413,True,True,1.0,0.058823529411764705,True,True,12.0,0.7058823529411765,True,,,L3_appendix_transcribed,results/human/trades.csv,False
1,11,Y,all,buyer,283.3333333333333,349.30795847750863,299.8269896193772,65.97462514417532,299.8269896193772,349.30795847750863,0.25000000000000044,1.0,0.7499999999999996,49.48096885813146,ok,False,False,347.0,346.579,-0.421,19,0.2526223776223779,0.9347027972027975,0.9586354435038644,0.2526223776223779,1.086276223776224,0.6820804195804195,300.0,345.0,346.57894736842104,16.666666666666686,61.666666666666686,45.0,49.307958477508635,4.307958477508635,0.010503772543246224,0.15757733789738845,0.18906790577843205,0.15757733789738837,0.6929824561403508,0.8432994278448823,0.07541029397552484,-0.045472027972027915,0.6382401514757152,0.04684996821360457,-0.0025262237762237725,0.9347027972027974,0.985227272727273,0.5936625874125877,1.0104895104895106,1.0104895104895106,1.0483828671328674,1.0104895104895106,0.972596153846154,1.0104895104895106,1.0104895104895106,0.972596153846154,0.972596153846154,0.8020760489510492,1.029436188811189,0.9852272727272728,1.0104895104895106,0.972596153846154,5.0,0.2631578947368421,1.0,0.05263157894736842,True,True,2.0,0.10526315789473684,True,True,1.0,0.05263157894736842,True,True,14.0,0.7368421052631579,True,,,L3_appendix_transcribed,results/human/trades.csv,False
2,1,X,none,,266.66666666666663,266.66666666666663,266.66666666666663,0.0,266.66666666666663,266.66666666666663,,,,0.0,ok,False,False,255.0,255.0,0.0,11,,,,,,,,,,,,,,,,,,,,,,,,,,,,,,,,,,,,,,,,,,,,,,,,,,,,,,,,,,,,,,L3_appendix_transcribed,results/human/trades.csv,False
2,2,X,none,,266.66666666666663,266.66666666666663,266.66666666666663,0.0,266.66666666666663,266.66666666666663,,,,0.0,ok,False,False,251.0,250.875,-0.125,8,,,,,,,,,,,,,,,,,,,,,,,,,,,,,,,,,,,,,,,,,,,,,,,,,,,,,,,,,,,,,,L3_appendix_transcribed,results/human/trades.csv,False
2,3,Y,none,,266.66666666666663,266.66666666666663,266.66666666666663,0.0,266.66666666666663,266.66666666666663,,,,0.0,ok,False,False,258.0,258.214,0.214,14,,,,,,,,,,,,,,,,,,,,,,,,,,,,,,,,,,,,,,,,,,,,,,,,,,,,,,,,,,,,,,L3_appendix_transcribed,results/human/trades.csv,False
2,4,Y,none,,266.66666666666663,266.66666666666663,266.66666666666663,0.0,266.66666666666663,266.66666666666663,,,,0.0,ok,False,False,265.0,264.667,-0.333,12,,,,,,,,,,,,,,,,,,,,,,,,,,,,,,,,,,,,,,,,,,,,,,,,,,,,,,,,,,,,,,L3_appendix_transcribed,results/human/trades.csv,False
2,5,Y,all,buyer,266.66666666666663,350.0,300.0,83.33333333333337,300.0,350.0,0.4000000000000003,1.0,0.5999999999999996,50.0,ok,False,False,304.0,303.5,-0.5,20,-0.0799999999999995,0.5800000000000002,0.4420000000000003,-0.0799999999999995,0.5800000000000002,0.6599999999999997,260.0,315.0,303.5,-6.666666666666629,48.33333333333337,55.0,90.0,35.0,0.020968421052631574,0.00023644797721894913,0.39839999999999975,0.00023644797721895,1.7473684210526317,1.113745454545454,0.00159500752156793,0.0801454545454545,0.038927677672416165,0.058618181818181785,0.004218181818181816,0.3544000000000003,0.5296000000000003,-0.007999999999999535,0.3400000000000003,0.4600000000000003,0.4900000000000002,0.4900000000000002,0.5200000000000002,0.5200000000000002,0.5260000000000002,0.5200000000000002,0.5620000000000003,0.16600000000000037,0.47500000000000026,0.5050000000000002,0.5230000000000002,0.5410000000000003,17.0,0.85,4.0,0.2,True,True,,,False,False,6.0,0.3,True,True,0.0,0.0,False,,,L3_appendix_transcribed,results/human/trades.csv,False
2,6,Y,all,buyer,266.66666666666663,350.0,300.0,83.33333333333337,300.0,350.0,0.4000000000000003,1.0,0.5999999999999996,50.0,ok,False,False,337.0,336.938,-0.062,16,0.7600000000000001,0.9400000000000001,0.84325,0.7000000000000002,0.964,0.17999999999999994,330.0,345.0,336.9375,63.33333333333337,78.33333333333337,15.0,20.0,5.0,0.019076470588235285,5.2629402383930697e-08,0.28614705882352925,5.2629402383930697e-08,1.589705882352941,0.2571428571428569,0.030019745287544454,0.15642857142857144,0.015790561508543778,0.017142857142857126,0.010428571428571431,0.7600000000000001,0.9265000000000001,0.7300000000000002,0.7000000000000002,0.7300000000000002,0.8200000000000001,0.8200000000000001,0.88,0.91,0.916,0.9460000000000001,0.952,0.7200000000000002,0.7600000000000001,0.84,0.912,0.949,16.0,1.0,1.0,0.0625,True,True,6.0,0.375,True,True,1.0,0.0625,True,True,0.0,0.0,False,,,L3_appendix_transcribed,results/human/trades.csv,False
2,7,X,insider,seller,266.66666666666663,240.0,200.0,-26.66666666666663,200.0,240.0,1.0,2.500000000000002,1.5000000000000022,40.0,ok,False,False,307.0,307.409,0.409,22,-2.0000000000000044,-1.6250000000000038,-1.5278409090909129,-2.0000000000000044,-1.250000000000003,0.37500000000000067,320.0,310.0,307.40909090909093,53.33333333333337,43.33333333333337,-10.0,80.0,70.0,0.02750564652738571,0.00022969607425224229,0.5776185770750999,0.00022969607425224229,-0.7334839073969509,0.7875000000000016,0.09996499664301793,0.43670454545454634,0.21228737821906674,0.03750000000000007,0.020795454545454593,-1.6761363636363675,-1.379545454545458,-2.0000000000000044,-1.4375000000000036,-1.5312500000000036,-1.6250000000000038,-1.6250000000000038,-1.6250000000000038,-1.4000000000000035,-1.250000000000003,-1.250000000000003,-1.3750000000000033,-1.775000000000004,-1.5781250000000036,-1.6250000000000038,-1.3250000000000033,-1.3250000000000033,0.0,0.0,,,False,False,,,False,False,,,False,False,0.0,0.0,False,1.0,1.0,L3_appendix_transcribed,results/human/trades.csv,False
2,8,Y,insider,buyer,266.66666666666663,350.0,300.0,83.33333333333337,300.0,350.0,0.4000000000000003,1.0,0.5999999999999996,50.0,ok,False,False,328.0,328.368,0.368,19,0.6400000000000001,0.5200000000000002,0.740421052631579,0.5200000000000002,0.88,-0.11999999999999988,320.0,310.0,328.36842105263156,53.33333333333337,43.33333333333337,-10.0,30.0,40.0,-0.0032421052631578942,0.4640952419190235,-0.05835789473684209,0.4640952419190235,-0.2701754385964911,0.35738181818181797,4.278947805061825e-06,-0.8639999999999997,6.738233319652124e-05,0.019854545454545448,-0.04799999999999997,0.7468000000000001,0.7333333333333335,0.6700000000000002,0.7000000000000002,0.7600000000000001,0.7720000000000001,0.8200000000000001,0.8620000000000001,0.8500000000000001,0.79,0.6700000000000002,0.5500000000000003,0.6850000000000002,0.7660000000000001,0.848,0.8200000000000002,0.6100000000000001,19.0,1.0,1.0,0.05263157894736842,True,True,9.0,0.47368421052631576,True,False,1.0,0.05263157894736842,True,True,0.0,0.0,False,1.0,1.0,L3_appendix_transcribed,results/human/trades.csv,False
2,9,X,insider,seller,266.66666666666663,240.0,200.0,-26.66666666666663,200.0,240.0,1.0,2.500000000000002,1.5000000000000022,40.0,ok,False,False,267.0,267.059,0.059,17,-2.1875000000000044,1.3750000000000004,-0.014705882352942653,-2.1875000000000044,1.3750000000000004,3.562500000000005,325.0,230.0,267.05882352941177,58.33333333333337,-36.66666666666663,-95.0,85.0,10.0,0.2550551470588239,4.419959219382908e-08,4.080882352941182,4.419959219382908e-08,-6.8014705882352935,4.4500000000000055,5.68029524479789e-06,-0.28571428571428603,0.5471616124270275,0.27812500000000034,-0.017857142857142877,-1.1666666666666698,1.2812500000000004,-2.0937500000000044,-1.5312500000000036,-1.250000000000003,-0.8750000000000027,-0.5000000000000021,0.8124999999999997,1.3750000000000004,1.3750000000000004,1.0,1.3750000000000004,-1.812500000000004,-1.0000000000000029,0.3749999999999991,1.3750000000000007,1.1875000000000002,8.0,0.47058823529411764,10.0,0.5882352941176471,True,True,10.0,0.5882352941176471,True,True,8.0,0.47058823529411764,True,True,6.0,0.35294117647058826,True,2.0,2.0,L3_appendix_transcribed,results/human/trades.csv,False
2,10,Y,insider,buyer,266.66666666666663,350.0,300.0,83.33333333333337,300.0,350.0,0.4000000000000003,1.0,0.5999999999999996,50.0,ok,False,False,327.0,327.316,0.316,19,0.6400000000000001,0.5800000000000002,0.7277894736842105,0.5800000000000002,0.904,-0.05999999999999994,320.0,315.0,327.3157894736842,53.33333333333337,48.33333333333337,-5.0,30.0,35.0,0.0021263157894736836,0.6444392003703985,0.03827368421052632,0.6444392003703985,0.17719298245614043,0.5471999999999998,0.0017228541455623445,-0.7019999999999997,7.26088075169528e-07,0.03039999999999999,-0.038999999999999986,0.7168000000000001,0.74,0.6400000000000001,0.6520000000000001,0.6400000000000001,0.7600000000000001,0.904,0.88,0.8500000000000001,0.7600000000000001,0.6700000000000002,0.6100000000000001,0.6460000000000001,0.7000000000000002,0.888,0.8050000000000002,0.6400000000000001,19.0,1.0,1.0,0.05263157894736842,True,True,8.0,0.42105263157894735,True,False,1.0,0.05263157894736842,True,True,0.0,0.0,False,2.0,2.0,L3_appendix_transcribed,results/human/trades.csv,False
2,11,Y,insider,buyer,266.66666666666663,350.0,300.0,83.33333333333337,300.0,350.0,0.4000000000000003,1.0,0.5999999999999996,50.0,ok,False,False,335.0,334.8,-0.2,20,0.7000000000000002,0.88,0.8176,0.7000000000000002,0.892,0.17999999999999983,325.0,340.0,334.8,58.33333333333337,73.33333333333337,15.0,25.0,10.0,0.01181954887218044,3.698665127453532e-08,0.22457142857142834,3.698665127453532e-08,0.9849624060150376,0.3385454545454542,0.00032837128947658354,0.006909090909090918,0.4161202535070593,0.0178181818181818,0.00036363636363636394,0.7540000000000002,0.8812,0.7000000000000002,0.7000000000000002,0.7600000000000001,0.7600000000000001,0.8500000000000001,0.88,0.88,0.88,0.886,0.88,0.7000000000000002,0.7600000000000001,0.865,0.88,0.883,20.0,1.0,1.0,0.05,True,True,9.0,0.45,True,True,1.0,0.05,True,True,0.0,0.0,False,3.0,3.0,L3_appendix_transcribed,results/human/trades.csv,False
3,1,X,none,,220.0,220.0,210.0,0.0,210.0,220.0,,,,10.0,ok,True,False,234.0,234.25,0.25,12,,,,,,,,,,,,,,,,,,,,,,,,,,,,,,,,,,,,,,,,,,,,,,,,,,,,,,,,,,,,,,L3_appendix_transcribed,results/human/trades.csv,False
3,2,Y,none,,220.0,220.0,210.0,0.0,210.0,220.0,,,,10.0,ok,True,False,217.0,217.333,0.333,15,,,,,,,,,,,,,,,,,,,,,,,,,,,,,,,,,,,,,,,,,,,,,,,,,,,,,,,,,,,,,,L3_appendix_transcribed,results/human/trades.csv,False
3,3,Y,insider,seller,220.0,175.0,150.0,-45.0,150.0,175.0,1.0,1.5555555555555556,0.5555555555555556,25.0,ok,False,False,189.0,188.667,-0.333,15,0.4444444444444444,1.1111111111111112,0.6962962962962962,0.2222222222222222,1.2222222222222223,0.6666666666666667,200.0,170.0,188.66666666666666,-20.0,-50.0,-30.0,25.0,5.0,0.06944444444444443,3.0778560500184956e-06,0.9722222222222223,3.0778560500184783e-06,-3.125,0.27777777777777785,0.27363087376517153,1.3333333333333337,0.013697326615325646,0.019841269841269847,0.09523809523809526,0.4305555555555555,1.0,0.4444444444444444,0.2222222222222222,0.4444444444444444,0.3333333333333333,0.5555555555555556,0.6111111111111112,0.6666666666666666,1.0555555555555556,1.2222222222222223,1.1666666666666667,0.3703703703703704,0.4074074074074074,0.5925925925925926,0.9259259259259259,1.1851851851851853,5.0,0.3333333333333333,11.0,0.7333333333333333,True,True,11.0,0.7333333333333333,True,True,1.0,0.06666666666666667,True,True,4.0,0.26666666666666666,True,1.0,1.0,L3_appendix_transcribed,results/human/trades.csv,False
3,4,X,insider,buyer,220.0,400.0,300.0,180.0,300.0,400.0,0.4444444444444444,1.0,0.5555555555555556,100.0,ok,True,False,333.0,332.895,-0.105,19,0.2222222222222222,0.9722222222222222,0.6271929824561403,0.2222222222222222,0.9722222222222222,0.75,260.0,395.0,332.89473684210526,40.0,175.0,135.0,140.0,5.0,0.0411793372319688,1.0293753699104711e-12,0.7412280701754385,1.0293753699105152e-12,7.412280701754385,0.9393939393939392,1.4258966972098318e-05,0.5416666666666667,0.00040942194449853335,0.052188552188552194,0.03009259259259259,0.44444444444444436,0.8302469135802469,0.2638888888888889,0.3194444444444444,0.41666666666666663,0.5833333333333333,0.5555555555555556,0.7222222222222222,0.7777777777777778,0.7777777777777778,0.8611111111111112,0.9583333333333333,0.2916666666666667,0.5,0.6666666666666666,0.7777777777777778,0.9097222222222223,14.0,0.7368421052631579,6.0,0.3157894736842105,True,True,16.0,0.8421052631578947,True,True,6.0,0.3157894736842105,True,True,0.0,0.0,False,1.0,1.0,L3_appendix_transcribed,results/human/trades.csv,False
3,5,Y,insider,seller,220.0,175.0,150.0,-45.0,150.0,175.0,1.0,1.5555555555555556,0.5555555555555556,25.0,ok,True,False,163.0,162.933,-0.067,15,1.5555555555555556,1.1333333333333333,1.2681481481481478,1.0,1.5555555555555556,-0.4222222222222223,150.0,169.0,162.93333333333334,-70.0,-51.0,19.0,25.0,6.0,-0.017301587301587297,0.11157202616693389,-0.24222222222222217,0.11157202616693389,0.7785714285714285,-0.6666666666666669,0.22882696524185275,-0.3,0.03138683664766158,-0.04761904761904763,-0.021428571428571422,1.3055555555555554,1.2253968253968253,1.5555555555555556,1.5555555555555556,1.0,1.1111111111111112,1.3333333333333333,1.3333333333333333,1.2222222222222223,1.2222222222222223,1.2222222222222223,1.1777777777777778,1.5555555555555556,1.037037037037037,1.3333333333333333,1.2222222222222223,1.1925925925925926,15.0,1.0,1.0,0.06666666666666667,True,True,1.0,0.06666666666666667,True,True,1.0,0.06666666666666667,True,True,13.0,0.8666666666666667,True,2.0,2.0,L3_appendix_transcribed,results/human/trades.csv,False
3,6,Y,insider,seller,220.0,175.0,150.0,-45.0,150.0,175.0,1.0,1.5555555555555556,0.5555555555555556,25.0,ok,True,False,173.0,172.857,-0.143,14,0.4444444444444444,1.1111111111111112,1.0476190476190474,0.4444444444444444,1.3333333333333333,0.6666666666666667,200.0,170.0,172.85714285714286,-20.0,-50.0,-30.0,25.0,5.0,0.037118437118437125,0.013141296964779402,0.4825396825396826,0.013141296964779402,-1.6703296703296704,1.7023809523809526,0.003091097479415521,-0.3095238095238097,0.011724811003954594,0.13095238095238096,-0.02380952380952382,0.9365079365079365,1.1587301587301586,0.5555555555555556,1.0,0.8888888888888888,1.1666666666666665,1.2222222222222223,1.2222222222222223,1.2222222222222223,1.1111111111111112,1.1111111111111112,1.1111111111111112,0.7037037037037037,1.0740740740740742,1.2222222222222223,1.1851851851851853,1.1111111111111112,11.0,0.7857142857142857,3.0,0.21428571428571427,True,True,3.0,0.21428571428571427,True,True,1.0,0.07142857142857142,True,True,9.0,0.6428571428571429,True,3.0,3.0,L3_appendix_transcribed,results/human/trades.csv,False
3,7,X,insider,buyer,220.0,400.0,300.0,180.0,300.0,400.0,0.4444444444444444,1.0,0.5555555555555556,100.0,ok,True,False,364.0,364.053,0.053,19,-0.1111111111111111,0.9944444444444445,0.8002923976608185,-0.1111111111111111,0.9944444444444445,1.1055555555555556,200.0,399.0,364.05263157894734,-20.0,179.0,199.0,200.0,1.0,0.04338206627680311,0.00010620856312222543,0.7808771929824561,0.00010620856312222524,7.808771929824561,2.0393939393939395,0.00020469275476161876,0.09333333333333343,0.0017694957423648686,0.1132996632996633,0.005185185185185191,0.6416666666666666,0.9765432098765431,0.0,0.5833333333333333,0.7638888888888888,0.8888888888888888,0.9722222222222222,0.9583333333333333,0.9722222222222222,0.9722222222222222,0.9833333333333334,0.9944444444444445,0.29166666666666663,0.8263888888888888,0.9629629629629629,0.9722222222222222,0.9888888888888889,17.0,0.8947368421052632,3.0,0.15789473684210525,True,True,6.0,0.3157894736842105,True,True,3.0,0.15789473684210525,True,True,0.0,0.0,False,2.0,2.0,L3_appendix_transcribed,results/human/trades.csv,False
3,8,Y,insider,seller,220.0,175.0,150.0,-45.0,150.0,175.0,1.0,1.5555555555555556,0.5555555555555556,25.0,ok,True,False,165.0,165.286,0.286,14,1.0,1.0888888888888888,1.2158730158730156,1.0,1.5555555555555556,0.0888888888888888,175.0,171.0,165.28571428571428,-45.0,-49.0,-4.0,0.0,4.0,-0.011916971916971919,0.18829940365075787,-0.15492063492063493,0.18829940365075787,0.5362637362637362,0.3095238095238097,0.5042210844725842,-0.3404761904761908,0.0012444641651753396,0.02380952380952382,-0.026190476190476215,1.26984126984127,1.1619047619047618,1.1111111111111112,1.3333333333333333,1.5555555555555556,1.2777777777777777,1.2222222222222223,1.2222222222222223,1.2222222222222223,1.1555555555555554,1.1111111111111112,1.1,1.1851851851851851,1.3703703703703702,1.2222222222222223,1.2,1.1037037037037036,14.0,1.0,1.0,0.07142857142857142,True,True,1.0,0.07142857142857142,True,True,1.0,0.07142857142857142,True,True,13.0,0.9285714285714286,True,4.0,4.0,L3_appendix_transcribed,results/human/trades.csv,False
3,9,X,insider,buyer,220.0,400.0,300.0,180.0,300.0,400.0,0.4444444444444444,1.0,0.5555555555555556,100.0,ok,True,False,396.0,395.875,-0.125,16,0.9444444444444444,0.9944444444444445,0.9770833333333333,0.9444444444444444,0.9944444444444445,0.050000000000000044,390.0,399.0,395.875,170.0,179.0,9.0,10.0,1.0,0.0015196078431372548,0.007353929105997919,0.022794117647058822,0.007353929105997919,0.2735294117647059,0.0644841269841269,0.011542645857272995,0.024801587301587213,0.22416304372284712,0.004298941798941793,0.0016534391534391475,0.9729166666666667,0.9812500000000001,0.9583333333333333,0.9722222222222222,0.9722222222222222,0.9833333333333333,0.9833333333333333,0.9888888888888889,0.9722222222222222,0.9722222222222222,0.9833333333333333,0.9888888888888889,0.9629629629629629,0.9759259259259259,0.9851851851851853,0.9722222222222222,0.986111111111111,16.0,1.0,1.0,0.0625,True,True,1.0,0.0625,True,True,1.0,0.0625,True,True,0.0,0.0,False,3.0,3.0,L3_appendix_transcribed,results/human/trades.csv,False
3,10,Y,insider,seller,220.0,175.0,150.0,-45.0,150.0,175.0,1.0,1.5555555555555556,0.5555555555555556,25.0,ok,True,False,167.0,167.067,0.067,15,1.1111111111111112,1.0444444444444445,1.1762962962962962,1.0444444444444445,1.3333333333333333,-0.06666666666666665,170.0,173.0,167.06666666666666,-50.0,-47.0,3.0,5.0,2.0,-0.012539682539682542,0.004077009454638988,-0.17555555555555566,0.004077009454638969,0.5642857142857143,0.03703703703703723,0.7970385741881906,-0.43333333333333357,0.0017639807039955856,0.00264550264550266,-0.030952380952380967,1.2222222222222223,1.1238095238095238,1.2222222222222223,1.2222222222222223,1.2222222222222223,1.2222222222222223,1.2222222222222223,1.2222222222222223,1.2222222222222223,1.1111111111111112,1.0888888888888888,1.0555555555555556,1.2222222222222223,1.2222222222222223,1.2222222222222223,1.1481481481481481,1.0666666666666667,15.0,1.0,1.0,0.06666666666666667,True,True,1.0,0.06666666666666667,True,True,1.0,0.06666666666666667,True,True,15.0,1.0,True,5.0,5.0,L3_appendix_transcribed,results/human/trades.csv,False
3,11,Y,all,seller,220.0,175.0,150.0,-45.0,150.0,175.0,1.0,1.5555555555555556,0.5555555555555556,25.0,ok,True,False,177.0,176.778,-0.222,18,-1.7777777777777777,1.0888888888888888,0.9604938271604938,-1.7777777777777777,1.2222222222222223,2.8666666666666663,300.0,171.0,176.77777777777777,80.0,-49.0,-129.0,125.0,4.0,0.04471964224286205,0.1564482535716641,0.7602339181286548,0.1564482535716641,-2.0123839009287927,3.148148148148148,0.1527863310611034,-0.06925925925925965,0.08596715949670967,0.1851851851851852,-0.004074074074074097,0.8271604938271605,1.0938271604938272,-0.2777777777777777,1.1666666666666667,1.1666666666666667,1.1111111111111112,1.1111111111111112,1.1111111111111112,1.1111111111111112,1.088888888888889,1.0777777777777777,1.0888888888888888,0.44444444444444453,1.1481481481481481,1.1111111111111112,1.0962962962962963,1.0833333333333333,17.0,0.9444444444444444,2.0,0.1111111111111111,True,True,2.0,0.1111111111111111,True,True,2.0,0.1111111111111111,True,True,17.0,0.9444444444444444,True,,,L3_appendix_transcribed,results/human/trades.csv,False
3,12,X,all,buyer,220.0,400.0,300.0,180.0,300.0,400.0,0.4444444444444444,1.0,0.5555555555555556,100.0,ok,True,False,395.0,394.722,-0.278,18,0.9444444444444444,0.9944444444444445,0.970679012345679,0.9444444444444444,0.9944444444444445,0.050000000000000044,390.0,399.0,394.72222222222223,170.0,179.0,9.0,10.0,1.0,0.0020811833505331966,4.600971342078915e-05,0.03538011695906434,4.600971342078932e-05,0.3746130030959752,0.06296296296296298,0.025463561683239266,0.045648148148148174,0.0028404688602917385,0.0037037037037037056,0.002685185185185187,0.9629629629629629,0.9783950617283952,0.9444444444444444,0.9583333333333333,0.9722222222222222,0.9722222222222222,0.9722222222222222,0.9722222222222222,0.9722222222222222,0.9722222222222222,0.9833333333333334,0.9888888888888889,0.9513888888888888,0.9722222222222222,0.9722222222222222,0.9722222222222222,0.9861111111111112,18.0,1.0,1.0,0.05555555555555555,True,True,1.0,0.05555555555555555,True,True,1.0,0.05555555555555555,True,True,0.0,0.0,False,,,L3_appendix_transcribed,results/human/trades.csv,False
4,1,X,none,,210.0,210.0,200.0,0.0,200.0,210.0,,,,10.0,ok,False,False,784.0,784.375,0.375,8,,,,,,,,,,,,,,,,,,,,,,,,,,,,,,,,,,,,,,,,,,,,,,,,,,,,,,,,,,,,,,L3_appendix_transcribed,results/human/trades.csv,False
4,2,Y,none,,210.0,210.0,200.0,0.0,200.0,210.0,,,,10.0,ok,True,False,180.0,179.643,-0.357,14,,,,,,,,,,,,,,,,,,,,,,,,,,,,,,,,,,,,,,,,,,,,,,,,,,,,,,,,,,,,,,L3_appendix_transcribed,results/human/trades.csv,False
4,3,Y,none,,210.0,210.0,200.0,0.0,200.0,210.0,,,,10.0,ok,True,False,154.0,153.75,-0.25,16,,,,,,,,,,,,,,,,,,,,,,,,,,,,,,,,,,,,,,,,,,,,,,,,,,,,,,,,,,,,,,L3_appendix_transcribed,results/human/trades.csv,False
4,4,X,none,,210.0,210.0,200.0,0.0,200.0,210.0,,,,10.0,ok,True,False,158.0,158.062,0.062,16,,,,,,,,,,,,,,,,,,,,,,,,,,,,,,,,,,,,,,,,,,,,,,,,,,,,,,,,,,,,,,L3_appendix_transcribed,results/human/trades.csv,False
4,5,Y,insider,seller,210.0,175.0,150.0,-35.0,150.0,175.0,1.0,1.7142857142857142,0.7142857142857142,25.0,ok,True,False,157.0,157.412,0.412,17,1.7142857142857142,1.4285714285714286,1.5025210084033613,1.4285714285714286,1.7142857142857142,-0.2857142857142856,150.0,160.0,157.41176470588235,-60.0,-50.0,10.0,25.0,15.0,-0.01393557422969187,5.433353114034283e-05,-0.22296918767506993,5.433353114034283e-05,0.4877450980392157,-0.34285714285714275,0.042330058001984854,-0.13061224489795922,0.03001974528754441,-0.021428571428571422,-0.008163265306122451,1.5555555555555556,1.442857142857143,1.6428571428571428,1.5714285714285714,1.5714285714285714,1.5,1.4285714285714286,1.5285714285714285,1.4571428571428573,1.4285714285714286,1.4285714285714286,1.4285714285714286,1.607142857142857,1.5238095238095237,1.4952380952380953,1.4476190476190478,1.4285714285714286,17.0,1.0,1.0,0.058823529411764705,True,True,1.0,0.058823529411764705,True,True,1.0,0.058823529411764705,True,True,17.0,1.0,True,1.0,1.0,L3_appendix_transcribed,results/human/trades.csv,False
4,6,X,insider,buyer,210.0,375.0,275.0,165.0,275.0,375.0,0.3939393939393939,1.0,0.6060606060606061,100.0,ok,True,False,254.0,253.478,-0.522,23,-0.24242424242424243,0.9090909090909091,0.26350461133069825,-0.24242424242424243,0.9090909090909091,1.1515151515151514,170.0,360.0,253.47826086956522,-40.0,150.0,190.0,205.0,15.0,0.038747155347945865,3.0104841444912236e-07,0.8524374176548092,3.010484144491203e-07,6.3932806324110665,1.7249417249417254,2.7065514994416082e-05,0.5575757575757575,0.0723568368782611,0.07840644204280568,0.02534435261707989,0.08080808080808081,0.4628099173553719,-0.22222222222222224,-0.18181818181818182,-0.06060606060606061,0.42424242424242425,0.42424242424242425,0.42424242424242425,0.3787878787878788,0.42424242424242425,0.42424242424242425,0.5959595959595959,-0.2060606060606061,0.18181818181818182,0.4242424242424242,0.40151515151515155,0.5272727272727272,15.0,0.6521739130434783,8.0,0.34782608695652173,True,True,23.0,1.0,True,True,8.0,0.34782608695652173,True,True,0.0,0.0,False,1.0,1.0,L3_appendix_transcribed,results/human/trades.csv,False
4,7,Y,insider,seller,210.0,175.0,150.0,-35.0,150.0,175.0,1.0,1.7142857142857142,0.7142857142857142,25.0,ok,True,False,161.0,160.588,-0.412,17,1.4285714285714286,1.1428571428571428,1.411764705882353,1.1428571428571428,1.5714285714285714,-0.2857142857142858,160.0,170.0,160.58823529411765,-50.0,-40.0,10.0,15.0,5.0,-0.018907563025210083,0.00022562128043461364,-0.3025210084033613,0.00022562128043461364,0.6617647058823529,-0.22857142857142848,0.12687036692367104,-0.7346938775510206,0.006233960605364527,-0.01428571428571428,-0.045918367346938785,1.4761904761904763,1.3392857142857144,1.5,1.5714285714285714,1.4285714285714286,1.4285714285714286,1.4285714285714286,1.4285714285714286,1.4285714285714286,1.4285714285714286,1.3571428571428572,1.1428571428571428,1.5357142857142856,1.4285714285714286,1.4285714285714286,1.4285714285714286,1.25,17.0,1.0,1.0,0.058823529411764705,True,True,1.0,0.058823529411764705,True,True,1.0,0.058823529411764705,True,True,17.0,1.0,True,2.0,2.0,L3_appendix_transcribed,results/human/trades.csv,False
4,8,Y,insider,seller,210.0,175.0,150.0,-35.0,150.0,175.0,1.0,1.7142857142857142,0.7142857142857142,25.0,ok,True,False,164.0,164.167,0.167,12,1.4285714285714286,1.1428571428571428,1.3095238095238095,1.1428571428571428,1.4285714285714286,-0.2857142857142858,160.0,170.0,164.16666666666666,-50.0,-40.0,10.0,15.0,5.0,-0.03096903096903097,7.448062601613029e-06,-0.34065934065934084,7.4480626016128945e-06,1.083916083916084,-0.22448979591836726,0.15830242337545783,-0.40408163265306163,0.021311641128756765,-0.020408163265306114,-0.036734693877551065,1.4047619047619049,1.2142857142857142,1.4285714285714286,1.4285714285714286,1.4285714285714286,1.4285714285714286,1.2857142857142858,1.2857142857142858,1.2857142857142858,1.2857142857142858,1.1428571428571428,1.1428571428571428,1.4285714285714286,1.4285714285714286,1.2857142857142858,1.2857142857142858,1.1428571428571428,12.0,1.0,1.0,0.08333333333333333,True,True,1.0,0.08333333333333333,True,True,1.0,0.08333333333333333,True,True,12.0,1.0,True,3.0,3.0,L3_appendix_transcribed,results/human/trades.csv,False
4,9,X,insider,buyer,210.0,375.0,275.0,165.0,275.0,375.0,0.3939393939393939,1.0,0.6060606060606061,100.0,ok,True,False,301.0,300.7,-0.3,20,0.36363636363636365,0.696969696969697,0.5496969696969696,0.24242424242424243,0.696969696969697,0.33333333333333337,270.0,325.0,300.7,60.0,115.0,55.0,105.0,50.0,0.01809979494190021,1.113878891741896e-07,0.343896103896104,1.113878891741864e-07,2.986466165413534,0.5897153351698805,0.0026370977964091345,0.2002938475665748,0.00011798934271292318,0.0310376492194674,0.010541781450872357,0.4636363636363637,0.6357575757575759,0.30303030303030304,0.3787878787878788,0.5454545454545454,0.5454545454545454,0.5454545454545454,0.6060606060606061,0.6060606060606061,0.6212121212121212,0.6636363636363636,0.6818181818181819,0.34090909090909094,0.5454545454545454,0.5757575757575757,0.6136363636363636,0.6727272727272726,17.0,0.85,4.0,0.2,True,True,,,False,False,4.0,0.2,True,True,0.0,0.0,False,2.0,2.0,L3_appendix_transcribed,results/human/trades.csv,False
4,10,Y,insider,seller,210.0,175.0,150.0,-35.0,150.0,175.0,1.0,1.7142857142857142,0.7142857142857142,25.0,ok,True,False,167.0,166.786,-0.214,14,1.7142857142857142,1.1428571428571428,1.2346938775510203,1.1428571428571428,1.7142857142857142,-0.5714285714285714,150.0,170.0,166.78571428571428,-60.0,-40.0,20.0,25.0,5.0,-0.02982731554160126,0.0016436346187150921,-0.38775510204081637,0.0016436346187150936,1.043956043956044,-1.0612244897959184,0.006566271827562976,-2.9758368969274775e-31,0.9999999999999997,-0.08163265306122448,0.0,1.3265306122448979,1.1428571428571426,1.5714285714285714,1.2857142857142858,1.2857142857142858,1.2142857142857144,1.1428571428571428,1.1428571428571428,1.1428571428571428,1.1428571428571428,1.1428571428571428,1.1428571428571428,1.4761904761904763,1.2380952380952381,1.1428571428571428,1.1428571428571428,1.1428571428571428,14.0,1.0,1.0,0.07142857142857142,True,True,1.0,0.07142857142857142,True,True,1.0,0.07142857142857142,True,True,14.0,1.0,True,4.0,4.0,L3_appendix_transcribed,results/human/trades.csv,False
4,11,X,insider,buyer,210.0,375.0,275.0,165.0,275.0,375.0,0.3939393939393939,1.0,0.6060606060606061,100.0,ok,False,False,323.0,323.095,0.095,21,0.42424242424242425,0.9696969696969697,0.6854256854256853,0.42424242424242425,0.9696969696969697,0.5454545454545454,280.0,370.0,323.0952380952381,70.0,160.0,90.0,95.0,5.0,0.022510822510822513,1.377141158915942e-10,0.4502164502164502,1.3771411589160207e-10,3.714285714285714,0.3581267217630854,0.00017480197076817023,0.8080808080808082,4.207900030126296e-06,0.01790633608815427,0.040404040404040414,0.5812672176308541,0.8,0.48484848484848486,0.5606060606060606,0.5757575757575758,0.6060606060606061,0.6363636363636364,0.6666666666666666,0.6666666666666666,0.7424242424242424,0.8181818181818181,0.9595959595959597,0.5227272727272727,0.5909090909090909,0.6515151515151515,0.7045454545454546,0.9030303030303031,21.0,1.0,1.0,0.047619047619047616,True,True,18.0,0.8571428571428571,True,True,1.0,0.047619047619047616,True,True,0.0,0.0,False,3.0,3.0,L3_appendix_transcribed,results/human/trades.csv,False
4,12,Y,insider,seller,210.0,175.0,150.0,-35.0,150.0,175.0,1.0,1.7142857142857142,0.7142857142857142,25.0,ok,False,False,171.0,171.222,0.222,18,1.1428571428571428,1.1428571428571428,1.107936507936508,1.0,1.1428571428571428,0.0,170.0,170.0,171.22222222222223,-40.0,-40.0,0.0,5.0,5.0,0.004304879846675511,0.1223017206525529,0.07318295739348368,0.1223017206525529,-0.15067079463364297,0.19428571428571417,0.2213551296673459,-0.04047619047619044,0.7253691359545553,0.011428571428571422,-0.00238095238095238,1.0888888888888888,1.126984126984127,1.0714285714285714,1.0,1.1428571428571428,1.1428571428571428,1.1142857142857143,1.1428571428571428,1.1428571428571428,1.1428571428571428,1.0714285714285714,1.1428571428571428,1.0357142857142856,1.1428571428571428,1.1285714285714286,1.1428571428571428,1.1071428571428572,18.0,1.0,1.0,0.05555555555555555,True,True,1.0,0.05555555555555555,True,True,1.0,0.05555555555555555,True,True,14.0,0.7777777777777778,True,5.0,5.0,L3_appendix_transcribed,results/human/trades.csv,False
4,13,X,insider,buyer,210.0,375.0,275.0,165.0,275.0,375.0,0.3939393939393939,1.0,0.6060606060606061,100.0,ok,True,False,344.0,343.476,-0.524,21,0.6060606060606061,0.9878787878787879,0.808946608946609,0.6060606060606061,0.9878787878787879,0.38181818181818183,310.0,373.0,343.4761904761905,100.0,163.0,63.0,65.0,2.0,0.0175521448248721,2.0226650418704794e-15,0.351042896497442,2.0226650418703575e-15,2.896103896103896,0.3526170798898071,5.231672373530392e-06,0.4422405876951332,6.381181534495285e-06,0.017630853994490357,0.02211202938475666,0.7245179063360883,0.901818181818182,0.6363636363636364,0.6818181818181819,0.7272727272727273,0.7575757575757576,0.7878787878787878,0.803030303030303,0.8181818181818182,0.8787878787878788,0.9393939393939394,0.9757575757575757,0.6590909090909092,0.7424242424242424,0.7954545454545454,0.8484848484848485,0.9612121212121213,21.0,1.0,1.0,0.047619047619047616,True,True,12.0,0.5714285714285714,True,True,1.0,0.047619047619047616,True,True,0.0,0.0,False,4.0,4.0,L3_appendix_transcribed,results/human/trades.csv,False
4,14,Y,none,,210.0,210.0,200.0,0.0,200.0,210.0,,,,10.0,ok,True,False,159.0,158.846,-0.154,13,,,,,,,,,,,,,,,,,,,,,,,,,,,,,,,,,,,,,,,,,,,,,,,,,,,,,,,,,,,,,,L3_appendix_transcribed,results/human/trades.csv,False
5,1,Z,none,,212.5,212.5,169.5,0.0,169.5,212.5,,,,43.0,ok,False,False,165.0,165.0,0.0,10,,,,,,,,,,,,,,,,,,,,,,,,,,,,,,,,,,,,,,,,,,,,,,,,,,,,,,,,,,,,,,L3_appendix_transcribed,results/human/trades.csv,False
5,2,X,none,,212.5,212.5,169.5,0.0,169.5,212.5,,,,43.0,ok,False,False,172.0,172.353,0.353,17,,,,,,,,,,,,,,,,,,,,,,,,,,,,,,,,,,,,,,,,,,,,,,,,,,,,,,,,,,,,,,L3_appendix_transcribed,results/human/trades.csv,False
5,3,Z,none,,212.5,212.5,169.5,0.0,169.5,212.5,,,,43.0,ok,False,False,175.0,174.722,-0.278,18,,,,,,,,,,,,,,,,,,,,,,,,,,,,,,,,,,,,,,,,,,,,,,,,,,,,,,,,,,,,,,L3_appendix_transcribed,results/human/trades.csv,False
5,4,X,insider,seller,212.5,180.0,155.0,-32.5,155.0,180.0,1.0,1.7692307692307692,0.7692307692307692,25.0,ok,False,False,176.0,175.733,-0.267,15,1.0,1.123076923076923,1.131282051282051,1.0,1.1538461538461537,0.12307692307692308,180.0,176.0,175.73333333333332,-32.5,-36.5,-4.0,0.0,4.0,-0.0002197802197802174,0.9485533758160192,-0.0030769230769230474,0.9485533758160192,0.007142857142857143,0.17948717948717935,0.13397459621556146,-0.19999999999999973,0.21294437647760275,0.012820512820512811,-0.014285714285714266,1.1346153846153846,1.1274725274725272,1.0769230769230769,1.1538461538461537,1.1538461538461537,1.1538461538461537,1.1538461538461537,1.1538461538461537,1.1538461538461537,1.1538461538461537,1.1538461538461537,1.0615384615384615,1.1025641025641024,1.1538461538461537,1.1538461538461537,1.1538461538461537,1.0923076923076922,15.0,1.0,1.0,0.06666666666666667,True,True,1.0,0.06666666666666667,True,True,1.0,0.06666666666666667,True,True,13.0,0.8666666666666667,True,1.0,1.0,L3_appendix_transcribed,results/human/trades.csv,False
5,5,X,insider,seller,212.5,180.0,155.0,-32.5,155.0,180.0,1.0,1.7692307692307692,0.7692307692307692,25.0,ok,False,False,175.0,175.0,0.0,16,1.1538461538461537,1.1538461538461537,1.1538461538461537,1.1538461538461537,1.1538461538461537,0.0,175.0,175.0,175.0,-37.5,-37.5,0.0,5.0,5.0,0.0,,0.0,,0.0,0.0,,0.0,,0.0,0.0,1.1538461538461537,1.1538461538461537,1.1538461538461537,1.1538461538461537,1.1538461538461537,1.1538461538461537,1.1538461538461537,1.1538461538461537,1.1538461538461537,1.1538461538461537,1.1538461538461537,1.1538461538461537,1.1538461538461537,1.1538461538461537,1.1538461538461537,1.1538461538461537,1.1538461538461537,16.0,1.0,1.0,0.0625,True,True,1.0,0.0625,True,True,1.0,0.0625,True,True,16.0,1.0,True,2.0,2.0,L3_appendix_transcribed,results/human/trades.csv,False
5,6,Y,insider,buyer,212.5,245.0,170.0,32.5,170.0,245.0,-1.3076923076923077,1.0,2.3076923076923075,75.0,ok,False,False,237.0,237.059,0.059,17,-1.1538461538461537,1.1538461538461537,0.755656108597285,-1.1538461538461537,1.1538461538461537,2.3076923076923075,175.0,250.0,237.05882352941177,-37.5,37.5,75.0,70.0,5.0,0.06334841628959276,0.028588161389565162,1.0135746606334841,0.028588161389565162,2.058823529411765,3.0358974358974367,0.06117679930250157,0.6739926739926738,0.002220033764114894,0.1897435897435898,0.042124542124542114,0.5897435897435898,0.9423076923076923,-0.7692307692307692,1.1538461538461537,0.8461538461538461,1.0,0.8461538461538461,0.8461538461538461,0.8461538461538461,0.8461538461538461,1.0,1.0769230769230769,0.1923076923076923,0.9487179487179486,0.8461538461538461,0.8461538461538461,1.0384615384615383,13.0,0.7647058823529411,1.0,0.058823529411764705,True,False,3.0,0.17647058823529413,True,True,1.0,0.058823529411764705,True,True,4.0,0.23529411764705882,True,1.0,1.0,L3_appendix_transcribed,results/human/trades.csv,True
5,7,Z,insider,buyer,212.5,320.0,160.0,107.5,160.0,320.0,-0.4883720930232558,1.0,1.4883720930232558,160.0,ok,False,False,206.0,206.25,0.25,20,-0.3488372093023256,0.5813953488372093,-0.05813953488372092,-0.3953488372093023,0.5813953488372093,0.930232558139535,175.0,275.0,206.25,-37.5,62.5,100.0,145.0,45.0,0.04004196537856269,1.0283545488010237e-07,0.7607973421926909,1.0283545488010385e-07,4.304511278195489,0.5730796335447498,0.000337081835902496,1.542494714587738,0.00010902096549823514,0.030162085976039466,0.08118393234672304,-0.23255813953488377,0.11627906976744187,-0.37209302325581395,-0.27906976744186046,-0.20930232558139536,-0.18604651162790697,-0.11627906976744186,-0.11627906976744186,-0.09302325581395349,0.023255813953488372,0.20930232558139536,0.5581395348837209,-0.3255813953488372,-0.19767441860465118,-0.11627906976744186,-0.03488372093023255,0.38372093023255816,20.0,1.0,1.0,0.05,True,True,,,False,False,1.0,0.05,True,True,0.0,0.0,False,2.0,1.0,L3_appendix_transcribed,results/human/trades.csv,True
5,8,Z,insider,buyer,212.5,320.0,160.0,107.5,160.0,320.0,-0.4883720930232558,1.0,1.4883720930232558,160.0,ok,False,False,277.0,277.391,0.391,23,0.3488372093023256,0.7674418604651163,0.6036400404448937,0.3488372093023256,0.7674418604651163,0.4186046511627907,250.0,295.0,277.39130434782606,37.5,82.5,45.0,70.0,25.0,0.021325489475135587,1.8408511367828365e-12,0.4691607684529829,1.8408511367828886e-12,2.2924901185770747,0.7084078711985689,5.563146332656181e-07,0.21395348837209321,4.9043900789802665e-05,0.03220035778175314,0.009725158562367874,0.48837209302325585,0.7293868921775897,0.3488372093023256,0.39534883720930236,0.4883720930232558,0.5813953488372093,0.627906976744186,0.6589147286821705,0.7209302325581395,0.7209302325581395,0.7441860465116279,0.7674418604651163,0.3674418604651163,0.5348837209302326,0.6465116279069767,0.7209302325581395,0.758139534883721,23.0,1.0,1.0,0.043478260869565216,True,True,,,False,False,1.0,0.043478260869565216,True,True,0.0,0.0,False,3.0,2.0,L3_appendix_transcribed,results/human/trades.csv,True
5,9,Y,insider,buyer,212.5,245.0,170.0,32.5,170.0,245.0,-1.3076923076923077,1.0,2.3076923076923075,75.0,ok,False,False,240.0,240.0,0.0,21,0.8461538461538461,0.8461538461538461,0.8461538461538461,0.6923076923076923,1.1538461538461537,0.0,240.0,240.0,240.0,27.5,27.5,0.0,5.0,5.0,-0.006393606393606392,0.14032908435523866,-0.12787212787212782,0.14032908435523866,-0.2077922077922078,-0.5314685314685313,0.05945930312875337,0.2983682983682984,0.025293249585455452,-0.026573426573426567,0.014918414918414918,0.8741258741258741,0.8153846153846154,0.8461538461538461,1.1538461538461537,0.8461538461538461,0.8461538461538461,0.7692307692307692,0.6923076923076923,0.7692307692307692,0.8461538461538461,0.8461538461538461,0.8461538461538461,0.9999999999999999,0.8461538461538461,0.7307692307692308,0.8076923076923077,0.8461538461538461,19.0,0.9047619047619048,1.0,0.047619047619047616,True,True,1.0,0.047619047619047616,True,True,1.0,0.047619047619047616,True,True,2.0,0.09523809523809523,True,4.0,2.0,L3_appendix_transcribed,results/human/trades.csv,True
5,10,Y,insider,buyer,212.5,245.0,170.0,32.5,170.0,245.0,-1.3076923076923077,1.0,2.3076923076923075,75.0,ok,False,False,240.0,240.0,0.0,20,0.8461538461538461,0.8461538461538461,0.8461538461538461,0.8461538461538461,0.8461538461538461,0.0,240.0,240.0,240.0,27.5,27.5,0.0,5.0,5.0,0.0,,0.0,,0.0,0.0,,0.0,,0.0,0.0,0.8461538461538461,0.8461538461538461,0.8461538461538461,0.8461538461538461,0.8461538461538461,0.8461538461538461,0.8461538461538461,0.8461538461538461,0.8461538461538461,0.8461538461538461,0.8461538461538461,0.8461538461538461,0.8461538461538461,0.8461538461538461,0.8461538461538461,0.8461538461538461,0.8461538461538461,20.0,1.0,1.0,0.05,True,True,1.0,0.05,True,True,1.0,0.05,True,True,0.0,0.0,False,5.0,3.0,L3_appendix_transcribed,results/human/trades.csv,True
5,11,X,insider,seller,212.5,180.0,155.0,-32.5,155.0,180.0,1.0,1.7692307692307692,0.7692307692307692,25.0,ok,False,False,180.0,180.333,0.333,18,0.07692307692307693,1.123076923076923,0.9897435897435896,0.07692307692307693,1.1538461538461537,1.0461538461538462,210.0,176.0,180.33333333333334,-2.5,-36.5,-34.0,30.0,4.0,0.04534412955465587,0.004179668777984859,0.7708502024291497,0.004179668777984867,-1.473684210526316,2.5717948717948715,0.004927827873304387,-0.03487179487179476,0.12687036692367068,0.15128205128205124,-0.0020512820512820443,0.8290598290598289,1.1504273504273503,0.07692307692307693,0.7692307692307692,1.1538461538461537,1.1538461538461537,1.1538461538461537,1.1538461538461537,1.1538461538461537,1.1538461538461537,1.1538461538461537,1.1384615384615384,0.4230769230769231,1.1538461538461537,1.1538461538461537,1.1538461538461537,1.146153846153846,15.0,0.8333333333333334,4.0,0.2222222222222222,True,True,4.0,0.2222222222222222,True,True,3.0,0.16666666666666666,True,True,15.0,0.8333333333333334,True,3.0,3.0,L3_appendix_transcribed,results/human/trades.csv,False
5,12,Y,insider,buyer,212.5,245.0,170.0,32.5,170.0,245.0,-1.3076923076923077,1.0,2.3076923076923075,75.0,ok,False,False,240.0,240.056,0.056,18,0.8461538461538461,0.8461538461538461,0.847863247863248,0.8461538461538461,0.8769230769230769,0.0,240.0,240.0,240.05555555555554,27.5,27.5,0.0,5.0,5.0,0.0002222751448757641,0.5165101208418834,0.0037786774628879908,0.5165101208418832,0.007223942208462332,0.0,,-0.008717948717948712,0.7253691359545554,0.0,-0.0005128205128205128,0.8461538461538461,0.8495726495726497,0.8461538461538461,0.8461538461538461,0.8461538461538461,0.8461538461538461,0.8461538461538461,0.8461538461538461,0.8461538461538461,0.8615384615384616,0.8461538461538461,0.8461538461538461,0.8461538461538461,0.8461538461538461,0.8461538461538461,0.8564102564102565,0.8461538461538461,18.0,1.0,1.0,0.05555555555555555,True,True,1.0,0.05555555555555555,True,True,1.0,0.05555555555555555,True,True,0.0,0.0,False,6.0,4.0,L3_appendix_transcribed,results/human/trades.csv,True
5,13,Z,insider,buyer,212.5,320.0,160.0,107.5,160.0,320.0,-0.4883720930232558,1.0,1.4883720930232558,160.0,ok,False,False,296.0,295.625,-0.375,16,0.6744186046511628,0.9534883720930233,0.7732558139534884,0.6744186046511628,0.9534883720930233,0.2790697674418605,285.0,315.0,295.625,72.5,102.5,30.0,35.0,5.0,0.015458276333789333,4.696730790425888e-06,0.23187414500684,4.6967307904258445e-06,1.661764705882353,0.19933554817275762,0.0009645351944151288,0.4817275747508306,0.0010731431264274676,0.013289036544850506,0.032115171650055375,0.7209302325581395,0.8255813953488372,0.6744186046511628,0.7209302325581395,0.7209302325581395,0.7209302325581395,0.7674418604651163,0.7209302325581395,0.7674418604651163,0.813953488372093,0.813953488372093,0.9534883720930233,0.689922480620155,0.7209302325581395,0.751937984496124,0.7829457364341086,0.8837209302325582,16.0,1.0,1.0,0.0625,True,True,12.0,0.75,True,True,1.0,0.0625,True,True,0.0,0.0,False,7.0,3.0,L3_appendix_transcribed,results/human/trades.csv,True
