market,period,trade_index,n_trades_in_period,price,state,info,vbar,re_price,pi_price,side,D,separating,period_mean_recovered,period_mean_printed,mean_residual,quality_flag
1,1,1,17,275.0,Y,none,283.3333,283.0,283.0,,25.0,False,239.412,239.0,0.412,ok
1,1,2,17,285.0,Y,none,283.3333,283.0,283.0,,-5.0,False,239.412,239.0,0.412,ok
1,1,3,17,250.0,Y,none,283.3333,283.0,283.0,,100.0,False,239.412,239.0,0.412,ok
1,1,4,17,225.0,Y,none,283.3333,283.0,283.0,,175.0,False,239.412,239.0,0.412,ok
1,1,5,17,200.0,Y,none,283.3333,283.0,283.0,,250.0,False,239.412,239.0,0.412,ok
1,1,6,17,210.0,Y,none,283.3333,283.0,283.0,,220.0,False,239.412,239.0,0.412,ok
1,1,7,17,250.0,Y,none,283.3333,283.0,283.0,,100.0,False,239.412,239.0,0.412,ok
1,1,8,17,200.0,Y,none,283.3333,283.0,283.0,,250.0,False,239.412,239.0,0.412,ok
1,1,9,17,200.0,Y,none,283.3333,283.0,283.0,,250.0,False,239.412,239.0,0.412,ok
1,1,10,17,250.0,Y,none,283.3333,283.0,283.0,,100.0,False,239.412,239.0,0.412,ok
1,1,11,17,250.0,Y,none,283.3333,283.0,283.0,,100.0,False,239.412,239.0,0.412,ok
1,1,12,17,240.0,Y,none,283.3333,283.0,283.0,,130.0,False,239.412,239.0,0.412,ok
1,1,13,17,250.0,Y,none,283.3333,283.0,283.0,,100.0,False,239.412,239.0,0.412,ok
1,1,14,17,260.0,Y,none,283.3333,283.0,283.0,,70.0,False,239.412,239.0,0.412,ok
1,1,15,17,250.0,Y,none,283.3333,283.0,283.0,,100.0,False,239.412,239.0,0.412,ok
1,1,16,17,250.0,Y,none,283.3333,283.0,283.0,,100.0,False,239.412,239.0,0.412,ok
1,1,17,17,225.0,Y,none,283.3333,283.0,283.0,,175.0,False,239.412,239.0,0.412,ok
1,2,1,14,250.0,Y,none,283.3333,283.0,283.0,,100.0,False,263.929,269.0,-5.071,mean_mismatch
1,2,2,14,255.0,Y,none,283.3333,283.0,283.0,,85.0,False,263.929,269.0,-5.071,mean_mismatch
1,2,3,14,265.0,Y,none,283.3333,283.0,283.0,,55.0,False,263.929,269.0,-5.071,mean_mismatch
1,2,4,14,260.0,Y,none,283.3333,283.0,283.0,,70.0,False,263.929,269.0,-5.071,mean_mismatch
1,2,5,14,255.0,Y,none,283.3333,283.0,283.0,,85.0,False,263.929,269.0,-5.071,mean_mismatch
1,2,6,14,260.0,Y,none,283.3333,283.0,283.0,,70.0,False,263.929,269.0,-5.071,mean_mismatch
1,2,7,14,260.0,Y,none,283.3333,283.0,283.0,,70.0,False,263.929,269.0,-5.071,mean_mismatch
1,2,8,14,275.0,Y,none,283.3333,283.0,283.0,,25.0,False,263.929,269.0,-5.071,mean_mismatch
1,2,9,14,275.0,Y,none,283.3333,283.0,283.0,,25.0,False,263.929,269.0,-5.071,mean_mismatch
1,2,10,14,275.0,Y,none,283.3333,283.0,283.0,,25.0,False,263.929,269.0,-5.071,mean_mismatch
1,2,11,14,260.0,Y,none,283.3333,283.0,283.0,,70.0,False,263.929,269.0,-5.071,mean_mismatch
1,2,12,14,275.0,Y,none,283.3333,283.0,283.0,,25.0,False,263.929,269.0,-5.071,mean_mismatch
1,2,13,14,270.0,Y,none,283.3333,283.0,283.0,,40.0,False,263.929,269.0,-5.071,mean_mismatch
1,2,14,14,260.0,Y,none,283.3333,283.0,283.0,,70.0,False,263.929,269.0,-5.071,mean_mismatch
1,3,1,14,260.0,X,none,283.3333,283.0,283.0,,70.0,False,271.786,272.0,-0.214,ok
1,3,2,14,260.0,X,none,283.3333,283.0,283.0,,70.0,False,271.786,272.0,-0.214,ok
1,3,3,14,250.0,X,none,283.3333,283.0,283.0,,100.0,False,271.786,272.0,-0.214,ok
1,3,4,14,260.0,X,none,283.3333,283.0,283.0,,70.0,False,271.786,272.0,-0.214,ok
1,3,5,14,265.0,X,none,283.3333,283.0,283.0,,55.0,False,271.786,272.0,-0.214,ok
1,3,6,14,270.0,X,none,283.3333,283.0,283.0,,40.0,False,271.786,272.0,-0.214,ok
1,3,7,14,275.0,X,none,283.3333,283.0,283.0,,25.0,False,271.786,272.0,-0.214,ok
1,3,8,14,280.0,X,none,283.3333,283.0,283.0,,10.0,False,271.786,272.0,-0.214,ok
1,3,9,14,280.0,X,none,283.3333,283.0,283.0,,10.0,False,271.786,272.0,-0.214,ok
1,3,10,14,280.0,X,none,283.3333,283.0,283.0,,10.0,False,271.786,272.0,-0.214,ok
1,3,11,14,280.0,X,none,283.3333,283.0,283.0,,10.0,False,271.786,272.0,-0.214,ok
1,3,12,14,280.0,X,none,283.3333,283.0,283.0,,10.0,False,271.786,272.0,-0.214,ok
1,3,13,14,285.0,X,none,283.3333,283.0,283.0,,-5.0,False,271.786,272.0,-0.214,ok
1,3,14,14,280.0,X,none,283.3333,283.0,283.0,,10.0,False,271.786,272.0,-0.214,ok
1,4,1,10,275.0,Y,none,283.3333,283.0,283.0,,25.0,False,279.5,280.0,-0.5,ok
1,4,2,10,275.0,Y,none,283.3333,283.0,283.0,,25.0,False,279.5,280.0,-0.5,ok
1,4,3,10,280.0,Y,none,283.3333,283.0,283.0,,10.0,False,279.5,280.0,-0.5,ok
1,4,4,10,280.0,Y,none,283.3333,283.0,283.0,,10.0,False,279.5,280.0,-0.5,ok
1,4,5,10,280.0,Y,none,283.3333,283.0,283.0,,10.0,False,279.5,280.0,-0.5,ok
1,4,6,10,280.0,Y,none,283.3333,283.0,283.0,,10.0,False,279.5,280.0,-0.5,ok
1,4,7,10,280.0,Y,none,283.3333,283.0,283.0,,10.0,False,279.5,280.0,-0.5,ok
1,4,8,10,285.0,Y,none,283.3333,283.0,283.0,,-5.0,False,279.5,280.0,-0.5,ok
1,4,9,10,280.0,Y,none,283.3333,283.0,283.0,,10.0,False,279.5,280.0,-0.5,ok
1,4,10,10,280.0,Y,none,283.3333,283.0,283.0,,10.0,False,279.5,280.0,-0.5,ok
1,5,1,17,285.0,Y,insider,283.3333,320.0,320.0,buyer,0.04545,False,289.412,289.0,0.412,ok
1,5,2,17,290.0,Y,insider,283.3333,320.0,320.0,buyer,0.18182,False,289.412,289.0,0.412,ok
1,5,3,17,290.0,Y,insider,283.3333,320.0,320.0,buyer,0.18182,False,289.412,289.0,0.412,ok
1,5,4,17,285.0,Y,insider,283.3333,320.0,320.0,buyer,0.04545,False,289.412,289.0,0.412,ok
1,5,5,17,280.0,Y,insider,283.3333,320.0,320.0,buyer,-0.09091,False,289.412,289.0,0.412,ok
1,5,6,17,285.0,Y,insider,283.3333,320.0,320.0,buyer,0.04545,False,289.412,289.0,0.412,ok
1,5,7,17,290.0,Y,insider,283.3333,320.0,320.0,buyer,0.18182,False,289.412,289.0,0.412,ok
1,5,8,17,290.0,Y,insider,283.3333,320.0,320.0,buyer,0.18182,False,289.412,289.0,0.412,ok
1,5,9,17,285.0,Y,insider,283.3333,320.0,320.0,buyer,0.04545,False,289.412,289.0,0.412,ok
1,5,10,17,290.0,Y,insider,283.3333,320.0,320.0,buyer,0.18182,False,289.412,289.0,0.412,ok
1,5,11,17,290.0,Y,insider,283.3333,320.0,320.0,buyer,0.18182,False,289.412,289.0,0.412,ok
1,5,12,17,290.0,Y,insider,283.3333,320.0,320.0,buyer,0.18182,False,289.412,289.0,0.412,ok
1,5,13,17,290.0,Y,insider,283.3333,320.0,320.0,buyer,0.18182,False,289.412,289.0,0.412,ok
1,5,14,17,290.0,Y,insider,283.3333,320.0,320.0,buyer,0.18182,False,289.412,289.0,0.412,ok
1,5,15,17,295.0,Y,insider,283.3333,320.0,320.0,buyer,0.31818,False,289.412,289.0,0.412,ok
1,5,16,17,295.0,Y,insider,283.3333,320.0,320.0,buyer,0.31818,False,289.412,289.0,0.412,ok
1,5,17,17,300.0,Y,insider,283.3333,320.0,320.0,buyer,0.45455,False,289.412,289.0,0.412,ok
1,6,1,12,290.0,X,insider,283.3333,272.0,283.0,seller,-0.58824,True,289.583,290.0,-0.417,ok
1,6,2,12,290.0,X,insider,283.3333,272.0,283.0,seller,-0.58824,True,289.583,290.0,-0.417,ok
1,6,3,12,290.0,X,insider,283.3333,272.0,283.0,seller,-0.58824,True,289.583,290.0,-0.417,ok
1,6,4,12,290.0,X,insider,283.3333,272.0,283.0,seller,-0.58824,True,289.583,290.0,-0.417,ok
1,6,5,12,290.0,X,insider,283.3333,272.0,283.0,seller,-0.58824,True,289.583,290.0,-0.417,ok
1,6,6,12,290.0,X,insider,283.3333,272.0,283.0,seller,-0.58824,True,289.583,290.0,-0.417,ok
1,6,7,12,290.0,X,insider,283.3333,272.0,283.0,seller,-0.58824,True,289.583,290.0,-0.417,ok
1,6,8,12,290.0,X,insider,283.3333,272.0,283.0,seller,-0.58824,True,289.583,290.0,-0.417,ok
1,6,9,12,290.0,X,insider,283.3333,272.0,283.0,seller,-0.58824,True,289.583,290.0,-0.417,ok
1,6,10,12,285.0,X,insider,283.3333,272.0,283.0,seller,-0.14706,True,289.583,290.0,-0.417,ok
1,6,11,12,290.0,X,insider,283.3333,272.0,283.0,seller,-0.58824,True,289.583,290.0,-0.417,ok
1,6,12,12,290.0,X,insider,283.3333,272.0,283.0,seller,-0.58824,True,289.583,290.0,-0.417,ok
1,7,1,14,290.0,Y,insider,283.3333,320.0,320.0,buyer,0.18182,False,300.714,301.0,-0.286,ok
1,7,2,14,295.0,Y,insider,283.3333,320.0,320.0,buyer,0.31818,False,300.714,301.0,-0.286,ok
1,7,3,14,300.0,Y,insider,283.3333,320.0,320.0,buyer,0.45455,False,300.714,301.0,-0.286,ok
1,7,4,14,300.0,Y,insider,283.3333,320.0,320.0,buyer,0.45455,False,300.714,301.0,-0.286,ok
1,7,5,14,300.0,Y,insider,283.3333,320.0,320.0,buyer,0.45455,False,300.714,301.0,-0.286,ok
1,7,6,14,300.0,Y,insider,283.3333,320.0,320.0,buyer,0.45455,False,300.714,301.0,-0.286,ok
1,7,7,14,300.0,Y,insider,283.3333,320.0,320.0,buyer,0.45455,False,300.714,301.0,-0.286,ok
1,7,8,14,300.0,Y,insider,283.3333,320.0,320.0,buyer,0.45455,False,300.714,301.0,-0.286,ok
1,7,9,14,300.0,Y,insider,283.3333,320.0,320.0,buyer,0.45455,False,300.714,301.0,-0.286,ok
1,7,10,14,305.0,Y,insider,283.3333,320.0,320.0,buyer,0.59091,False,300.714,301.0,-0.286,ok
1,7,11,14,305.0,Y,insider,283.3333,320.0,320.0,buyer,0.59091,False,300.714,301.0,-0.286,ok
1,7,12,14,305.0,Y,insider,283.3333,320.0,320.0,buyer,0.59091,False,300.714,301.0,-0.286,ok
1,7,13,14,305.0,Y,insider,283.3333,320.0,320.0,buyer,0.59091,False,300.714,301.0,-0.286,ok
1,7,14,14,305.0,Y,insider,283.3333,320.0,320.0,buyer,0.59091,False,300.714,301.0,-0.286,ok
1,8,1,10,290.0,Y,insider,283.3333,262.0,283.0,seller,-0.3125,True,289.5,289.0,0.5,ok
1,8,2,10,290.0,Y,insider,283.3333,262.0,283.0,seller,-0.3125,True,289.5,289.0,0.5,ok
1,8,3,10,290.0,Y,insider,283.3333,262.0,283.0,seller,-0.3125,True,289.5,289.0,0.5,ok
1,8,4,10,290.0,Y,insider,283.3333,262.0,283.0,seller,-0.3125,True,289.5,289.0,0.5,ok
1,8,5,10,290.0,Y,insider,283.3333,262.0,283.0,seller,-0.3125,True,289.5,289.0,0.5,ok
1,8,6,10,290.0,Y,insider,283.3333,262.0,283.0,seller,-0.3125,True,289.5,289.0,0.5,ok
1,8,7,10,290.0,Y,insider,283.3333,262.0,283.0,seller,-0.3125,True,289.5,289.0,0.5,ok
1,8,8,10,285.0,Y,insider,283.3333,262.0,283.0,seller,-0.07813,True,289.5,289.0,0.5,ok
1,8,9,10,285.0,Y,insider,283.3333,262.0,283.0,seller,-0.07813,True,289.5,289.0,0.5,ok
1,8,10,10,295.0,Y,insider,283.3333,262.0,283.0,seller,-0.54688,True,289.5,289.0,0.5,ok
1,9,1,16,300.0,Y,all,283.3333,338.0,338.0,buyer,0.30488,False,309.688,310.0,-0.312,ok
1,9,2,16,300.0,Y,all,283.3333,338.0,338.0,buyer,0.30488,False,309.688,310.0,-0.312,ok
1,9,3,16,300.0,Y,all,283.3333,338.0,338.0,buyer,0.30488,False,309.688,310.0,-0.312,ok
1,9,4,16,300.0,Y,all,283.3333,338.0,338.0,buyer,0.30488,False,309.688,310.0,-0.312,ok
1,9,5,16,300.0,Y,all,283.3333,338.0,338.0,buyer,0.30488,False,309.688,310.0,-0.312,ok
1,9,6,16,300.0,Y,all,283.3333,338.0,338.0,buyer,0.30488,False,309.688,310.0,-0.312,ok
1,9,7,16,300.0,Y,all,283.3333,338.0,338.0,buyer,0.30488,False,309.688,310.0,-0.312,ok
1,9,8,16,305.0,Y,all,283.3333,338.0,338.0,buyer,0.39634,False,309.688,310.0,-0.312,ok
1,9,9,16,305.0,Y,all,283.3333,338.0,338.0,buyer,0.39634,False,309.688,310.0,-0.312,ok
1,9,10,16,305.0,Y,all,283.3333,338.0,338.0,buyer,0.39634,False,309.688,310.0,-0.312,ok
1,9,11,16,305.0,Y,all,283.3333,338.0,338.0,buyer,0.39634,False,309.688,310.0,-0.312,ok
1,9,12,16,305.0,Y,all,283.3333,338.0,338.0,buyer,0.39634,False,309.688,310.0,-0.312,ok
1,9,13,16,310.0,Y,all,283.3333,338.0,338.0,buyer,0.4878,False,309.688,310.0,-0.312,ok
1,9,14,16,340.0,Y,all,283.3333,338.0,338.0,buyer,1.03659,False,309.688,310.0,-0.312,ok
1,9,15,16,340.0,Y,all,283.3333,338.0,338.0,buyer,1.03659,False,309.688,310.0,-0.312,ok
1,9,16,16,340.0,Y,all,283.3333,338.0,338.0,buyer,1.03659,False,309.688,310.0,-0.312,ok
1,10,1,17,300.0,X,all,283.3333,320.0,320.0,buyer,0.45455,False,327.941,328.0,-0.059,ok
1,10,2,17,310.0,X,all,283.3333,320.0,320.0,buyer,0.72727,False,327.941,328.0,-0.059,ok
1,10,3,17,315.0,X,all,283.3333,320.0,320.0,buyer,0.86364,False,327.941,328.0,-0.059,ok
1,10,4,17,315.0,X,all,283.3333,320.0,320.0,buyer,0.86364,False,327.941,328.0,-0.059,ok
1,10,5,17,315.0,X,all,283.3333,320.0,320.0,buyer,0.86364,False,327.941,328.0,-0.059,ok
1,10,6,17,325.0,X,all,283.3333,320.0,320.0,buyer,1.13636,False,327.941,328.0,-0.059,ok
1,10,7,17,325.0,X,all,283.3333,320.0,320.0,buyer,1.13636,False,327.941,328.0,-0.059,ok
1,10,8,17,330.0,X,all,283.3333,320.0,320.0,buyer,1.27273,False,327.941,328.0,-0.059,ok
1,10,9,17,330.0,X,all,283.3333,320.0,320.0,buyer,1.27273,False,327.941,328.0,-0.059,ok
1,10,10,17,330.0,X,all,283.3333,320.0,320.0,buyer,1.27273,False,327.941,328.0,-0.059,ok
1,10,11,17,335.0,X,all,283.3333,320.0,320.0,buyer,1.40909,False,327.941,328.0,-0.059,ok
1,10,12,17,335.0,X,all,283.3333,320.0,320.0,buyer,1.40909,False,327.941,328.0,-0.059,ok
1,10,13,17,340.0,X,all,283.3333,320.0,320.0,buyer,1.54545,False,327.941,328.0,-0.059,ok
1,10,14,17,340.0,X,all,283.3333,320.0,320.0,buyer,1.54545,False,327.941,328.0,-0.059,ok
1,10,15,17,340.0,X,all,283.3333,320.0,320.0,buyer,1.54545,False,327.941,328.0,-0.059,ok
1,10,16,17,345.0,X,all,283.3333,320.0,320.0,buyer,1.68182,False,327.941,328.0,-0.059,ok
1,10,17,17,345.0,X,all,283.3333,320.0,320.0,buyer,1.68182,False,327.941,328.0,-0.059,ok
1,11,1,19,300.0,Y,all,283.3333,349.0,349.0,buyer,0.25381,False,346.579,347.0,-0.421,ok
1,11,2,19,345.0,Y,all,283.3333,349.0,349.0,buyer,0.93909,False,346.579,347.0,-0.421,ok
1,11,3,19,350.0,Y,all,283.3333,349.0,349.0,buyer,1.01523,False,346.579,347.0,-0.421,ok
1,11,4,19,350.0,Y,all,283.3333,349.0,349.0,buyer,1.01523,False,346.579,347.0,-0.421,ok
1,11,5,19,350.0,Y,all,283.3333,349.0,349.0,buyer,1.01523,False,346.579,347.0,-0.421,ok
1,11,6,19,350.0,Y,all,283.3333,349.0,349.0,buyer,1.01523,False,346.579,347.0,-0.421,ok
1,11,7,19,350.0,Y,all,283.3333,349.0,349.0,buyer,1.01523,False,346.579,347.0,-0.421,ok
1,11,8,19,355.0,Y,all,283.3333,349.0,349.0,buyer,1.09137,False,346.579,347.0,-0.421,ok
1,11,9,19,350.0,Y,all,283.3333,349.0,349.0,buyer,1.01523,False,346.579,347.0,-0.421,ok
1,11,10,19,350.0,Y,all,283.3333,349.0,349.0,buyer,1.01523,False,346.579,347.0,-0.421,ok
1,11,11,19,345.0,Y,all,283.3333,349.0,349.0,buyer,0.93909,False,346.579,347.0,-0.421,ok
1,11,12,19,350.0,Y,all,283.3333,349.0,349.0,buyer,1.01523,False,346.579,347.0,-0.421,ok
1,11,13,19,350.0,Y,all,283.3333,349.0,349.0,buyer,1.01523,False,346.579,347.0,-0.421,ok
1,11,14,19,350.0,Y,all,283.3333,349.0,349.0,buyer,1.01523,False,346.579,347.0,-0.421,ok
1,11,15,19,350.0,Y,all,283.3333,349.0,349.0,buyer,1.01523,False,346.579,347.0,-0.421,ok
1,11,16,19,350.0,Y,all,283.3333,349.0,349.0,buyer,1.01523,False,346.579,347.0,-0.421,ok
1,11,17,19,345.0,Y,all,283.3333,349.0,349.0,buyer,0.93909,False,346.579,347.0,-0.421,ok
1,11,18,19,350.0,Y,all,283.3333,349.0,349.0,buyer,1.01523,False,346.579,347.0,-0.421,ok
1,11,19,19,345.0,Y,all,283.3333,349.0,349.0,buyer,0.93909,False,346.579,347.0,-0.421,ok
2,1,1,11,350.0,X,none,266.6667,267.0,267.0,,250.0,False,255.0,255.0,0.0,ok
2,1,2,11,300.0,X,none,266.6667,267.0,267.0,,100.0,False,255.0,255.0,0.0,ok
2,1,3,11,250.0,X,none,266.6667,267.0,267.0,,-50.0,False,255.0,255.0,0.0,ok
2,1,4,11,240.0,X,none,266.6667,267.0,267.0,,-80.0,False,255.0,255.0,0.0,ok
2,1,5,11,225.0,X,none,266.6667,267.0,267.0,,-125.0,False,255.0,255.0,0.0,ok
2,1,6,11,200.0,X,none,266.6667,267.0,267.0,,-200.0,False,255.0,255.0,0.0,ok
2,1,7,11,250.0,X,none,266.6667,267.0,267.0,,-50.0,False,255.0,255.0,0.0,ok
2,1,8,11,250.0,X,none,266.6667,267.0,267.0,,-50.0,False,255.0,255.0,0.0,ok
2,1,9,11,250.0,X,none,266.6667,267.0,267.0,,-50.0,False,255.0,255.0,0.0,ok
2,1,10,11,240.0,X,none,266.6667,267.0,267.0,,-80.0,False,255.0,255.0,0.0,ok
2,1,11,11,250.0,X,none,266.6667,267.0,267.0,,-50.0,False,255.0,255.0,0.0,ok
2,2,1,8,250.0,X,none,266.6667,267.0,267.0,,-50.0,False,250.875,251.0,-0.125,ok
2,2,2,8,240.0,X,none,266.6667,267.0,267.0,,-80.0,False,250.875,251.0,-0.125,ok
2,2,3,8,250.0,X,none,266.6667,267.0,267.0,,-50.0,False,250.875,251.0,-0.125,ok
2,2,4,8,250.0,X,none,266.6667,267.0,267.0,,-50.0,False,250.875,251.0,-0.125,ok
2,2,5,8,250.0,X,none,266.6667,267.0,267.0,,-50.0,False,250.875,251.0,-0.125,ok
2,2,6,8,253.0,X,none,266.6667,267.0,267.0,,-41.0,False,250.875,251.0,-0.125,ok
2,2,7,8,254.0,X,none,266.6667,267.0,267.0,,-38.0,False,250.875,251.0,-0.125,ok
2,2,8,8,260.0,X,none,266.6667,267.0,267.0,,-20.0,False,250.875,251.0,-0.125,ok
2,3,1,14,255.0,Y,none,266.6667,267.0,267.0,,-35.0,False,258.214,258.0,0.214,ok
2,3,2,14,255.0,Y,none,266.6667,267.0,267.0,,-35.0,False,258.214,258.0,0.214,ok
2,3,3,14,255.0,Y,none,266.6667,267.0,267.0,,-35.0,False,258.214,258.0,0.214,ok
2,3,4,14,255.0,Y,none,266.6667,267.0,267.0,,-35.0,False,258.214,258.0,0.214,ok
2,3,5,14,255.0,Y,none,266.6667,267.0,267.0,,-35.0,False,258.214,258.0,0.214,ok
2,3,6,14,257.0,Y,none,266.6667,267.0,267.0,,-29.0,False,258.214,258.0,0.214,ok
2,3,7,14,257.0,Y,none,266.6667,267.0,267.0,,-29.0,False,258.214,258.0,0.214,ok
2,3,8,14,257.0,Y,none,266.6667,267.0,267.0,,-29.0,False,258.214,258.0,0.214,ok
2,3,9,14,257.0,Y,none,266.6667,267.0,267.0,,-29.0,False,258.214,258.0,0.214,ok
2,3,10,14,260.0,Y,none,266.6667,267.0,267.0,,-20.0,False,258.214,258.0,0.214,ok
2,3,11,14,262.0,Y,none,266.6667,267.0,267.0,,-14.0,False,258.214,258.0,0.214,ok
2,3,12,14,265.0,Y,none,266.6667,267.0,267.0,,-5.0,False,258.214,258.0,0.214,ok
2,3,13,14,265.0,Y,none,266.6667,267.0,267.0,,-5.0,False,258.214,258.0,0.214,ok
2,3,14,14,260.0,Y,none,266.6667,267.0,267.0,,-20.0,False,258.214,258.0,0.214,ok
2,4,1,12,260.0,Y,none,266.6667,267.0,267.0,,-20.0,False,264.667,265.0,-0.333,ok
2,4,2,12,260.0,Y,none,266.6667,267.0,267.0,,-20.0,False,264.667,265.0,-0.333,ok
2,4,3,12,264.0,Y,none,266.6667,267.0,267.0,,-8.0,False,264.667,265.0,-0.333,ok
2,4,4,12,260.0,Y,none,266.6667,267.0,267.0,,-20.0,False,264.667,265.0,-0.333,ok
2,4,5,12,265.0,Y,none,266.6667,267.0,267.0,,-5.0,False,264.667,265.0,-0.333,ok
2,4,6,12,265.0,Y,none,266.6667,267.0,267.0,,-5.0,False,264.667,265.0,-0.333,ok
2,4,7,12,267.0,Y,none,266.6667,267.0,267.0,,1.0,False,264.667,265.0,-0.333,ok
2,4,8,12,267.0,Y,none,266.6667,267.0,267.0,,1.0,False,264.667,265.0,-0.333,ok
2,4,9,12,267.0,Y,none,266.6667,267.0,267.0,,1.0,False,264.667,265.0,-0.333,ok
2,4,10,12,268.0,Y,none,266.6667,267.0,267.0,,4.0,False,264.667,265.0,-0.333,ok
2,4,11,12,267.0,Y,none,266.6667,267.0,267.0,,1.0,False,264.667,265.0,-0.333,ok
2,4,12,12,266.0,Y,none,266.6667,267.0,267.0,,-2.0,False,264.667,265.0,-0.333,ok
2,5,1,20,260.0,Y,all,266.6667,350.0,350.0,buyer,-0.08,False,303.5,304.0,-0.5,ok
2,5,2,20,272.0,Y,all,266.6667,350.0,350.0,buyer,0.064,False,303.5,304.0,-0.5,ok
2,5,3,20,290.0,Y,all,266.6667,350.0,350.0,buyer,0.28,False,303.5,304.0,-0.5,ok
2,5,4,20,300.0,Y,all,266.6667,350.0,350.0,buyer,0.4,False,303.5,304.0,-0.5,ok
2,5,5,20,300.0,Y,all,266.6667,350.0,350.0,buyer,0.4,False,303.5,304.0,-0.5,ok
2,5,6,20,310.0,Y,all,266.6667,350.0,350.0,buyer,0.52,False,303.5,304.0,-0.5,ok
2,5,7,20,305.0,Y,all,266.6667,350.0,350.0,buyer,0.46,False,303.5,304.0,-0.5,ok
2,5,8,20,310.0,Y,all,266.6667,350.0,350.0,buyer,0.52,False,303.5,304.0,-0.5,ok
2,5,9,20,305.0,Y,all,266.6667,350.0,350.0,buyer,0.46,False,303.5,304.0,-0.5,ok
2,5,10,20,310.0,Y,all,266.6667,350.0,350.0,buyer,0.52,False,303.5,304.0,-0.5,ok
2,5,11,20,310.0,Y,all,266.6667,350.0,350.0,buyer,0.52,False,303.5,304.0,-0.5,ok
2,5,12,20,310.0,Y,all,266.6667,350.0,350.0,buyer,0.52,False,303.5,304.0,-0.5,ok
2,5,13,20,310.0,Y,all,266.6667,350.0,350.0,buyer,0.52,False,303.5,304.0,-0.5,ok
2,5,14,20,310.0,Y,all,266.6667,350.0,350.0,buyer,0.52,False,303.5,304.0,-0.5,ok
2,5,15,20,311.0,Y,all,266.6667,350.0,350.0,buyer,0.532,False,303.5,304.0,-0.5,ok
2,5,16,20,310.0,Y,all,266.6667,350.0,350.0,buyer,0.52,False,303.5,304.0,-0.5,ok
2,5,17,20,310.0,Y,all,266.6667,350.0,350.0,buyer,0.52,False,303.5,304.0,-0.5,ok
2,5,18,20,310.0,Y,all,266.6667,350.0,350.0,buyer,0.52,False,303.5,304.0,-0.5,ok
2,5,19,20,312.0,Y,all,266.6667,350.0,350.0,buyer,0.544,False,303.5,304.0,-0.5,ok
2,5,20,20,315.0,Y,all,266.6667,350.0,350.0,buyer,0.58,False,303.5,304.0,-0.5,ok
2,6,1,16,330.0,Y,all,266.6667,350.0,350.0,buyer,0.76,False,336.938,337.0,-0.062,ok
2,6,2,16,325.0,Y,all,266.6667,350.0,350.0,buyer,0.7,False,336.938,337.0,-0.062,ok
2,6,3,16,325.0,Y,all,266.6667,350.0,350.0,buyer,0.7,False,336.938,337.0,-0.062,ok
2,6,4,16,325.0,Y,all,266.6667,350.0,350.0,buyer,0.7,False,336.938,337.0,-0.062,ok
2,6,5,16,330.0,Y,all,266.6667,350.0,350.0,buyer,0.76,False,336.938,337.0,-0.062,ok
2,6,6,16,335.0,Y,all,266.6667,350.0,350.0,buyer,0.82,False,336.938,337.0,-0.062,ok
2,6,7,16,335.0,Y,all,266.6667,350.0,350.0,buyer,0.82,False,336.938,337.0,-0.062,ok
2,6,8,16,335.0,Y,all,266.6667,350.0,350.0,buyer,0.82,False,336.938,337.0,-0.062,ok
2,6,9,16,340.0,Y,all,266.6667,350.0,350.0,buyer,0.88,False,336.938,337.0,-0.062,ok
2,6,10,16,340.0,Y,all,266.6667,350.0,350.0,buyer,0.88,False,336.938,337.0,-0.062,ok
2,6,11,16,345.0,Y,all,266.6667,350.0,350.0,buyer,0.94,False,336.938,337.0,-0.062,ok
2,6,12,16,343.0,Y,all,266.6667,350.0,350.0,buyer,0.916,False,336.938,337.0,-0.062,ok
2,6,13,16,346.0,Y,all,266.6667,350.0,350.0,buyer,0.952,False,336.938,337.0,-0.062,ok
2,6,14,16,345.0,Y,all,266.6667,350.0,350.0,buyer,0.94,False,336.938,337.0,-0.062,ok
2,6,15,16,347.0,Y,all,266.6667,350.0,350.0,buyer,0.964,False,336.938,337.0,-0.062,ok
2,6,16,16,345.0,Y,all,266.6667,350.0,350.0,buyer,0.94,False,336.938,337.0,-0.062,ok
2,7,1,22,320.0,X,insider,266.6667,240.0,267.0,seller,-2.0,True,307.409,307.0,0.409,ok
2,7,2,22,320.0,X,insider,266.6667,240.0,267.0,seller,-2.0,True,307.409,307.0,0.409,ok
2,7,3,22,320.0,X,insider,266.6667,240.0,267.0,seller,-2.0,True,307.409,307.0,0.409,ok
2,7,4,22,310.0,X,insider,266.6667,240.0,267.0,seller,-1.625,True,307.409,307.0,0.409,ok
2,7,5,22,300.0,X,insider,266.6667,240.0,267.0,seller,-1.25,True,307.409,307.0,0.409,ok
2,7,6,22,305.0,X,insider,266.6667,240.0,267.0,seller,-1.4375,True,307.409,307.0,0.409,ok
2,7,7,22,310.0,X,insider,266.6667,240.0,267.0,seller,-1.625,True,307.409,307.0,0.409,ok
2,7,8,22,310.0,X,insider,266.6667,240.0,267.0,seller,-1.625,True,307.409,307.0,0.409,ok
2,7,9,22,310.0,X,insider,266.6667,240.0,267.0,seller,-1.625,True,307.409,307.0,0.409,ok
2,7,10,22,310.0,X,insider,266.6667,240.0,267.0,seller,-1.625,True,307.409,307.0,0.409,ok
2,7,11,22,310.0,X,insider,266.6667,240.0,267.0,seller,-1.625,True,307.409,307.0,0.409,ok
2,7,12,22,310.0,X,insider,266.6667,240.0,267.0,seller,-1.625,True,307.409,307.0,0.409,ok
2,7,13,22,310.0,X,insider,266.6667,240.0,267.0,seller,-1.625,True,307.409,307.0,0.409,ok
2,7,14,22,305.0,X,insider,266.6667,240.0,267.0,seller,-1.4375,True,307.409,307.0,0.409,ok
2,7,15,22,303.0,X,insider,266.6667,240.0,267.0,seller,-1.3625,True,307.409,307.0,0.409,ok
2,7,16,22,300.0,X,insider,266.6667,240.0,267.0,seller,-1.25,True,307.409,307.0,0.409,ok
2,7,17,22,300.0,X,insider,266.6667,240.0,267.0,seller,-1.25,True,307.409,307.0,0.409,ok
2,7,18,22,300.0,X,insider,266.6667,240.0,267.0,seller,-1.25,True,307.409,307.0,0.409,ok
2,7,19,22,300.0,X,insider,266.6667,240.0,267.0,seller,-1.25,True,307.409,307.0,0.409,ok
2,7,20,22,300.0,X,insider,266.6667,240.0,267.0,seller,-1.25,True,307.409,307.0,0.409,ok
2,7,21,22,300.0,X,insider,266.6667,240.0,267.0,seller,-1.25,True,307.409,307.0,0.409,ok
2,7,22,22,310.0,X,insider,266.6667,240.0,267.0,seller,-1.625,True,307.409,307.0,0.409,ok
2,8,1,19,320.0,Y,insider,266.6667,350.0,350.0,buyer,0.64,False,328.368,328.0,0.368,ok
2,8,2,19,325.0,Y,insider,266.6667,350.0,350.0,buyer,0.7,False,328.368,328.0,0.368,ok
2,8,3,19,325.0,Y,insider,266.6667,350.0,350.0,buyer,0.7,False,328.368,328.0,0.368,ok
2,8,4,19,325.0,Y,insider,266.6667,350.0,350.0,buyer,0.7,False,328.368,328.0,0.368,ok
2,8,5,19,330.0,Y,insider,266.6667,350.0,350.0,buyer,0.76,False,328.368,328.0,0.368,ok
2,8,6,19,330.0,Y,insider,266.6667,350.0,350.0,buyer,0.76,False,328.368,328.0,0.368,ok
2,8,7,19,330.0,Y,insider,266.6667,350.0,350.0,buyer,0.76,False,328.368,328.0,0.368,ok
2,8,8,19,332.0,Y,insider,266.6667,350.0,350.0,buyer,0.784,False,328.368,328.0,0.368,ok
2,8,9,19,335.0,Y,insider,266.6667,350.0,350.0,buyer,0.82,False,328.368,328.0,0.368,ok
2,8,10,19,337.0,Y,insider,266.6667,350.0,350.0,buyer,0.844,False,328.368,328.0,0.368,ok
2,8,11,19,340.0,Y,insider,266.6667,350.0,350.0,buyer,0.88,False,328.368,328.0,0.368,ok
2,8,12,19,340.0,Y,insider,266.6667,350.0,350.0,buyer,0.88,False,328.368,328.0,0.368,ok
2,8,13,19,335.0,Y,insider,266.6667,350.0,350.0,buyer,0.82,False,328.368,328.0,0.368,ok
2,8,14,19,335.0,Y,insider,266.6667,350.0,350.0,buyer,0.82,False,328.368,328.0,0.368,ok
2,8,15,19,330.0,Y,insider,266.6667,350.0,350.0,buyer,0.76,False,328.368,328.0,0.368,ok
2,8,16,19,330.0,Y,insider,266.6667,350.0,350.0,buyer,0.76,False,328.368,328.0,0.368,ok
2,8,17,19,315.0,Y,insider,266.6667,350.0,350.0,buyer,0.58,False,328.368,328.0,0.368,ok
2,8,18,19,315.0,Y,insider,266.6667,350.0,350.0,buyer,0.58,False,328.368,328.0,0.368,ok
2,8,19,19,310.0,Y,insider,266.6667,350.0,350.0,buyer,0.52,False,328.368,328.0,0.368,ok
2,9,1,17,325.0,X,insider,266.6667,240.0,267.0,seller,-2.1875,True,267.059,267.0,0.059,ok
2,9,2,17,320.0,X,insider,266.6667,240.0,267.0,seller,-2.0,True,267.059,267.0,0.059,ok
2,9,3,17,315.0,X,insider,266.6667,240.0,267.0,seller,-1.8125,True,267.059,267.0,0.059,ok
2,9,4,17,300.0,X,insider,266.6667,240.0,267.0,seller,-1.25,True,267.059,267.0,0.059,ok
2,9,5,17,300.0,X,insider,266.6667,240.0,267.0,seller,-1.25,True,267.059,267.0,0.059,ok
2,9,6,17,295.0,X,insider,266.6667,240.0,267.0,seller,-1.0625,True,267.059,267.0,0.059,ok
2,9,7,17,285.0,X,insider,266.6667,240.0,267.0,seller,-0.6875,True,267.059,267.0,0.059,ok
2,9,8,17,280.0,X,insider,266.6667,240.0,267.0,seller,-0.5,True,267.059,267.0,0.059,ok
2,9,9,17,260.0,X,insider,266.6667,240.0,267.0,seller,0.25,True,267.059,267.0,0.059,ok
2,9,10,17,230.0,X,insider,266.6667,240.0,267.0,seller,1.375,True,267.059,267.0,0.059,ok
2,9,11,17,230.0,X,insider,266.6667,240.0,267.0,seller,1.375,True,267.059,267.0,0.059,ok
2,9,12,17,230.0,X,insider,266.6667,240.0,267.0,seller,1.375,True,267.059,267.0,0.059,ok
2,9,13,17,230.0,X,insider,266.6667,240.0,267.0,seller,1.375,True,267.059,267.0,0.059,ok
2,9,14,17,240.0,X,insider,266.6667,240.0,267.0,seller,1.0,True,267.059,267.0,0.059,ok
2,9,15,17,240.0,X,insider,266.6667,240.0,267.0,seller,1.0,True,267.059,267.0,0.059,ok
2,9,16,17,230.0,X,insider,266.6667,240.0,267.0,seller,1.375,True,267.059,267.0,0.059,ok
2,9,17,17,230.0,X,insider,266.6667,240.0,267.0,seller,1.375,True,267.059,267.0,0.059,ok
2,10,1,19,320.0,Y,insider,266.6667,350.0,350.0,buyer,0.64,False,327.316,327.0,0.316,ok
2,10,2,19,320.0,Y,insider,266.6667,350.0,350.0,buyer,0.64,False,327.316,327.0,0.316,ok
2,10,3,19,320.0,Y,insider,266.6667,350.0,350.0,buyer,0.64,False,327.316,327.0,0.316,ok
2,10,4,19,322.0,Y,insider,266.6667,350.0,350.0,buyer,0.664,False,327.316,327.0,0.316,ok
2,10,5,19,320.0,Y,insider,266.6667,350.0,350.0,buyer,0.64,False,327.316,327.0,0.316,ok
2,10,6,19,320.0,Y,insider,266.6667,350.0,350.0,buyer,0.64,False,327.316,327.0,0.316,ok
2,10,7,19,325.0,Y,insider,266.6667,350.0,350.0,buyer,0.7,False,327.316,327.0,0.316,ok
2,10,8,19,335.0,Y,insider,266.6667,350.0,350.0,buyer,0.82,False,327.316,327.0,0.316,ok
2,10,9,19,342.0,Y,insider,266.6667,350.0,350.0,buyer,0.904,False,327.316,327.0,0.316,ok
2,10,10,19,340.0,Y,insider,266.6667,350.0,350.0,buyer,0.88,False,327.316,327.0,0.316,ok
2,10,11,19,340.0,Y,insider,266.6667,350.0,350.0,buyer,0.88,False,327.316,327.0,0.316,ok
2,10,12,19,340.0,Y,insider,266.6667,350.0,350.0,buyer,0.88,False,327.316,327.0,0.316,ok
2,10,13,19,335.0,Y,insider,266.6667,350.0,350.0,buyer,0.82,False,327.316,327.0,0.316,ok
2,10,14,19,330.0,Y,insider,266.6667,350.0,350.0,buyer,0.76,False,327.316,327.0,0.316,ok
2,10,15,19,330.0,Y,insider,266.6667,350.0,350.0,buyer,0.76,False,327.316,327.0,0.316,ok
2,10,16,19,325.0,Y,insider,266.6667,350.0,350.0,buyer,0.7,False,327.316,327.0,0.316,ok
2,10,17,19,320.0,Y,insider,266.6667,350.0,350.0,buyer,0.64,False,327.316,327.0,0.316,ok
2,10,18,19,320.0,Y,insider,266.6667,350.0,350.0,buyer,0.64,False,327.316,327.0,0.316,ok
2,10,19,19,315.0,Y,insider,266.6667,350.0,350.0,buyer,0.58,False,327.316,327.0,0.316,ok
2,11,1,20,325.0,Y,insider,266.6667,350.0,350.0,buyer,0.7,False,334.8,335.0,-0.2,ok
2,11,2,20,325.0,Y,insider,266.6667,350.0,350.0,buyer,0.7,False,334.8,335.0,-0.2,ok
2,11,3,20,325.0,Y,insider,266.6667,350.0,350.0,buyer,0.7,False,334.8,335.0,-0.2,ok
2,11,4,20,325.0,Y,insider,266.6667,350.0,350.0,buyer,0.7,False,334.8,335.0,-0.2,ok
2,11,5,20,330.0,Y,insider,266.6667,350.0,350.0,buyer,0.76,False,334.8,335.0,-0.2,ok
2,11,6,20,330.0,Y,insider,266.6667,350.0,350.0,buyer,0.76,False,334.8,335.0,-0.2,ok
2,11,7,20,330.0,Y,insider,266.6667,350.0,350.0,buyer,0.76,False,334.8,335.0,-0.2,ok
2,11,8,20,330.0,Y,insider,266.6667,350.0,350.0,buyer,0.76,False,334.8,335.0,-0.2,ok
2,11,9,20,335.0,Y,insider,266.6667,350.0,350.0,buyer,0.82,False,334.8,335.0,-0.2,ok
2,11,10,20,340.0,Y,insider,266.6667,350.0,350.0,buyer,0.88,False,334.8,335.0,-0.2,ok
2,11,11,20,340.0,Y,insider,266.6667,350.0,350.0,buyer,0.88,False,334.8,335.0,-0.2,ok
2,11,12,20,340.0,Y,insider,266.6667,350.0,350.0,buyer,0.88,False,334.8,335.0,-0.2,ok
2,11,13,20,340.0,Y,insider,266.6667,350.0,350.0,buyer,0.88,False,334.8,335.0,-0.2,ok
2,11,14,20,340.0,Y,insider,266.6667,350.0,350.0,buyer,0.88,False,334.8,335.0,-0.2,ok
2,11,15,20,340.0,Y,insider,266.6667,350.0,350.0,buyer,0.88,False,334.8,335.0,-0.2,ok
2,11,16,20,340.0,Y,insider,266.6667,350.0,350.0,buyer,0.88,False,334.8,335.0,-0.2,ok
2,11,17,20,340.0,Y,insider,266.6667,350.0,350.0,buyer,0.88,False,334.8,335.0,-0.2,ok
2,11,18,20,341.0,Y,insider,266.6667,350.0,350.0,buyer,0.892,False,334.8,335.0,-0.2,ok
2,11,19,20,340.0,Y,insider,266.6667,350.0,350.0,buyer,0.88,False,334.8,335.0,-0.2,ok
2,11,20,20,340.0,Y,insider,266.6667,350.0,350.0,buyer,0.88,False,334.8,335.0,-0.2,ok
3,1,1,12,250.0,X,none,220.0,220.0,220.0,,,False,234.25,234.0,0.25,ok
3,1,2,12,230.0,X,none,220.0,220.0,220.0,,,False,234.25,234.0,0.25,ok
3,1,3,12,250.0,X,none,220.0,220.0,220.0,,,False,234.25,234.0,0.25,ok
3,1,4,12,240.0,X,none,220.0,220.0,220.0,,,False,234.25,234.0,0.25,ok
3,1,5,12,240.0,X,none,220.0,220.0,220.0,,,False,234.25,234.0,0.25,ok
3,1,6,12,235.0,X,none,220.0,220.0,220.0,,,False,234.25,234.0,0.25,ok
3,1,7,12,240.0,X,none,220.0,220.0,220.0,,,False,234.25,234.0,0.25,ok
3,1,8,12,235.0,X,none,220.0,220.0,220.0,,,False,234.25,234.0,0.25,ok
3,1,9,12,231.0,X,none,220.0,220.0,220.0,,,False,234.25,234.0,0.25,ok
3,1,10,12,230.0,X,none,220.0,220.0,220.0,,,False,234.25,234.0,0.25,ok
3,1,11,12,230.0,X,none,220.0,220.0,220.0,,,False,234.25,234.0,0.25,ok
3,1,12,12,200.0,X,none,220.0,220.0,220.0,,,False,234.25,234.0,0.25,ok
3,2,1,15,200.0,Y,none,220.0,220.0,220.0,,,False,217.333,217.0,0.333,ok
3,2,2,15,225.0,Y,none,220.0,220.0,220.0,,,False,217.333,217.0,0.333,ok
3,2,3,15,220.0,Y,none,220.0,220.0,220.0,,,False,217.333,217.0,0.333,ok
3,2,4,15,220.0,Y,none,220.0,220.0,220.0,,,False,217.333,217.0,0.333,ok
3,2,5,15,220.0,Y,none,220.0,220.0,220.0,,,False,217.333,217.0,0.333,ok
3,2,6,15,220.0,Y,none,220.0,220.0,220.0,,,False,217.333,217.0,0.333,ok
3,2,7,15,225.0,Y,none,220.0,220.0,220.0,,,False,217.333,217.0,0.333,ok
3,2,8,15,220.0,Y,none,220.0,220.0,220.0,,,False,217.333,217.0,0.333,ok
3,2,9,15,220.0,Y,none,220.0,220.0,220.0,,,False,217.333,217.0,0.333,ok
3,2,10,15,220.0,Y,none,220.0,220.0,220.0,,,False,217.333,217.0,0.333,ok
3,2,11,15,220.0,Y,none,220.0,220.0,220.0,,,False,217.333,217.0,0.333,ok
3,2,12,15,215.0,Y,none,220.0,220.0,220.0,,,False,217.333,217.0,0.333,ok
3,2,13,15,215.0,Y,none,220.0,220.0,220.0,,,False,217.333,217.0,0.333,ok
3,2,14,15,210.0,Y,none,220.0,220.0,220.0,,,False,217.333,217.0,0.333,ok
3,2,15,15,210.0,Y,none,220.0,220.0,220.0,,,False,217.333,217.0,0.333,ok
3,3,1,15,200.0,Y,insider,220.0,175.0,220.0,seller,0.44444,True,188.667,189.0,-0.333,ok
3,3,2,15,200.0,Y,insider,220.0,175.0,220.0,seller,0.44444,True,188.667,189.0,-0.333,ok
3,3,3,15,210.0,Y,insider,220.0,175.0,220.0,seller,0.22222,True,188.667,189.0,-0.333,ok
3,3,4,15,200.0,Y,insider,220.0,175.0,220.0,seller,0.44444,True,188.667,189.0,-0.333,ok
3,3,5,15,200.0,Y,insider,220.0,175.0,220.0,seller,0.44444,True,188.667,189.0,-0.333,ok
3,3,6,15,205.0,Y,insider,220.0,175.0,220.0,seller,0.33333,True,188.667,189.0,-0.333,ok
3,3,7,15,195.0,Y,insider,220.0,175.0,220.0,seller,0.55556,True,188.667,189.0,-0.333,ok
3,3,8,15,195.0,Y,insider,220.0,175.0,220.0,seller,0.55556,True,188.667,189.0,-0.333,ok
3,3,9,15,190.0,Y,insider,220.0,175.0,220.0,seller,0.66667,True,188.667,189.0,-0.333,ok
3,3,10,15,190.0,Y,insider,220.0,175.0,220.0,seller,0.66667,True,188.667,189.0,-0.333,ok
3,3,11,15,175.0,Y,insider,220.0,175.0,220.0,seller,1.0,True,188.667,189.0,-0.333,ok
3,3,12,15,170.0,Y,insider,220.0,175.0,220.0,seller,1.11111,True,188.667,189.0,-0.333,ok
3,3,13,15,165.0,Y,insider,220.0,175.0,220.0,seller,1.22222,True,188.667,189.0,-0.333,ok
3,3,14,15,165.0,Y,insider,220.0,175.0,220.0,seller,1.22222,True,188.667,189.0,-0.333,ok
3,3,15,15,170.0,Y,insider,220.0,175.0,220.0,seller,1.11111,True,188.667,189.0,-0.333,ok
3,4,1,19,260.0,X,insider,220.0,400.0,400.0,buyer,0.22222,False,332.895,333.0,-0.105,ok
3,4,2,19,275.0,X,insider,220.0,400.0,400.0,buyer,0.30556,False,332.895,333.0,-0.105,ok
3,4,3,19,275.0,X,insider,220.0,400.0,400.0,buyer,0.30556,False,332.895,333.0,-0.105,ok
3,4,4,19,280.0,X,insider,220.0,400.0,400.0,buyer,0.33333,False,332.895,333.0,-0.105,ok
3,4,5,19,290.0,X,insider,220.0,400.0,400.0,buyer,0.38889,False,332.895,333.0,-0.105,ok
3,4,6,19,300.0,X,insider,220.0,400.0,400.0,buyer,0.44444,False,332.895,333.0,-0.105,ok
3,4,7,19,310.0,X,insider,220.0,400.0,400.0,buyer,0.5,False,332.895,333.0,-0.105,ok
3,4,8,19,340.0,X,insider,220.0,400.0,400.0,buyer,0.66667,False,332.895,333.0,-0.105,ok
3,4,9,19,320.0,X,insider,220.0,400.0,400.0,buyer,0.55556,False,332.895,333.0,-0.105,ok
3,4,10,19,350.0,X,insider,220.0,400.0,400.0,buyer,0.72222,False,332.895,333.0,-0.105,ok
3,4,11,19,350.0,X,insider,220.0,400.0,400.0,buyer,0.72222,False,332.895,333.0,-0.105,ok
3,4,12,19,360.0,X,insider,220.0,400.0,400.0,buyer,0.77778,False,332.895,333.0,-0.105,ok
3,4,13,19,360.0,X,insider,220.0,400.0,400.0,buyer,0.77778,False,332.895,333.0,-0.105,ok
3,4,14,19,360.0,X,insider,220.0,400.0,400.0,buyer,0.77778,False,332.895,333.0,-0.105,ok
3,4,15,19,360.0,X,insider,220.0,400.0,400.0,buyer,0.77778,False,332.895,333.0,-0.105,ok
3,4,16,19,365.0,X,insider,220.0,400.0,400.0,buyer,0.80556,False,332.895,333.0,-0.105,ok
3,4,17,19,385.0,X,insider,220.0,400.0,400.0,buyer,0.91667,False,332.895,333.0,-0.105,ok
3,4,18,19,390.0,X,insider,220.0,400.0,400.0,buyer,0.94444,False,332.895,333.0,-0.105,ok
3,4,19,19,395.0,X,insider,220.0,400.0,400.0,buyer,0.97222,False,332.895,333.0,-0.105,ok
3,5,1,15,150.0,Y,insider,220.0,175.0,220.0,seller,1.55556,True,162.933,163.0,-0.067,ok
3,5,2,15,150.0,Y,insider,220.0,175.0,220.0,seller,1.55556,True,162.933,163.0,-0.067,ok
3,5,3,15,150.0,Y,insider,220.0,175.0,220.0,seller,1.55556,True,162.933,163.0,-0.067,ok
3,5,4,15,175.0,Y,insider,220.0,175.0,220.0,seller,1.0,True,162.933,163.0,-0.067,ok
3,5,5,15,175.0,Y,insider,220.0,175.0,220.0,seller,1.0,True,162.933,163.0,-0.067,ok
3,5,6,15,170.0,Y,insider,220.0,175.0,220.0,seller,1.11111,True,162.933,163.0,-0.067,ok
3,5,7,15,160.0,Y,insider,220.0,175.0,220.0,seller,1.33333,True,162.933,163.0,-0.067,ok
3,5,8,15,160.0,Y,insider,220.0,175.0,220.0,seller,1.33333,True,162.933,163.0,-0.067,ok
3,5,9,15,160.0,Y,insider,220.0,175.0,220.0,seller,1.33333,True,162.933,163.0,-0.067,ok
3,5,10,15,165.0,Y,insider,220.0,175.0,220.0,seller,1.22222,True,162.933,163.0,-0.067,ok
3,5,11,15,165.0,Y,insider,220.0,175.0,220.0,seller,1.22222,True,162.933,163.0,-0.067,ok
3,5,12,15,165.0,Y,insider,220.0,175.0,220.0,seller,1.22222,True,162.933,163.0,-0.067,ok
3,5,13,15,165.0,Y,insider,220.0,175.0,220.0,seller,1.22222,True,162.933,163.0,-0.067,ok
3,5,14,15,165.0,Y,insider,220.0,175.0,220.0,seller,1.22222,True,162.933,163.0,-0.067,ok
3,5,15,15,169.0,Y,insider,220.0,175.0,220.0,seller,1.13333,True,162.933,163.0,-0.067,ok
3,6,1,14,200.0,Y,insider,220.0,175.0,220.0,seller,0.44444,True,172.857,173.0,-0.143,ok
3,6,2,14,190.0,Y,insider,220.0,175.0,220.0,seller,0.66667,True,172.857,173.0,-0.143,ok
3,6,3,14,175.0,Y,insider,220.0,175.0,220.0,seller,1.0,True,172.857,173.0,-0.143,ok
3,6,4,14,180.0,Y,insider,220.0,175.0,220.0,seller,0.88889,True,172.857,173.0,-0.143,ok
3,6,5,14,175.0,Y,insider,220.0,175.0,220.0,seller,1.0,True,172.857,173.0,-0.143,ok
3,6,6,14,160.0,Y,insider,220.0,175.0,220.0,seller,1.33333,True,172.857,173.0,-0.143,ok
3,6,7,14,165.0,Y,insider,220.0,175.0,220.0,seller,1.22222,True,172.857,173.0,-0.143,ok
3,6,8,14,165.0,Y,insider,220.0,175.0,220.0,seller,1.22222,True,172.857,173.0,-0.143,ok
3,6,9,14,165.0,Y,insider,220.0,175.0,220.0,seller,1.22222,True,172.857,173.0,-0.143,ok
3,6,10,14,165.0,Y,insider,220.0,175.0,220.0,seller,1.22222,True,172.857,173.0,-0.143,ok
3,6,11,14,170.0,Y,insider,220.0,175.0,220.0,seller,1.11111,True,172.857,173.0,-0.143,ok
3,6,12,14,170.0,Y,insider,220.0,175.0,220.0,seller,1.11111,True,172.857,173.0,-0.143,ok
3,6,13,14,170.0,Y,insider,220.0,175.0,220.0,seller,1.11111,True,172.857,173.0,-0.143,ok
3,6,14,14,170.0,Y,insider,220.0,175.0,220.0,seller,1.11111,True,172.857,173.0,-0.143,ok
3,7,1,19,200.0,X,insider,220.0,400.0,400.0,buyer,-0.11111,False,364.053,364.0,0.053,ok
3,7,2,19,240.0,X,insider,220.0,400.0,400.0,buyer,0.11111,False,364.053,364.0,0.053,ok
3,7,3,19,310.0,X,insider,220.0,400.0,400.0,buyer,0.5,False,364.053,364.0,0.053,ok
3,7,4,19,340.0,X,insider,220.0,400.0,400.0,buyer,0.66667,False,364.053,364.0,0.053,ok
3,7,5,19,340.0,X,insider,220.0,400.0,400.0,buyer,0.66667,False,364.053,364.0,0.053,ok
3,7,6,19,375.0,X,insider,220.0,400.0,400.0,buyer,0.86111,False,364.053,364.0,0.053,ok
3,7,7,19,370.0,X,insider,220.0,400.0,400.0,buyer,0.83333,False,364.053,364.0,0.053,ok
3,7,8,19,390.0,X,insider,220.0,400.0,400.0,buyer,0.94444,False,364.053,364.0,0.053,ok
3,7,9,19,395.0,X,insider,220.0,400.0,400.0,buyer,0.97222,False,364.053,364.0,0.053,ok
3,7,10,19,395.0,X,insider,220.0,400.0,400.0,buyer,0.97222,False,364.053,364.0,0.053,ok
3,7,11,19,390.0,X,insider,220.0,400.0,400.0,buyer,0.94444,False,364.053,364.0,0.053,ok
3,7,12,19,395.0,X,insider,220.0,400.0,400.0,buyer,0.97222,False,364.053,364.0,0.053,ok
3,7,13,19,395.0,X,insider,220.0,400.0,400.0,buyer,0.97222,False,364.053,364.0,0.053,ok
3,7,14,19,395.0,X,insider,220.0,400.0,400.0,buyer,0.97222,False,364.053,364.0,0.053,ok
3,7,15,19,395.0,X,insider,220.0,400.0,400.0,buyer,0.97222,False,364.053,364.0,0.053,ok
3,7,16,19,395.0,X,insider,220.0,400.0,400.0,buyer,0.97222,False,364.053,364.0,0.053,ok
3,7,17,19,399.0,X,insider,220.0,400.0,400.0,buyer,0.99444,False,364.053,364.0,0.053,ok
3,7,18,19,399.0,X,insider,220.0,400.0,400.0,buyer,0.99444,False,364.053,364.0,0.053,ok
3,7,19,19,399.0,X,insider,220.0,400.0,400.0,buyer,0.99444,False,364.053,364.0,0.053,ok
3,8,1,14,175.0,Y,insider,220.0,175.0,220.0,seller,1.0,True,165.286,165.0,0.286,ok
3,8,2,14,165.0,Y,insider,220.0,175.0,220.0,seller,1.22222,True,165.286,165.0,0.286,ok
3,8,3,14,160.0,Y,insider,220.0,175.0,220.0,seller,1.33333,True,165.286,165.0,0.286,ok
3,8,4,14,150.0,Y,insider,220.0,175.0,220.0,seller,1.55556,True,165.286,165.0,0.286,ok
3,8,5,14,160.0,Y,insider,220.0,175.0,220.0,seller,1.33333,True,165.286,165.0,0.286,ok
3,8,6,14,165.0,Y,insider,220.0,175.0,220.0,seller,1.22222,True,165.286,165.0,0.286,ok
3,8,7,14,165.0,Y,insider,220.0,175.0,220.0,seller,1.22222,True,165.286,165.0,0.286,ok
3,8,8,14,165.0,Y,insider,220.0,175.0,220.0,seller,1.22222,True,165.286,165.0,0.286,ok
3,8,9,14,165.0,Y,insider,220.0,175.0,220.0,seller,1.22222,True,165.286,165.0,0.286,ok
3,8,10,14,165.0,Y,insider,220.0,175.0,220.0,seller,1.22222,True,165.286,165.0,0.286,ok
3,8,11,14,168.0,Y,insider,220.0,175.0,220.0,seller,1.15556,True,165.286,165.0,0.286,ok
3,8,12,14,170.0,Y,insider,220.0,175.0,220.0,seller,1.11111,True,165.286,165.0,0.286,ok
3,8,13,14,170.0,Y,insider,220.0,175.0,220.0,seller,1.11111,True,165.286,165.0,0.286,ok
3,8,14,14,171.0,Y,insider,220.0,175.0,220.0,seller,1.08889,True,165.286,165.0,0.286,ok
3,9,1,16,390.0,X,insider,220.0,400.0,400.0,buyer,0.94444,False,395.875,396.0,-0.125,ok
3,9,2,16,395.0,X,insider,220.0,400.0,400.0,buyer,0.97222,False,395.875,396.0,-0.125,ok
3,9,3,16,395.0,X,insider,220.0,400.0,400.0,buyer,0.97222,False,395.875,396.0,-0.125,ok
3,9,4,16,395.0,X,insider,220.0,400.0,400.0,buyer,0.97222,False,395.875,396.0,-0.125,ok
3,9,5,16,395.0,X,insider,220.0,400.0,400.0,buyer,0.97222,False,395.875,396.0,-0.125,ok
3,9,6,16,397.0,X,insider,220.0,400.0,400.0,buyer,0.98333,False,395.875,396.0,-0.125,ok
3,9,7,16,397.0,X,insider,220.0,400.0,400.0,buyer,0.98333,False,395.875,396.0,-0.125,ok
3,9,8,16,397.0,X,insider,220.0,400.0,400.0,buyer,0.98333,False,395.875,396.0,-0.125,ok
3,9,9,16,398.0,X,insider,220.0,400.0,400.0,buyer,0.98889,False,395.875,396.0,-0.125,ok
3,9,10,16,395.0,X,insider,220.0,400.0,400.0,buyer,0.97222,False,395.875,396.0,-0.125,ok
3,9,11,16,395.0,X,insider,220.0,400.0,400.0,buyer,0.97222,False,395.875,396.0,-0.125,ok
3,9,12,16,395.0,X,insider,220.0,400.0,400.0,buyer,0.97222,False,395.875,396.0,-0.125,ok
3,9,13,16,397.0,X,insider,220.0,400.0,400.0,buyer,0.98333,False,395.875,396.0,-0.125,ok
3,9,14,16,397.0,X,insider,220.0,400.0,400.0,buyer,0.98333,False,395.875,396.0,-0.125,ok
3,9,15,16,397.0,X,insider,220.0,400.0,400.0,buyer,0.98333,False,395.875,396.0,-0.125,ok
3,9,16,16,399.0,X,insider,220.0,400.0,400.0,buyer,0.99444,False,395.875,396.0,-0.125,ok
3,10,1,15,170.0,Y,insider,220.0,175.0,220.0,seller,1.11111,True,167.067,167.0,0.067,ok
3,10,2,15,160.0,Y,insider,220.0,175.0,220.0,seller,1.33333,True,167.067,167.0,0.067,ok
3,10,3,15,165.0,Y,insider,220.0,175.0,220.0,seller,1.22222,True,167.067,167.0,0.067,ok
3,10,4,15,165.0,Y,insider,220.0,175.0,220.0,seller,1.22222,True,167.067,167.0,0.067,ok
3,10,5,15,165.0,Y,insider,220.0,175.0,220.0,seller,1.22222,True,167.067,167.0,0.067,ok
3,10,6,15,165.0,Y,insider,220.0,175.0,220.0,seller,1.22222,True,167.067,167.0,0.067,ok
3,10,7,15,165.0,Y,insider,220.0,175.0,220.0,seller,1.22222,True,167.067,167.0,0.067,ok
3,10,8,15,165.0,Y,insider,220.0,175.0,220.0,seller,1.22222,True,167.067,167.0,0.067,ok
3,10,9,15,165.0,Y,insider,220.0,175.0,220.0,seller,1.22222,True,167.067,167.0,0.067,ok
3,10,10,15,165.0,Y,insider,220.0,175.0,220.0,seller,1.22222,True,167.067,167.0,0.067,ok
3,10,11,15,170.0,Y,insider,220.0,175.0,220.0,seller,1.11111,True,167.067,167.0,0.067,ok
3,10,12,15,170.0,Y,insider,220.0,175.0,220.0,seller,1.11111,True,167.067,167.0,0.067,ok
3,10,13,15,171.0,Y,insider,220.0,175.0,220.0,seller,1.08889,True,167.067,167.0,0.067,ok
3,10,14,15,172.0,Y,insider,220.0,175.0,220.0,seller,1.06667,True,167.067,167.0,0.067,ok
3,10,15,15,173.0,Y,insider,220.0,175.0,220.0,seller,1.04444,True,167.067,167.0,0.067,ok
3,11,1,18,300.0,Y,all,220.0,175.0,175.0,seller,-1.77778,False,176.778,177.0,-0.222,ok
3,11,2,18,165.0,Y,all,220.0,175.0,175.0,seller,1.22222,False,176.778,177.0,-0.222,ok
3,11,3,18,165.0,Y,all,220.0,175.0,175.0,seller,1.22222,False,176.778,177.0,-0.222,ok
3,11,4,18,170.0,Y,all,220.0,175.0,175.0,seller,1.11111,False,176.778,177.0,-0.222,ok
3,11,5,18,170.0,Y,all,220.0,175.0,175.0,seller,1.11111,False,176.778,177.0,-0.222,ok
3,11,6,18,165.0,Y,all,220.0,175.0,175.0,seller,1.22222,False,176.778,177.0,-0.222,ok
3,11,7,18,170.0,Y,all,220.0,175.0,175.0,seller,1.11111,False,176.778,177.0,-0.222,ok
3,11,8,18,170.0,Y,all,220.0,175.0,175.0,seller,1.11111,False,176.778,177.0,-0.222,ok
3,11,9,18,170.0,Y,all,220.0,175.0,175.0,seller,1.11111,False,176.778,177.0,-0.222,ok
3,11,10,18,170.0,Y,all,220.0,175.0,175.0,seller,1.11111,False,176.778,177.0,-0.222,ok
3,11,11,18,170.0,Y,all,220.0,175.0,175.0,seller,1.11111,False,176.778,177.0,-0.222,ok
3,11,12,18,170.0,Y,all,220.0,175.0,175.0,seller,1.11111,False,176.778,177.0,-0.222,ok
3,11,13,18,170.0,Y,all,220.0,175.0,175.0,seller,1.11111,False,176.778,177.0,-0.222,ok
3,11,14,18,172.0,Y,all,220.0,175.0,175.0,seller,1.06667,False,176.778,177.0,-0.222,ok
3,11,15,18,172.0,Y,all,220.0,175.0,175.0,seller,1.06667,False,176.778,177.0,-0.222,ok
3,11,16,18,171.0,Y,all,220.0,175.0,175.0,seller,1.08889,False,176.778,177.0,-0.222,ok
3,11,17,18,171.0,Y,all,220.0,175.0,175.0,seller,1.08889,False,176.778,177.0,-0.222,ok
3,11,18,18,171.0,Y,all,220.0,175.0,175.0,seller,1.08889,False,176.778,177.0,-0.222,ok
3,12,1,18,390.0,X,all,220.0,400.0,400.0,buyer,0.94444,False,394.722,395.0,-0.278,ok
3,12,2,18,390.0,X,all,220.0,400.0,400.0,buyer,0.94444,False,394.722,395.0,-0.278,ok
3,12,3,18,395.0,X,all,220.0,400.0,400.0,buyer,0.97222,False,394.722,395.0,-0.278,ok
3,12,4,18,390.0,X,all,220.0,400.0,400.0,buyer,0.94444,False,394.722,395.0,-0.278,ok
3,12,5,18,395.0,X,all,220.0,400.0,400.0,buyer,0.97222,False,394.722,395.0,-0.278,ok
3,12,6,18,395.0,X,all,220.0,400.0,400.0,buyer,0.97222,False,394.722,395.0,-0.278,ok
3,12,7,18,395.0,X,all,220.0,400.0,400.0,buyer,0.97222,False,394.722,395.0,-0.278,ok
3,12,8,18,395.0,X,all,220.0,400.0,400.0,buyer,0.97222,False,394.722,395.0,-0.278,ok
3,12,9,18,395.0,X,all,220.0,400.0,400.0,buyer,0.97222,False,394.722,395.0,-0.278,ok
3,12,10,18,395.0,X,all,220.0,400.0,400.0,buyer,0.97222,False,394.722,395.0,-0.278,ok
3,12,11,18,395.0,X,all,220.0,400.0,400.0,buyer,0.97222,False,394.722,395.0,-0.278,ok
3,12,12,18,395.0,X,all,220.0,400.0,400.0,buyer,0.97222,False,394.722,395.0,-0.278,ok
3,12,13,18,395.0,X,all,220.0,400.0,400.0,buyer,0.97222,False,394.722,395.0,-0.278,ok
3,12,14,18,395.0,X,all,220.0,400.0,400.0,buyer,0.97222,False,394.722,395.0,-0.278,ok
3,12,15,18,396.0,X,all,220.0,400.0,400.0,buyer,0.97778,False,394.722,395.0,-0.278,ok
3,12,16,18,398.0,X,all,220.0,400.0,400.0,buyer,0.98889,False,394.722,395.0,-0.278,ok
3,12,17,18,397.0,X,all,220.0,400.0,400.0,buyer,0.98333,False,394.722,395.0,-0.278,ok
3,12,18,18,399.0,X,all,220.0,400.0,400.0,buyer,0.99444,False,394.722,395.0,-0.278,ok
4,1,1,8,1000.0,X,none,210.0,210.0,210.0,,,False,784.375,784.0,0.375,ok
4,1,2,8,1500.0,X,none,210.0,210.0,210.0,,,False,784.375,784.0,0.375,ok
4,1,3,8,1000.0,X,none,210.0,210.0,210.0,,,False,784.375,784.0,0.375,ok
4,1,4,8,1000.0,X,none,210.0,210.0,210.0,,,False,784.375,784.0,0.375,ok
4,1,5,8,900.0,X,none,210.0,210.0,210.0,,,False,784.375,784.0,0.375,ok
4,1,6,8,500.0,X,none,210.0,210.0,210.0,,,False,784.375,784.0,0.375,ok
4,1,7,8,175.0,X,none,210.0,210.0,210.0,,,False,784.375,784.0,0.375,ok
4,1,8,8,200.0,X,none,210.0,210.0,210.0,,,False,784.375,784.0,0.375,ok
4,2,1,14,150.0,Y,none,210.0,210.0,210.0,,,False,179.643,180.0,-0.357,ok
4,2,2,14,150.0,Y,none,210.0,210.0,210.0,,,False,179.643,180.0,-0.357,ok
4,2,3,14,200.0,Y,none,210.0,210.0,210.0,,,False,179.643,180.0,-0.357,ok
4,2,4,14,200.0,Y,none,210.0,210.0,210.0,,,False,179.643,180.0,-0.357,ok
4,2,5,14,200.0,Y,none,210.0,210.0,210.0,,,False,179.643,180.0,-0.357,ok
4,2,6,14,200.0,Y,none,210.0,210.0,210.0,,,False,179.643,180.0,-0.357,ok
4,2,7,14,180.0,Y,none,210.0,210.0,210.0,,,False,179.643,180.0,-0.357,ok
4,2,8,14,190.0,Y,none,210.0,210.0,210.0,,,False,179.643,180.0,-0.357,ok
4,2,9,14,190.0,Y,none,210.0,210.0,210.0,,,False,179.643,180.0,-0.357,ok
4,2,10,14,150.0,Y,none,210.0,210.0,210.0,,,False,179.643,180.0,-0.357,ok
4,2,11,14,185.0,Y,none,210.0,210.0,210.0,,,False,179.643,180.0,-0.357,ok
4,2,12,14,170.0,Y,none,210.0,210.0,210.0,,,False,179.643,180.0,-0.357,ok
4,2,13,14,175.0,Y,none,210.0,210.0,210.0,,,False,179.643,180.0,-0.357,ok
4,2,14,14,175.0,Y,none,210.0,210.0,210.0,,,False,179.643,180.0,-0.357,ok
4,3,1,16,150.0,Y,none,210.0,210.0,210.0,,,False,153.75,154.0,-0.25,ok
4,3,2,16,150.0,Y,none,210.0,210.0,210.0,,,False,153.75,154.0,-0.25,ok
4,3,3,16,150.0,Y,none,210.0,210.0,210.0,,,False,153.75,154.0,-0.25,ok
4,3,4,16,150.0,Y,none,210.0,210.0,210.0,,,False,153.75,154.0,-0.25,ok
4,3,5,16,150.0,Y,none,210.0,210.0,210.0,,,False,153.75,154.0,-0.25,ok
4,3,6,16,150.0,Y,none,210.0,210.0,210.0,,,False,153.75,154.0,-0.25,ok
4,3,7,16,155.0,Y,none,210.0,210.0,210.0,,,False,153.75,154.0,-0.25,ok
4,3,8,16,150.0,Y,none,210.0,210.0,210.0,,,False,153.75,154.0,-0.25,ok
4,3,9,16,155.0,Y,none,210.0,210.0,210.0,,,False,153.75,154.0,-0.25,ok
4,3,10,16,155.0,Y,none,210.0,210.0,210.0,,,False,153.75,154.0,-0.25,ok
4,3,11,16,155.0,Y,none,210.0,210.0,210.0,,,False,153.75,154.0,-0.25,ok
4,3,12,16,155.0,Y,none,210.0,210.0,210.0,,,False,153.75,154.0,-0.25,ok
4,3,13,16,160.0,Y,none,210.0,210.0,210.0,,,False,153.75,154.0,-0.25,ok
4,3,14,16,160.0,Y,none,210.0,210.0,210.0,,,False,153.75,154.0,-0.25,ok
4,3,15,16,160.0,Y,none,210.0,210.0,210.0,,,False,153.75,154.0,-0.25,ok
4,3,16,16,155.0,Y,none,210.0,210.0,210.0,,,False,153.75,154.0,-0.25,ok
4,4,1,16,155.0,X,none,210.0,210.0,210.0,,,False,158.062,158.0,0.062,ok
4,4,2,16,160.0,X,none,210.0,210.0,210.0,,,False,158.062,158.0,0.062,ok
4,4,3,16,155.0,X,none,210.0,210.0,210.0,,,False,158.062,158.0,0.062,ok
4,4,4,16,155.0,X,none,210.0,210.0,210.0,,,False,158.062,158.0,0.062,ok
4,4,5,16,155.0,X,none,210.0,210.0,210.0,,,False,158.062,158.0,0.062,ok
4,4,6,16,155.0,X,none,210.0,210.0,210.0,,,False,158.062,158.0,0.062,ok
4,4,7,16,155.0,X,none,210.0,210.0,210.0,,,False,158.062,158.0,0.062,ok
4,4,8,16,160.0,X,none,210.0,210.0,210.0,,,False,158.062,158.0,0.062,ok
4,4,9,16,158.0,X,none,210.0,210.0,210.0,,,False,158.062,158.0,0.062,ok
4,4,10,16,158.0,X,none,210.0,210.0,210.0,,,False,158.062,158.0,0.062,ok
4,4,11,16,160.0,X,none,210.0,210.0,210.0,,,False,158.062,158.0,0.062,ok
4,4,12,16,160.0,X,none,210.0,210.0,210.0,,,False,158.062,158.0,0.062,ok
4,4,13,16,160.0,X,none,210.0,210.0,210.0,,,False,158.062,158.0,0.062,ok
4,4,14,16,158.0,X,none,210.0,210.0,210.0,,,False,158.062,158.0,0.062,ok
4,4,15,16,160.0,X,none,210.0,210.0,210.0,,,False,158.062,158.0,0.062,ok
4,4,16,16,165.0,X,none,210.0,210.0,210.0,,,False,158.062,158.0,0.062,ok
4,5,1,17,150.0,Y,insider,210.0,175.0,210.0,seller,1.71429,True,157.412,157.0,0.412,ok
4,5,2,17,155.0,Y,insider,210.0,175.0,210.0,seller,1.57143,True,157.412,157.0,0.412,ok
4,5,3,17,155.0,Y,insider,210.0,175.0,210.0,seller,1.57143,True,157.412,157.0,0.412,ok
4,5,4,17,155.0,Y,insider,210.0,175.0,210.0,seller,1.57143,True,157.412,157.0,0.412,ok
4,5,5,17,155.0,Y,insider,210.0,175.0,210.0,seller,1.57143,True,157.412,157.0,0.412,ok
4,5,6,17,155.0,Y,insider,210.0,175.0,210.0,seller,1.57143,True,157.412,157.0,0.412,ok
4,5,7,17,160.0,Y,insider,210.0,175.0,210.0,seller,1.42857,True,157.412,157.0,0.412,ok
4,5,8,17,160.0,Y,insider,210.0,175.0,210.0,seller,1.42857,True,157.412,157.0,0.412,ok
4,5,9,17,155.0,Y,insider,210.0,175.0,210.0,seller,1.57143,True,157.412,157.0,0.412,ok
4,5,10,17,158.0,Y,insider,210.0,175.0,210.0,seller,1.48571,True,157.412,157.0,0.412,ok
4,5,11,17,158.0,Y,insider,210.0,175.0,210.0,seller,1.48571,True,157.412,157.0,0.412,ok
4,5,12,17,160.0,Y,insider,210.0,175.0,210.0,seller,1.42857,True,157.412,157.0,0.412,ok
4,5,13,17,160.0,Y,insider,210.0,175.0,210.0,seller,1.42857,True,157.412,157.0,0.412,ok
4,5,14,17,160.0,Y,insider,210.0,175.0,210.0,seller,1.42857,True,157.412,157.0,0.412,ok
4,5,15,17,160.0,Y,insider,210.0,175.0,210.0,seller,1.42857,True,157.412,157.0,0.412,ok
4,5,16,17,160.0,Y,insider,210.0,175.0,210.0,seller,1.42857,True,157.412,157.0,0.412,ok
4,5,17,17,160.0,Y,insider,210.0,175.0,210.0,seller,1.42857,True,157.412,157.0,0.412,ok
4,6,1,23,170.0,X,insider,210.0,375.0,375.0,buyer,-0.24242,False,253.478,254.0,-0.522,ok
4,6,2,23,170.0,X,insider,210.0,375.0,375.0,buyer,-0.24242,False,253.478,254.0,-0.522,ok
4,6,3,23,180.0,X,insider,210.0,375.0,375.0,buyer,-0.18182,False,253.478,254.0,-0.522,ok
4,6,4,23,180.0,X,insider,210.0,375.0,375.0,buyer,-0.18182,False,253.478,254.0,-0.522,ok
4,6,5,23,180.0,X,insider,210.0,375.0,375.0,buyer,-0.18182,False,253.478,254.0,-0.522,ok
4,6,6,23,200.0,X,insider,210.0,375.0,375.0,buyer,-0.06061,False,253.478,254.0,-0.522,ok
4,6,7,23,200.0,X,insider,210.0,375.0,375.0,buyer,-0.06061,False,253.478,254.0,-0.522,ok
4,6,8,23,280.0,X,insider,210.0,375.0,375.0,buyer,0.42424,False,253.478,254.0,-0.522,ok
4,6,9,23,280.0,X,insider,210.0,375.0,375.0,buyer,0.42424,False,253.478,254.0,-0.522,ok
4,6,10,23,280.0,X,insider,210.0,375.0,375.0,buyer,0.42424,False,253.478,254.0,-0.522,ok
4,6,11,23,280.0,X,insider,210.0,375.0,375.0,buyer,0.42424,False,253.478,254.0,-0.522,ok
4,6,12,23,280.0,X,insider,210.0,375.0,375.0,buyer,0.42424,False,253.478,254.0,-0.522,ok
4,6,13,23,280.0,X,insider,210.0,375.0,375.0,buyer,0.42424,False,253.478,254.0,-0.522,ok
4,6,14,23,280.0,X,insider,210.0,375.0,375.0,buyer,0.42424,False,253.478,254.0,-0.522,ok
4,6,15,23,270.0,X,insider,210.0,375.0,375.0,buyer,0.36364,False,253.478,254.0,-0.522,ok
4,6,16,23,275.0,X,insider,210.0,375.0,375.0,buyer,0.39394,False,253.478,254.0,-0.522,ok
4,6,17,23,280.0,X,insider,210.0,375.0,375.0,buyer,0.42424,False,253.478,254.0,-0.522,ok
4,6,18,23,280.0,X,insider,210.0,375.0,375.0,buyer,0.42424,False,253.478,254.0,-0.522,ok
4,6,19,23,280.0,X,insider,210.0,375.0,375.0,buyer,0.42424,False,253.478,254.0,-0.522,ok
4,6,20,23,280.0,X,insider,210.0,375.0,375.0,buyer,0.42424,False,253.478,254.0,-0.522,ok
4,6,21,23,280.0,X,insider,210.0,375.0,375.0,buyer,0.42424,False,253.478,254.0,-0.522,ok
4,6,22,23,285.0,X,insider,210.0,375.0,375.0,buyer,0.45455,False,253.478,254.0,-0.522,ok
4,6,23,23,360.0,X,insider,210.0,375.0,375.0,buyer,0.90909,False,253.478,254.0,-0.522,ok
4,7,1,17,160.0,Y,insider,210.0,175.0,210.0,seller,1.42857,True,160.588,161.0,-0.412,ok
4,7,2,17,155.0,Y,insider,210.0,175.0,210.0,seller,1.57143,True,160.588,161.0,-0.412,ok
4,7,3,17,155.0,Y,insider,210.0,175.0,210.0,seller,1.57143,True,160.588,161.0,-0.412,ok
4,7,4,17,155.0,Y,insider,210.0,175.0,210.0,seller,1.57143,True,160.588,161.0,-0.412,ok
4,7,5,17,160.0,Y,insider,210.0,175.0,210.0,seller,1.42857,True,160.588,161.0,-0.412,ok
4,7,6,17,160.0,Y,insider,210.0,175.0,210.0,seller,1.42857,True,160.588,161.0,-0.412,ok
4,7,7,17,160.0,Y,insider,210.0,175.0,210.0,seller,1.42857,True,160.588,161.0,-0.412,ok
4,7,8,17,160.0,Y,insider,210.0,175.0,210.0,seller,1.42857,True,160.588,161.0,-0.412,ok
4,7,9,17,160.0,Y,insider,210.0,175.0,210.0,seller,1.42857,True,160.588,161.0,-0.412,ok
4,7,10,17,160.0,Y,insider,210.0,175.0,210.0,seller,1.42857,True,160.588,161.0,-0.412,ok
4,7,11,17,160.0,Y,insider,210.0,175.0,210.0,seller,1.42857,True,160.588,161.0,-0.412,ok
4,7,12,17,160.0,Y,insider,210.0,175.0,210.0,seller,1.42857,True,160.588,161.0,-0.412,ok
4,7,13,17,160.0,Y,insider,210.0,175.0,210.0,seller,1.42857,True,160.588,161.0,-0.412,ok
4,7,14,17,160.0,Y,insider,210.0,175.0,210.0,seller,1.42857,True,160.588,161.0,-0.412,ok
4,7,15,17,165.0,Y,insider,210.0,175.0,210.0,seller,1.28571,True,160.588,161.0,-0.412,ok
4,7,16,17,170.0,Y,insider,210.0,175.0,210.0,seller,1.14286,True,160.588,161.0,-0.412,ok
4,7,17,17,170.0,Y,insider,210.0,175.0,210.0,seller,1.14286,True,160.588,161.0,-0.412,ok
4,8,1,12,160.0,Y,insider,210.0,175.0,210.0,seller,1.42857,True,164.167,164.0,0.167,ok
4,8,2,12,160.0,Y,insider,210.0,175.0,210.0,seller,1.42857,True,164.167,164.0,0.167,ok
4,8,3,12,160.0,Y,insider,210.0,175.0,210.0,seller,1.42857,True,164.167,164.0,0.167,ok
4,8,4,12,160.0,Y,insider,210.0,175.0,210.0,seller,1.42857,True,164.167,164.0,0.167,ok
4,8,5,12,160.0,Y,insider,210.0,175.0,210.0,seller,1.42857,True,164.167,164.0,0.167,ok
4,8,6,12,165.0,Y,insider,210.0,175.0,210.0,seller,1.28571,True,164.167,164.0,0.167,ok
4,8,7,12,165.0,Y,insider,210.0,175.0,210.0,seller,1.28571,True,164.167,164.0,0.167,ok
4,8,8,12,165.0,Y,insider,210.0,175.0,210.0,seller,1.28571,True,164.167,164.0,0.167,ok
4,8,9,12,165.0,Y,insider,210.0,175.0,210.0,seller,1.28571,True,164.167,164.0,0.167,ok
4,8,10,12,170.0,Y,insider,210.0,175.0,210.0,seller,1.14286,True,164.167,164.0,0.167,ok
4,8,11,12,170.0,Y,insider,210.0,175.0,210.0,seller,1.14286,True,164.167,164.0,0.167,ok
4,8,12,12,170.0,Y,insider,210.0,175.0,210.0,seller,1.14286,True,164.167,164.0,0.167,ok
4,9,1,20,270.0,X,insider,210.0,375.0,375.0,buyer,0.36364,False,300.7,301.0,-0.3,ok
4,9,2,20,250.0,X,insider,210.0,375.0,375.0,buyer,0.24242,False,300.7,301.0,-0.3,ok
4,9,3,20,270.0,X,insider,210.0,375.0,375.0,buyer,0.36364,False,300.7,301.0,-0.3,ok
4,9,4,20,275.0,X,insider,210.0,375.0,375.0,buyer,0.39394,False,300.7,301.0,-0.3,ok
4,9,5,20,300.0,X,insider,210.0,375.0,375.0,buyer,0.54545,False,300.7,301.0,-0.3,ok
4,9,6,20,300.0,X,insider,210.0,375.0,375.0,buyer,0.54545,False,300.7,301.0,-0.3,ok
4,9,7,20,300.0,X,insider,210.0,375.0,375.0,buyer,0.54545,False,300.7,301.0,-0.3,ok
4,9,8,20,300.0,X,insider,210.0,375.0,375.0,buyer,0.54545,False,300.7,301.0,-0.3,ok
4,9,9,20,300.0,X,insider,210.0,375.0,375.0,buyer,0.54545,False,300.7,301.0,-0.3,ok
4,9,10,20,300.0,X,insider,210.0,375.0,375.0,buyer,0.54545,False,300.7,301.0,-0.3,ok
4,9,11,20,310.0,X,insider,210.0,375.0,375.0,buyer,0.60606,False,300.7,301.0,-0.3,ok
4,9,12,20,310.0,X,insider,210.0,375.0,375.0,buyer,0.60606,False,300.7,301.0,-0.3,ok
4,9,13,20,310.0,X,insider,210.0,375.0,375.0,buyer,0.60606,False,300.7,301.0,-0.3,ok
4,9,14,20,310.0,X,insider,210.0,375.0,375.0,buyer,0.60606,False,300.7,301.0,-0.3,ok
4,9,15,20,310.0,X,insider,210.0,375.0,375.0,buyer,0.60606,False,300.7,301.0,-0.3,ok
4,9,16,20,315.0,X,insider,210.0,375.0,375.0,buyer,0.63636,False,300.7,301.0,-0.3,ok
4,9,17,20,319.0,X,insider,210.0,375.0,375.0,buyer,0.66061,False,300.7,301.0,-0.3,ok
4,9,18,20,320.0,X,insider,210.0,375.0,375.0,buyer,0.66667,False,300.7,301.0,-0.3,ok
4,9,19,20,320.0,X,insider,210.0,375.0,375.0,buyer,0.66667,False,300.7,301.0,-0.3,ok
4,9,20,20,325.0,X,insider,210.0,375.0,375.0,buyer,0.69697,False,300.7,301.0,-0.3,ok
4,10,1,14,150.0,Y,insider,210.0,175.0,210.0,seller,1.71429,True,166.786,167.0,-0.214,ok
4,10,2,14,160.0,Y,insider,210.0,175.0,210.0,seller,1.42857,True,166.786,167.0,-0.214,ok
4,10,3,14,165.0,Y,insider,210.0,175.0,210.0,seller,1.28571,True,166.786,167.0,-0.214,ok
4,10,4,14,165.0,Y,insider,210.0,175.0,210.0,seller,1.28571,True,166.786,167.0,-0.214,ok
4,10,5,14,165.0,Y,insider,210.0,175.0,210.0,seller,1.28571,True,166.786,167.0,-0.214,ok
4,10,6,14,170.0,Y,insider,210.0,175.0,210.0,seller,1.14286,True,166.786,167.0,-0.214,ok
4,10,7,14,170.0,Y,insider,210.0,175.0,210.0,seller,1.14286,True,166.786,167.0,-0.214,ok
4,10,8,14,170.0,Y,insider,210.0,175.0,210.0,seller,1.14286,True,166.786,167.0,-0.214,ok
4,10,9,14,170.0,Y,insider,210.0,175.0,210.0,seller,1.14286,True,166.786,167.0,-0.214,ok
4,10,10,14,170.0,Y,insider,210.0,175.0,210.0,seller,1.14286,True,166.786,167.0,-0.214,ok
4,10,11,14,170.0,Y,insider,210.0,175.0,210.0,seller,1.14286,True,166.786,167.0,-0.214,ok
4,10,12,14,170.0,Y,insider,210.0,175.0,210.0,seller,1.14286,True,166.786,167.0,-0.214,ok
4,10,13,14,170.0,Y,insider,210.0,175.0,210.0,seller,1.14286,True,166.786,167.0,-0.214,ok
4,10,14,14,170.0,Y,insider,210.0,175.0,210.0,seller,1.14286,True,166.786,167.0,-0.214,ok
4,11,1,21,280.0,X,insider,210.0,375.0,375.0,buyer,0.42424,False,323.095,323.0,0.095,ok
4,11,2,21,300.0,X,insider,210.0,375.0,375.0,buyer,0.54545,False,323.095,323.0,0.095,ok
4,11,3,21,300.0,X,insider,210.0,375.0,375.0,buyer,0.54545,False,323.095,323.0,0.095,ok
4,11,4,21,305.0,X,insider,210.0,375.0,375.0,buyer,0.57576,False,323.095,323.0,0.095,ok
4,11,5,21,305.0,X,insider,210.0,375.0,375.0,buyer,0.57576,False,323.095,323.0,0.095,ok
4,11,6,21,305.0,X,insider,210.0,375.0,375.0,buyer,0.57576,False,323.095,323.0,0.095,ok
4,11,7,21,310.0,X,insider,210.0,375.0,375.0,buyer,0.60606,False,323.095,323.0,0.095,ok
4,11,8,21,310.0,X,insider,210.0,375.0,375.0,buyer,0.60606,False,323.095,323.0,0.095,ok
4,11,9,21,310.0,X,insider,210.0,375.0,375.0,buyer,0.60606,False,323.095,323.0,0.095,ok
4,11,10,21,320.0,X,insider,210.0,375.0,375.0,buyer,0.66667,False,323.095,323.0,0.095,ok
4,11,11,21,320.0,X,insider,210.0,375.0,375.0,buyer,0.66667,False,323.095,323.0,0.095,ok
4,11,12,21,320.0,X,insider,210.0,375.0,375.0,buyer,0.66667,False,323.095,323.0,0.095,ok
4,11,13,21,320.0,X,insider,210.0,375.0,375.0,buyer,0.66667,False,323.095,323.0,0.095,ok
4,11,14,21,320.0,X,insider,210.0,375.0,375.0,buyer,0.66667,False,323.095,323.0,0.095,ok
4,11,15,21,325.0,X,insider,210.0,375.0,375.0,buyer,0.69697,False,323.095,323.0,0.095,ok
4,11,16,21,340.0,X,insider,210.0,375.0,375.0,buyer,0.78788,False,323.095,323.0,0.095,ok
4,11,17,21,340.0,X,insider,210.0,375.0,375.0,buyer,0.78788,False,323.095,323.0,0.095,ok
4,11,18,21,350.0,X,insider,210.0,375.0,375.0,buyer,0.84848,False,323.095,323.0,0.095,ok
4,11,19,21,365.0,X,insider,210.0,375.0,375.0,buyer,0.93939,False,323.095,323.0,0.095,ok
4,11,20,21,370.0,X,insider,210.0,375.0,375.0,buyer,0.9697,False,323.095,323.0,0.095,ok
4,11,21,21,370.0,X,insider,210.0,375.0,375.0,buyer,0.9697,False,323.095,323.0,0.095,ok
4,12,1,18,170.0,Y,insider,210.0,175.0,210.0,seller,1.14286,True,171.222,171.0,0.222,ok
4,12,2,18,175.0,Y,insider,210.0,175.0,210.0,seller,1.0,True,171.222,171.0,0.222,ok
4,12,3,18,175.0,Y,insider,210.0,175.0,210.0,seller,1.0,True,171.222,171.0,0.222,ok
4,12,4,18,175.0,Y,insider,210.0,175.0,210.0,seller,1.0,True,171.222,171.0,0.222,ok
4,12,5,18,170.0,Y,insider,210.0,175.0,210.0,seller,1.14286,True,171.222,171.0,0.222,ok
4,12,6,18,170.0,Y,insider,210.0,175.0,210.0,seller,1.14286,True,171.222,171.0,0.222,ok
4,12,7,18,170.0,Y,insider,210.0,175.0,210.0,seller,1.14286,True,171.222,171.0,0.222,ok
4,12,8,18,172.0,Y,insider,210.0,175.0,210.0,seller,1.08571,True,171.222,171.0,0.222,ok
4,12,9,18,170.0,Y,insider,210.0,175.0,210.0,seller,1.14286,True,171.222,171.0,0.222,ok
4,12,10,18,170.0,Y,insider,210.0,175.0,210.0,seller,1.14286,True,171.222,171.0,0.222,ok
4,12,11,18,170.0,Y,insider,210.0,175.0,210.0,seller,1.14286,True,171.222,171.0,0.222,ok
4,12,12,18,170.0,Y,insider,210.0,175.0,210.0,seller,1.14286,True,171.222,171.0,0.222,ok
4,12,13,18,170.0,Y,insider,210.0,175.0,210.0,seller,1.14286,True,171.222,171.0,0.222,ok
4,12,14,18,170.0,Y,insider,210.0,175.0,210.0,seller,1.14286,True,171.222,171.0,0.222,ok
4,12,15,18,175.0,Y,insider,210.0,175.0,210.0,seller,1.0,True,171.222,171.0,0.222,ok
4,12,16,18,170.0,Y,insider,210.0,175.0,210.0,seller,1.14286,True,171.222,171.0,0.222,ok
4,12,17,18,170.0,Y,insider,210.0,175.0,210.0,seller,1.14286,True,171.222,171.0,0.222,ok
4,12,18,18,170.0,Y,insider,210.0,175.0,210.0,seller,1.14286,True,171.222,171.0,0.222,ok
4,13,1,21,310.0,X,insider,210.0,375.0,375.0,buyer,0.60606,False,343.476,344.0,-0.524,ok
4,13,2,21,320.0,X,insider,210.0,375.0,375.0,buyer,0.66667,False,343.476,344.0,-0.524,ok
4,13,3,21,320.0,X,insider,210.0,375.0,375.0,buyer,0.66667,False,343.476,344.0,-0.524,ok
4,13,4,21,325.0,X,insider,210.0,375.0,375.0,buyer,0.69697,False,343.476,344.0,-0.524,ok
4,13,5,21,330.0,X,insider,210.0,375.0,375.0,buyer,0.72727,False,343.476,344.0,-0.524,ok
4,13,6,21,330.0,X,insider,210.0,375.0,375.0,buyer,0.72727,False,343.476,344.0,-0.524,ok
4,13,7,21,330.0,X,insider,210.0,375.0,375.0,buyer,0.72727,False,343.476,344.0,-0.524,ok
4,13,8,21,340.0,X,insider,210.0,375.0,375.0,buyer,0.78788,False,343.476,344.0,-0.524,ok
4,13,9,21,340.0,X,insider,210.0,375.0,375.0,buyer,0.78788,False,343.476,344.0,-0.524,ok
4,13,10,21,340.0,X,insider,210.0,375.0,375.0,buyer,0.78788,False,343.476,344.0,-0.524,ok
4,13,11,21,340.0,X,insider,210.0,375.0,375.0,buyer,0.78788,False,343.476,344.0,-0.524,ok
4,13,12,21,345.0,X,insider,210.0,375.0,375.0,buyer,0.81818,False,343.476,344.0,-0.524,ok
4,13,13,21,345.0,X,insider,210.0,375.0,375.0,buyer,0.81818,False,343.476,344.0,-0.524,ok
4,13,14,21,345.0,X,insider,210.0,375.0,375.0,buyer,0.81818,False,343.476,344.0,-0.524,ok
4,13,15,21,350.0,X,insider,210.0,375.0,375.0,buyer,0.84848,False,343.476,344.0,-0.524,ok
4,13,16,21,360.0,X,insider,210.0,375.0,375.0,buyer,0.90909,False,343.476,344.0,-0.524,ok
4,13,17,21,365.0,X,insider,210.0,375.0,375.0,buyer,0.93939,False,343.476,344.0,-0.524,ok
4,13,18,21,365.0,X,insider,210.0,375.0,375.0,buyer,0.93939,False,343.476,344.0,-0.524,ok
4,13,19,21,370.0,X,insider,210.0,375.0,375.0,buyer,0.9697,False,343.476,344.0,-0.524,ok
4,13,20,21,370.0,X,insider,210.0,375.0,375.0,buyer,0.9697,False,343.476,344.0,-0.524,ok
4,13,21,21,373.0,X,insider,210.0,375.0,375.0,buyer,0.98788,False,343.476,344.0,-0.524,ok
4,14,1,13,170.0,Y,none,210.0,210.0,210.0,,,False,158.846,159.0,-0.154,ok
4,14,2,13,170.0,Y,none,210.0,210.0,210.0,,,False,158.846,159.0,-0.154,ok
4,14,3,13,165.0,Y,none,210.0,210.0,210.0,,,False,158.846,159.0,-0.154,ok
4,14,4,13,165.0,Y,none,210.0,210.0,210.0,,,False,158.846,159.0,-0.154,ok
4,14,5,13,165.0,Y,none,210.0,210.0,210.0,,,False,158.846,159.0,-0.154,ok
4,14,6,13,160.0,Y,none,210.0,210.0,210.0,,,False,158.846,159.0,-0.154,ok
4,14,7,13,155.0,Y,none,210.0,210.0,210.0,,,False,158.846,159.0,-0.154,ok
4,14,8,13,150.0,Y,none,210.0,210.0,210.0,,,False,158.846,159.0,-0.154,ok
4,14,9,13,150.0,Y,none,210.0,210.0,210.0,,,False,158.846,159.0,-0.154,ok
4,14,10,13,155.0,Y,none,210.0,210.0,210.0,,,False,158.846,159.0,-0.154,ok
4,14,11,13,150.0,Y,none,210.0,210.0,210.0,,,False,158.846,159.0,-0.154,ok
4,14,12,13,155.0,Y,none,210.0,210.0,210.0,,,False,158.846,159.0,-0.154,ok
4,14,13,13,155.0,Y,none,210.0,210.0,210.0,,,False,158.846,159.0,-0.154,ok
5,1,1,10,150.0,Z,none,212.5,212.0,212.0,,125.0,False,165.0,165.0,0.0,ok
5,1,2,10,200.0,Z,none,212.5,212.0,212.0,,25.0,False,165.0,165.0,0.0,ok
5,1,3,10,160.0,Z,none,212.5,212.0,212.0,,105.0,False,165.0,165.0,0.0,ok
5,1,4,10,160.0,Z,none,212.5,212.0,212.0,,105.0,False,165.0,165.0,0.0,ok
5,1,5,10,160.0,Z,none,212.5,212.0,212.0,,105.0,False,165.0,165.0,0.0,ok
5,1,6,10,160.0,Z,none,212.5,212.0,212.0,,105.0,False,165.0,165.0,0.0,ok
5,1,7,10,160.0,Z,none,212.5,212.0,212.0,,105.0,False,165.0,165.0,0.0,ok
5,1,8,10,165.0,Z,none,212.5,212.0,212.0,,95.0,False,165.0,165.0,0.0,ok
5,1,9,10,165.0,Z,none,212.5,212.0,212.0,,95.0,False,165.0,165.0,0.0,ok
5,1,10,10,170.0,Z,none,212.5,212.0,212.0,,85.0,False,165.0,165.0,0.0,ok
5,2,1,17,165.0,X,none,212.5,212.0,212.0,,95.0,False,172.353,172.0,0.353,ok
5,2,2,17,165.0,X,none,212.5,212.0,212.0,,95.0,False,172.353,172.0,0.353,ok
5,2,3,17,165.0,X,none,212.5,212.0,212.0,,95.0,False,172.353,172.0,0.353,ok
5,2,4,17,170.0,X,none,212.5,212.0,212.0,,85.0,False,172.353,172.0,0.353,ok
5,2,5,17,170.0,X,none,212.5,212.0,212.0,,85.0,False,172.353,172.0,0.353,ok
5,2,6,17,170.0,X,none,212.5,212.0,212.0,,85.0,False,172.353,172.0,0.353,ok
5,2,7,17,170.0,X,none,212.5,212.0,212.0,,85.0,False,172.353,172.0,0.353,ok
5,2,8,17,175.0,X,none,212.5,212.0,212.0,,75.0,False,172.353,172.0,0.353,ok
5,2,9,17,175.0,X,none,212.5,212.0,212.0,,75.0,False,172.353,172.0,0.353,ok
5,2,10,17,175.0,X,none,212.5,212.0,212.0,,75.0,False,172.353,172.0,0.353,ok
5,2,11,17,175.0,X,none,212.5,212.0,212.0,,75.0,False,172.353,172.0,0.353,ok
5,2,12,17,175.0,X,none,212.5,212.0,212.0,,75.0,False,172.353,172.0,0.353,ok
5,2,13,17,175.0,X,none,212.5,212.0,212.0,,75.0,False,172.353,172.0,0.353,ok
5,2,14,17,175.0,X,none,212.5,212.0,212.0,,75.0,False,172.353,172.0,0.353,ok
5,2,15,17,175.0,X,none,212.5,212.0,212.0,,75.0,False,172.353,172.0,0.353,ok
5,2,16,17,180.0,X,none,212.5,212.0,212.0,,65.0,False,172.353,172.0,0.353,ok
5,2,17,17,175.0,X,none,212.5,212.0,212.0,,75.0,False,172.353,172.0,0.353,ok
5,3,1,18,170.0,Z,none,212.5,212.0,212.0,,85.0,False,174.722,175.0,-0.278,ok
5,3,2,18,175.0,Z,none,212.5,212.0,212.0,,75.0,False,174.722,175.0,-0.278,ok
5,3,3,18,175.0,Z,none,212.5,212.0,212.0,,75.0,False,174.722,175.0,-0.278,ok
5,3,4,18,175.0,Z,none,212.5,212.0,212.0,,75.0,False,174.722,175.0,-0.278,ok
5,3,5,18,175.0,Z,none,212.5,212.0,212.0,,75.0,False,174.722,175.0,-0.278,ok
5,3,6,18,175.0,Z,none,212.5,212.0,212.0,,75.0,False,174.722,175.0,-0.278,ok
5,3,7,18,175.0,Z,none,212.5,212.0,212.0,,75.0,False,174.722,175.0,-0.278,ok
5,3,8,18,175.0,Z,none,212.5,212.0,212.0,,75.0,False,174.722,175.0,-0.278,ok
5,3,9,18,175.0,Z,none,212.5,212.0,212.0,,75.0,False,174.722,175.0,-0.278,ok
5,3,10,18,175.0,Z,none,212.5,212.0,212.0,,75.0,False,174.722,175.0,-0.278,ok
5,3,11,18,175.0,Z,none,212.5,212.0,212.0,,75.0,False,174.722,175.0,-0.278,ok
5,3,12,18,175.0,Z,none,212.5,212.0,212.0,,75.0,False,174.722,175.0,-0.278,ok
5,3,13,18,175.0,Z,none,212.5,212.0,212.0,,75.0,False,174.722,175.0,-0.278,ok
5,3,14,18,175.0,Z,none,212.5,212.0,212.0,,75.0,False,174.722,175.0,-0.278,ok
5,3,15,18,175.0,Z,none,212.5,212.0,212.0,,75.0,False,174.722,175.0,-0.278,ok
5,3,16,18,175.0,Z,none,212.5,212.0,212.0,,75.0,False,174.722,175.0,-0.278,ok
5,3,17,18,175.0,Z,none,212.5,212.0,212.0,,75.0,False,174.722,175.0,-0.278,ok
5,3,18,18,175.0,Z,none,212.5,212.0,212.0,,75.0,False,174.722,175.0,-0.278,ok
5,4,1,15,180.0,X,insider,212.5,180.0,212.0,seller,1.0,True,175.733,176.0,-0.267,ok
5,4,2,15,175.0,X,insider,212.5,180.0,212.0,seller,1.15385,True,175.733,176.0,-0.267,ok
5,4,3,15,175.0,X,insider,212.5,180.0,212.0,seller,1.15385,True,175.733,176.0,-0.267,ok
5,4,4,15,175.0,X,insider,212.5,180.0,212.0,seller,1.15385,True,175.733,176.0,-0.267,ok
5,4,5,15,175.0,X,insider,212.5,180.0,212.0,seller,1.15385,True,175.733,176.0,-0.267,ok
5,4,6,15,175.0,X,insider,212.5,180.0,212.0,seller,1.15385,True,175.733,176.0,-0.267,ok
5,4,7,15,175.0,X,insider,212.5,180.0,212.0,seller,1.15385,True,175.733,176.0,-0.267,ok
5,4,8,15,175.0,X,insider,212.5,180.0,212.0,seller,1.15385,True,175.733,176.0,-0.267,ok
5,4,9,15,175.0,X,insider,212.5,180.0,212.0,seller,1.15385,True,175.733,176.0,-0.267,ok
5,4,10,15,175.0,X,insider,212.5,180.0,212.0,seller,1.15385,True,175.733,176.0,-0.267,ok
5,4,11,15,175.0,X,insider,212.5,180.0,212.0,seller,1.15385,True,175.733,176.0,-0.267,ok
5,4,12,15,175.0,X,insider,212.5,180.0,212.0,seller,1.15385,True,175.733,176.0,-0.267,ok
5,4,13,15,175.0,X,insider,212.5,180.0,212.0,seller,1.15385,True,175.733,176.0,-0.267,ok
5,4,14,15,180.0,X,insider,212.5,180.0,212.0,seller,1.0,True,175.733,176.0,-0.267,ok
5,4,15,15,176.0,X,insider,212.5,180.0,212.0,seller,1.12308,True,175.733,176.0,-0.267,ok
5,5,1,16,175.0,X,insider,212.5,180.0,212.0,seller,1.15385,True,175.0,175.0,0.0,ok
5,5,2,16,175.0,X,insider,212.5,180.0,212.0,seller,1.15385,True,175.0,175.0,0.0,ok
5,5,3,16,175.0,X,insider,212.5,180.0,212.0,seller,1.15385,True,175.0,175.0,0.0,ok
5,5,4,16,175.0,X,insider,212.5,180.0,212.0,seller,1.15385,True,175.0,175.0,0.0,ok
5,5,5,16,175.0,X,insider,212.5,180.0,212.0,seller,1.15385,True,175.0,175.0,0.0,ok
5,5,6,16,175.0,X,insider,212.5,180.0,212.0,seller,1.15385,True,175.0,175.0,0.0,ok
5,5,7,16,175.0,X,insider,212.5,180.0,212.0,seller,1.15385,True,175.0,175.0,0.0,ok
5,5,8,16,175.0,X,insider,212.5,180.0,212.0,seller,1.15385,True,175.0,175.0,0.0,ok
5,5,9,16,175.0,X,insider,212.5,180.0,212.0,seller,1.15385,True,175.0,175.0,0.0,ok
5,5,10,16,175.0,X,insider,212.5,180.0,212.0,seller,1.15385,True,175.0,175.0,0.0,ok
5,5,11,16,175.0,X,insider,212.5,180.0,212.0,seller,1.15385,True,175.0,175.0,0.0,ok
5,5,12,16,175.0,X,insider,212.5,180.0,212.0,seller,1.15385,True,175.0,175.0,0.0,ok
5,5,13,16,175.0,X,insider,212.5,180.0,212.0,seller,1.15385,True,175.0,175.0,0.0,ok
5,5,14,16,175.0,X,insider,212.5,180.0,212.0,seller,1.15385,True,175.0,175.0,0.0,ok
5,5,15,16,175.0,X,insider,212.5,180.0,212.0,seller,1.15385,True,175.0,175.0,0.0,ok
5,5,16,16,175.0,X,insider,212.5,180.0,212.0,seller,1.15385,True,175.0,175.0,0.0,ok
5,6,1,17,175.0,Y,insider,212.5,245.0,245.0,buyer,-1.15385,False,237.059,237.0,0.059,ok
5,6,2,17,200.0,Y,insider,212.5,245.0,245.0,buyer,-0.38462,False,237.059,237.0,0.059,ok
5,6,3,17,250.0,Y,insider,212.5,245.0,245.0,buyer,1.15385,False,237.059,237.0,0.059,ok
5,6,4,17,250.0,Y,insider,212.5,245.0,245.0,buyer,1.15385,False,237.059,237.0,0.059,ok
5,6,5,17,240.0,Y,insider,212.5,245.0,245.0,buyer,0.84615,False,237.059,237.0,0.059,ok
5,6,6,17,240.0,Y,insider,212.5,245.0,245.0,buyer,0.84615,False,237.059,237.0,0.059,ok
5,6,7,17,250.0,Y,insider,212.5,245.0,245.0,buyer,1.15385,False,237.059,237.0,0.059,ok
5,6,8,17,240.0,Y,insider,212.5,245.0,245.0,buyer,0.84615,False,237.059,237.0,0.059,ok
5,6,9,17,240.0,Y,insider,212.5,245.0,245.0,buyer,0.84615,False,237.059,237.0,0.059,ok
5,6,10,17,240.0,Y,insider,212.5,245.0,245.0,buyer,0.84615,False,237.059,237.0,0.059,ok
5,6,11,17,240.0,Y,insider,212.5,245.0,245.0,buyer,0.84615,False,237.059,237.0,0.059,ok
5,6,12,17,240.0,Y,insider,212.5,245.0,245.0,buyer,0.84615,False,237.059,237.0,0.059,ok
5,6,13,17,240.0,Y,insider,212.5,245.0,245.0,buyer,0.84615,False,237.059,237.0,0.059,ok
5,6,14,17,245.0,Y,insider,212.5,245.0,245.0,buyer,1.0,False,237.059,237.0,0.059,ok
5,6,15,17,245.0,Y,insider,212.5,245.0,245.0,buyer,1.0,False,237.059,237.0,0.059,ok
5,6,16,17,245.0,Y,insider,212.5,245.0,245.0,buyer,1.0,False,237.059,237.0,0.059,ok
5,6,17,17,250.0,Y,insider,212.5,245.0,245.0,buyer,1.15385,False,237.059,237.0,0.059,ok
5,7,1,20,175.0,Z,insider,212.5,320.0,320.0,buyer,-0.34884,False,206.25,206.0,0.25,ok
5,7,2,20,170.0,Z,insider,212.5,320.0,320.0,buyer,-0.39535,False,206.25,206.0,0.25,ok
5,7,3,20,175.0,Z,insider,212.5,320.0,320.0,buyer,-0.34884,False,206.25,206.0,0.25,ok
5,7,4,20,190.0,Z,insider,212.5,320.0,320.0,buyer,-0.2093,False,206.25,206.0,0.25,ok
5,7,5,20,185.0,Z,insider,212.5,320.0,320.0,buyer,-0.25581,False,206.25,206.0,0.25,ok
5,7,6,20,195.0,Z,insider,212.5,320.0,320.0,buyer,-0.16279,False,206.25,206.0,0.25,ok
5,7,7,20,195.0,Z,insider,212.5,320.0,320.0,buyer,-0.16279,False,206.25,206.0,0.25,ok
5,7,8,20,190.0,Z,insider,212.5,320.0,320.0,buyer,-0.2093,False,206.25,206.0,0.25,ok
5,7,9,20,200.0,Z,insider,212.5,320.0,320.0,buyer,-0.11628,False,206.25,206.0,0.25,ok
5,7,10,20,200.0,Z,insider,212.5,320.0,320.0,buyer,-0.11628,False,206.25,206.0,0.25,ok
5,7,11,20,200.0,Z,insider,212.5,320.0,320.0,buyer,-0.11628,False,206.25,206.0,0.25,ok
5,7,12,20,200.0,Z,insider,212.5,320.0,320.0,buyer,-0.11628,False,206.25,206.0,0.25,ok
5,7,13,20,205.0,Z,insider,212.5,320.0,320.0,buyer,-0.06977,False,206.25,206.0,0.25,ok
5,7,14,20,200.0,Z,insider,212.5,320.0,320.0,buyer,-0.11628,False,206.25,206.0,0.25,ok
5,7,15,20,210.0,Z,insider,212.5,320.0,320.0,buyer,-0.02326,False,206.25,206.0,0.25,ok
5,7,16,20,220.0,Z,insider,212.5,320.0,320.0,buyer,0.06977,False,206.25,206.0,0.25,ok
5,7,17,20,230.0,Z,insider,212.5,320.0,320.0,buyer,0.16279,False,206.25,206.0,0.25,ok
5,7,18,20,240.0,Z,insider,212.5,320.0,320.0,buyer,0.25581,False,206.25,206.0,0.25,ok
5,7,19,20,270.0,Z,insider,212.5,320.0,320.0,buyer,0.53488,False,206.25,206.0,0.25,ok
5,7,20,20,275.0,Z,insider,212.5,320.0,320.0,buyer,0.5814,False,206.25,206.0,0.25,ok
5,8,1,23,250.0,Z,insider,212.5,320.0,320.0,buyer,0.34884,False,277.391,277.0,0.391,ok
5,8,2,23,250.0,Z,insider,212.5,320.0,320.0,buyer,0.34884,False,277.391,277.0,0.391,ok
5,8,3,23,250.0,Z,insider,212.5,320.0,320.0,buyer,0.34884,False,277.391,277.0,0.391,ok
5,8,4,23,250.0,Z,insider,212.5,320.0,320.0,buyer,0.34884,False,277.391,277.0,0.391,ok
5,8,5,23,260.0,Z,insider,212.5,320.0,320.0,buyer,0.44186,False,277.391,277.0,0.391,ok
5,8,6,23,260.0,Z,insider,212.5,320.0,320.0,buyer,0.44186,False,277.391,277.0,0.391,ok
5,8,7,23,270.0,Z,insider,212.5,320.0,320.0,buyer,0.53488,False,277.391,277.0,0.391,ok
5,8,8,23,275.0,Z,insider,212.5,320.0,320.0,buyer,0.5814,False,277.391,277.0,0.391,ok
5,8,9,23,275.0,Z,insider,212.5,320.0,320.0,buyer,0.5814,False,277.391,277.0,0.391,ok
5,8,10,23,280.0,Z,insider,212.5,320.0,320.0,buyer,0.62791,False,277.391,277.0,0.391,ok
5,8,11,23,280.0,Z,insider,212.5,320.0,320.0,buyer,0.62791,False,277.391,277.0,0.391,ok
5,8,12,23,280.0,Z,insider,212.5,320.0,320.0,buyer,0.62791,False,277.391,277.0,0.391,ok
5,8,13,23,285.0,Z,insider,212.5,320.0,320.0,buyer,0.67442,False,277.391,277.0,0.391,ok
5,8,14,23,285.0,Z,insider,212.5,320.0,320.0,buyer,0.67442,False,277.391,277.0,0.391,ok
5,8,15,23,290.0,Z,insider,212.5,320.0,320.0,buyer,0.72093,False,277.391,277.0,0.391,ok
5,8,16,23,290.0,Z,insider,212.5,320.0,320.0,buyer,0.72093,False,277.391,277.0,0.391,ok
5,8,17,23,290.0,Z,insider,212.5,320.0,320.0,buyer,0.72093,False,277.391,277.0,0.391,ok
5,8,18,23,290.0,Z,insider,212.5,320.0,320.0,buyer,0.72093,False,277.391,277.0,0.391,ok
5,8,19,23,290.0,Z,insider,212.5,320.0,320.0,buyer,0.72093,False,277.391,277.0,0.391,ok
5,8,20,23,295.0,Z,insider,212.5,320.0,320.0,buyer,0.76744,False,277.391,277.0,0.391,ok
5,8,21,23,295.0,Z,insider,212.5,320.0,320.0,buyer,0.76744,False,277.391,277.0,0.391,ok
5,8,22,23,295.0,Z,insider,212.5,320.0,320.0,buyer,0.76744,False,277.391,277.0,0.391,ok
5,8,23,23,295.0,Z,insider,212.5,320.0,320.0,buyer,0.76744,False,277.391,277.0,0.391,ok
5,9,1,21,240.0,Y,insider,212.5,245.0,245.0,buyer,0.84615,False,240.0,240.0,0.0,ok
5,9,2,21,240.0,Y,insider,212.5,245.0,245.0,buyer,0.84615,False,240.0,240.0,0.0,ok
5,9,3,21,250.0,Y,insider,212.5,245.0,245.0,buyer,1.15385,False,240.0,240.0,0.0,ok
5,9,4,21,250.0,Y,insider,212.5,245.0,245.0,buyer,1.15385,False,240.0,240.0,0.0,ok
5,9,5,21,240.0,Y,insider,212.5,245.0,245.0,buyer,0.84615,False,240.0,240.0,0.0,ok
5,9,6,21,240.0,Y,insider,212.5,245.0,245.0,buyer,0.84615,False,240.0,240.0,0.0,ok
5,9,7,21,240.0,Y,insider,212.5,245.0,245.0,buyer,0.84615,False,240.0,240.0,0.0,ok
5,9,8,21,240.0,Y,insider,212.5,245.0,245.0,buyer,0.84615,False,240.0,240.0,0.0,ok
5,9,9,21,240.0,Y,insider,212.5,245.0,245.0,buyer,0.84615,False,240.0,240.0,0.0,ok
5,9,10,21,235.0,Y,insider,212.5,245.0,245.0,buyer,0.69231,False,240.0,240.0,0.0,ok
5,9,11,21,235.0,Y,insider,212.5,245.0,245.0,buyer,0.69231,False,240.0,240.0,0.0,ok
5,9,12,21,235.0,Y,insider,212.5,245.0,245.0,buyer,0.69231,False,240.0,240.0,0.0,ok
5,9,13,21,235.0,Y,insider,212.5,245.0,245.0,buyer,0.69231,False,240.0,240.0,0.0,ok
5,9,14,21,240.0,Y,insider,212.5,245.0,245.0,buyer,0.84615,False,240.0,240.0,0.0,ok
5,9,15,21,240.0,Y,insider,212.5,245.0,245.0,buyer,0.84615,False,240.0,240.0,0.0,ok
5,9,16,21,240.0,Y,insider,212.5,245.0,245.0,buyer,0.84615,False,240.0,240.0,0.0,ok
5,9,17,21,240.0,Y,insider,212.5,245.0,245.0,buyer,0.84615,False,240.0,240.0,0.0,ok
5,9,18,21,240.0,Y,insider,212.5,245.0,245.0,buyer,0.84615,False,240.0,240.0,0.0,ok
5,9,19,21,240.0,Y,insider,212.5,245.0,245.0,buyer,0.84615,False,240.0,240.0,0.0,ok
5,9,20,21,240.0,Y,insider,212.5,245.0,245.0,buyer,0.84615,False,240.0,240.0,0.0,ok
5,9,21,21,240.0,Y,insider,212.5,245.0,245.0,buyer,0.84615,False,240.0,240.0,0.0,ok
5,10,1,20,240.0,Y,insider,212.5,245.0,245.0,buyer,0.84615,False,240.0,240.0,0.0,ok
5,10,2,20,240.0,Y,insider,212.5,245.0,245.0,buyer,0.84615,False,240.0,240.0,0.0,ok
5,10,3,20,240.0,Y,insider,212.5,245.0,245.0,buyer,0.84615,False,240.0,240.0,0.0,ok
5,10,4,20,240.0,Y,insider,212.5,245.0,245.0,buyer,0.84615,False,240.0,240.0,0.0,ok
5,10,5,20,240.0,Y,insider,212.5,245.0,245.0,buyer,0.84615,False,240.0,240.0,0.0,ok
5,10,6,20,240.0,Y,insider,212.5,245.0,245.0,buyer,0.84615,False,240.0,240.0,0.0,ok
5,10,7,20,240.0,Y,insider,212.5,245.0,245.0,buyer,0.84615,False,240.0,240.0,0.0,ok
5,10,8,20,240.0,Y,insider,212.5,245.0,245.0,buyer,0.84615,False,240.0,240.0,0.0,ok
5,10,9,20,240.0,Y,insider,212.5,245.0,245.0,buyer,0.84615,False,240.0,240.0,0.0,ok
5,10,10,20,240.0,Y,insider,212.5,245.0,245.0,buyer,0.84615,False,240.0,240.0,0.0,ok
5,10,11,20,240.0,Y,insider,212.5,245.0,245.0,buyer,0.84615,False,240.0,240.0,0.0,ok
5,10,12,20,240.0,Y,insider,212.5,245.0,245.0,buyer,0.84615,False,240.0,240.0,0.0,ok
5,10,13,20,240.0,Y,insider,212.5,245.0,245.0,buyer,0.84615,False,240.0,240.0,0.0,ok
5,10,14,20,240.0,Y,insider,212.5,245.0,245.0,buyer,0.84615,False,240.0,240.0,0.0,ok
5,10,15,20,240.0,Y,insider,212.5,245.0,245.0,buyer,0.84615,False,240.0,240.0,0.0,ok
5,10,16,20,240.0,Y,insider,212.5,245.0,245.0,buyer,0.84615,False,240.0,240.0,0.0,ok
5,10,17,20,240.0,Y,insider,212.5,245.0,245.0,buyer,0.84615,False,240.0,240.0,0.0,ok
5,10,18,20,240.0,Y,insider,212.5,245.0,245.0,buyer,0.84615,False,240.0,240.0,0.0,ok
5,10,19,20,240.0,Y,insider,212.5,245.0,245.0,buyer,0.84615,False,240.0,240.0,0.0,ok
5,10,20,20,240.0,Y,insider,212.5,245.0,245.0,buyer,0.84615,False,240.0,240.0,0.0,ok
5,11,1,18,210.0,X,insider,212.5,180.0,212.0,seller,0.07692,True,180.333,180.0,0.333,ok
5,11,2,18,210.0,X,insider,212.5,180.0,212.0,seller,0.07692,True,180.333,180.0,0.333,ok
5,11,3,18,200.0,X,insider,212.5,180.0,212.0,seller,0.38462,True,180.333,180.0,0.333,ok
5,11,4,18,175.0,X,insider,212.5,180.0,212.0,seller,1.15385,True,180.333,180.0,0.333,ok
5,11,5,18,175.0,X,insider,212.5,180.0,212.0,seller,1.15385,True,180.333,180.0,0.333,ok
5,11,6,18,175.0,X,insider,212.5,180.0,212.0,seller,1.15385,True,180.333,180.0,0.333,ok
5,11,7,18,175.0,X,insider,212.5,180.0,212.0,seller,1.15385,True,180.333,180.0,0.333,ok
5,11,8,18,175.0,X,insider,212.5,180.0,212.0,seller,1.15385,True,180.333,180.0,0.333,ok
5,11,9,18,175.0,X,insider,212.5,180.0,212.0,seller,1.15385,True,180.333,180.0,0.333,ok
5,11,10,18,175.0,X,insider,212.5,180.0,212.0,seller,1.15385,True,180.333,180.0,0.333,ok
5,11,11,18,175.0,X,insider,212.5,180.0,212.0,seller,1.15385,True,180.333,180.0,0.333,ok
5,11,12,18,175.0,X,insider,212.5,180.0,212.0,seller,1.15385,True,180.333,180.0,0.333,ok
5,11,13,18,175.0,X,insider,212.5,180.0,212.0,seller,1.15385,True,180.333,180.0,0.333,ok
5,11,14,18,175.0,X,insider,212.5,180.0,212.0,seller,1.15385,True,180.333,180.0,0.333,ok
5,11,15,18,175.0,X,insider,212.5,180.0,212.0,seller,1.15385,True,180.333,180.0,0.333,ok
5,11,16,18,175.0,X,insider,212.5,180.0,212.0,seller,1.15385,True,180.333,180.0,0.333,ok
5,11,17,18,175.0,X,insider,212.5,180.0,212.0,seller,1.15385,True,180.333,180.0,0.333,ok
5,11,18,18,176.0,X,insider,212.5,180.0,212.0,seller,1.12308,True,180.333,180.0,0.333,ok
5,12,1,18,240.0,Y,insider,212.5,245.0,245.0,buyer,0.84615,False,240.056,240.0,0.056,ok
5,12,2,18,240.0,Y,insider,212.5,245.0,245.0,buyer,0.84615,False,240.056,240.0,0.056,ok
5,12,3,18,240.0,Y,insider,212.5,245.0,245.0,buyer,0.84615,False,240.056,240.0,0.056,ok
5,12,4,18,240.0,Y,insider,212.5,245.0,245.0,buyer,0.84615,False,240.056,240.0,0.056,ok
5,12,5,18,240.0,Y,insider,212.5,245.0,245.0,buyer,0.84615,False,240.056,240.0,0.056,ok
5,12,6,18,240.0,Y,insider,212.5,245.0,245.0,buyer,0.84615,False,240.056,240.0,0.056,ok
5,12,7,18,240.0,Y,insider,212.5,245.0,245.0,buyer,0.84615,False,240.056,240.0,0.056,ok
5,12,8,18,240.0,Y,insider,212.5,245.0,245.0,buyer,0.84615,False,240.056,240.0,0.056,ok
5,12,9,18,240.0,Y,insider,212.5,245.0,245.0,buyer,0.84615,False,240.056,240.0,0.056,ok
5,12,10,18,240.0,Y,insider,212.5,245.0,245.0,buyer,0.84615,False,240.056,240.0,0.056,ok
5,12,11,18,240.0,Y,insider,212.5,245.0,245.0,buyer,0.84615,False,240.056,240.0,0.056,ok
5,12,12,18,240.0,Y,insider,212.5,245.0,245.0,buyer,0.84615,False,240.056,240.0,0.056,ok
5,12,13,18,241.0,Y,insider,212.5,245.0,245.0,buyer,0.87692,False,240.056,240.0,0.056,ok
5,12,14,18,240.0,Y,insider,212.5,245.0,245.0,buyer,0.84615,False,240.056,240.0,0.056,ok
5,12,15,18,240.0,Y,insider,212.5,245.0,245.0,buyer,0.84615,False,240.056,240.0,0.056,ok
5,12,16,18,240.0,Y,insider,212.5,245.0,245.0,buyer,0.84615,False,240.056,240.0,0.056,ok
5,12,17,18,240.0,Y,insider,212.5,245.0,245.0,buyer,0.84615,False,240.056,240.0,0.056,ok
5,12,18,18,240.0,Y,insider,212.5,245.0,245.0,buyer,0.84615,False,240.056,240.0,0.056,ok
5,13,1,16,285.0,Z,insider,212.5,320.0,320.0,buyer,0.67442,False,295.625,296.0,-0.375,ok
5,13,2,16,285.0,Z,insider,212.5,320.0,320.0,buyer,0.67442,False,295.625,296.0,-0.375,ok
5,13,3,16,290.0,Z,insider,212.5,320.0,320.0,buyer,0.72093,False,295.625,296.0,-0.375,ok
5,13,4,16,290.0,Z,insider,212.5,320.0,320.0,buyer,0.72093,False,295.625,296.0,-0.375,ok
5,13,5,16,290.0,Z,insider,212.5,320.0,320.0,buyer,0.72093,False,295.625,296.0,-0.375,ok
5,13,6,16,290.0,Z,insider,212.5,320.0,320.0,buyer,0.72093,False,295.625,296.0,-0.375,ok
5,13,7,16,295.0,Z,insider,212.5,320.0,320.0,buyer,0.76744,False,295.625,296.0,-0.375,ok
5,13,8,16,295.0,Z,insider,212.5,320.0,320.0,buyer,0.76744,False,295.625,296.0,-0.375,ok
5,13,9,16,290.0,Z,insider,212.5,320.0,320.0,buyer,0.72093,False,295.625,296.0,-0.375,ok
5,13,10,16,295.0,Z,insider,212.5,320.0,320.0,buyer,0.76744,False,295.625,296.0,-0.375,ok
5,13,11,16,295.0,Z,insider,212.5,320.0,320.0,buyer,0.76744,False,295.625,296.0,-0.375,ok
5,13,12,16,300.0,Z,insider,212.5,320.0,320.0,buyer,0.81395,False,295.625,296.0,-0.375,ok
5,13,13,16,300.0,Z,insider,212.5,320.0,320.0,buyer,0.81395,False,295.625,296.0,-0.375,ok
5,13,14,16,300.0,Z,insider,212.5,320.0,320.0,buyer,0.81395,False,295.625,296.0,-0.375,ok
5,13,15,16,315.0,Z,insider,212.5,320.0,320.0,buyer,0.95349,False,295.625,296.0,-0.375,ok
5,13,16,16,315.0,Z,insider,212.5,320.0,320.0,buyer,0.95349,False,295.625,296.0,-0.375,ok
